accuracy,precision,recall
0.721030056476593,0.6686389446258545,0.7447933554649353
0.545064389705658,0.668614387512207,0.7448163032531738
0.6008583903312683,0.6685885787010193,0.7448329925537109
0.7038626670837402,0.6685624122619629,0.7448392510414124
0.4892703890800476,0.6685423254966736,0.7448513507843018
0.7038626670837402,0.6685263514518738,0.7448703646659851
0.7682403326034546,0.6684948801994324,0.7448835372924805
0.6223176121711731,0.6684770584106445,0.7449035048484802
0.6351931095123291,0.6684619188308716,0.7449212074279785
0.5107296109199524,0.6684421300888062,0.744928777217865
0.7596566677093506,0.6684102416038513,0.7449418306350708
0.7081544995307922,0.6683881282806396,0.7449557185173035
0.7982832789421082,0.6683547496795654,0.7449663281440735
0.7038626670837402,0.6683406829833984,0.7449854016304016
0.6351931095123291,0.6683135628700256,0.7450069189071655
0.54935622215271,0.6682738661766052,0.7450172901153564
0.7896995544433594,0.6682430505752563,0.7450392246246338
0.7124463319778442,0.668232798576355,0.7450628280639648
0.6394850015640259,0.6682095527648926,0.7450807094573975
0.7725321650505066,0.6681877374649048,0.745091438293457
0.5278970003128052,0.6681598424911499,0.7451037168502808
0.29184550046920776,0.6681324243545532,0.7451182007789612
0.6394850015640259,0.6680985689163208,0.7451318502426147
0.6695278882980347,0.6680673956871033,0.7451423406600952
0.54935622215271,0.668046772480011,0.7451633214950562
0.5879828333854675,0.6680322885513306,0.7451828122138977
0.45493561029434204,0.6680360436439514,0.7451998591423035
0.45493561029434204,0.6680200695991516,0.745217502117157
0.6695278882980347,0.6679973602294922,0.7452431917190552
0.6609442234039307,0.6679539680480957,0.7452508807182312
