accuracy,precision,recall
0.8497853875160217,0.7082993984222412,0.7227494716644287
0.832617998123169,0.7080988883972168,0.722830593585968
0.8111587762832642,0.7079298496246338,0.7229194641113281
0.6866952776908875,0.7077284455299377,0.723038911819458
0.8497853875160217,0.7074847221374512,0.7231485247612
0.7510729432106018,0.7073111534118652,0.723253607749939
0.8927038908004761,0.7071385979652405,0.7233740091323853
0.8240343332290649,0.7069913148880005,0.7234713435173035
0.8626609444618225,0.7068090438842773,0.723590612411499
0.7682403326034546,0.7065565586090088,0.7236487865447998
0.6952789425849915,0.7063837051391602,0.723770260810852
0.832617998123169,0.7062098979949951,0.7238642573356628
0.8412017226219177,0.7059582471847534,0.7239710092544556
0.7510729432106018,0.705744206905365,0.724098801612854
0.7854077219963074,0.705539345741272,0.7241833209991455
0.8025751113891602,0.705311119556427,0.7243271470069885
0.8412017226219177,0.7050864696502686,0.7244357466697693
0.8969957232475281,0.7049437165260315,0.7245477437973022
0.8626609444618225,0.7047163248062134,0.7246535420417786
0.8412017226219177,0.7045419216156006,0.7247512936592102
0.8412017226219177,0.7043858766555786,0.7248784899711609
0.8240343332290649,0.7042170166969299,0.7249919176101685
0.8154506683349609,0.7040104866027832,0.7250730395317078
0.8669527769088745,0.7038900256156921,0.7251939177513123
0.7982832789421082,0.7037066221237183,0.7252919673919678
0.8412017226219177,0.7035257816314697,0.7253929376602173
0.8412017226219177,0.7033522129058838,0.7255099415779114
0.5836910009384155,0.7031562328338623,0.7256384491920471
0.8111587762832642,0.7029825448989868,0.7257358431816101
0.8111587762832642,0.7028228044509888,0.7258355021476746
