accuracy,precision,recall
0.721030056476593,0.7026481628417969,0.725948691368103
0.7982832789421082,0.7024837732315063,0.7260169982910156
0.7939913868904114,0.7023718953132629,0.7261062860488892
0.725321888923645,0.7021929025650024,0.7262139320373535
0.7639485001564026,0.7020061016082764,0.7263182997703552
0.733905553817749,0.7018446326255798,0.7264324426651001
0.8111587762832642,0.7016867399215698,0.7265411615371704
0.7768240571022034,0.7014974355697632,0.7266174554824829
0.7768240571022034,0.7012851238250732,0.7266862988471985
0.8454935550689697,0.7011312246322632,0.7267922163009644
0.716738224029541,0.7009333968162537,0.7268710136413574
0.7510729432106018,0.7007490396499634,0.726961612701416
0.8197425007820129,0.7005746364593506,0.7270442843437195
0.7939913868904114,0.70042484998703,0.7271350026130676
0.7725321650505066,0.7002699971199036,0.7272223830223083
0.8583691120147705,0.7000836133956909,0.727332353591919
0.8369098901748657,0.6999146342277527,0.7274050116539001
0.6909871101379395,0.6997383832931519,0.727475643157959
0.8154506683349609,0.6995851993560791,0.7275805473327637
0.832617998123169,0.6994420289993286,0.7276797294616699
0.7982832789421082,0.6992732882499695,0.7277564406394958
0.8283261656761169,0.6991010904312134,0.727846622467041
0.8369098901748657,0.6989461183547974,0.7279615998268127
0.6695278882980347,0.6987667083740234,0.7280566692352295
0.7424892783164978,0.6986120939254761,0.7281360626220703
0.5751072764396667,0.6984587907791138,0.7282167673110962
0.6566523313522339,0.6982645988464355,0.7282893657684326
0.7939913868904114,0.6980927586555481,0.728384256362915
0.7896995544433594,0.6978810429573059,0.7284594178199768
0.6909871101379395,0.6977034211158752,0.7285434007644653
