accuracy,precision,recall
0.6652360558509827,0.6881409883499146,0.7331131100654602
0.6008583903312683,0.6880052089691162,0.7332055568695068
0.7682403326034546,0.6878862380981445,0.7332859039306641
0.4849785268306732,0.687745988368988,0.7333369255065918
0.8025751113891602,0.6876204013824463,0.7334177494049072
0.7854077219963074,0.6875485181808472,0.7334882616996765
0.8669527769088745,0.6874529123306274,0.7335683107376099
0.7596566677093506,0.6873195767402649,0.7336038947105408
0.7811158895492554,0.6871840953826904,0.7336879372596741
0.6781116127967834,0.6870445609092712,0.7337729334831238
0.8283261656761169,0.6868945956230164,0.7338564991950989
0.7596566677093506,0.6867736577987671,0.733942449092865
0.8454935550689697,0.6866393089294434,0.7340064644813538
0.6866952776908875,0.6865518093109131,0.7340584993362427
0.7682403326034546,0.6864383220672607,0.734135627746582
0.8068669438362122,0.6862841844558716,0.7341983914375305
0.6523604989051819,0.6861372590065002,0.7342700958251953
0.6824034452438354,0.6860181093215942,0.7343472242355347
0.8154506683349609,0.6858800649642944,0.7344254851341248
0.8111587762832642,0.6857498288154602,0.7344907522201538
0.7381974458694458,0.6856222152709961,0.7345529198646545
0.557939887046814,0.6855003833770752,0.7346270680427551
0.6695278882980347,0.6853660345077515,0.7346959114074707
0.7038626670837402,0.685234546661377,0.7347631454467773
0.6781116127967834,0.6851556897163391,0.7348498106002808
0.6180257797241211,0.6850449442863464,0.7348724603652954
0.6137338876724243,0.6849424839019775,0.7349461913108826
0.540772557258606,0.6848304271697998,0.7350078821182251
0.7467811107635498,0.6846874952316284,0.7350826263427734
0.7038626670837402,0.684593141078949,0.7351769208908081
