accuracy,precision,recall
0.5708154439926147,0.7019773721694946,0.7019748687744141
0.42489269375801086,0.7018918991088867,0.7018893957138062
0.8240343332290649,0.7018581032752991,0.7018555402755737
0.4678111672401428,0.7017942667007446,0.7017916440963745
0.6609442234039307,0.7017728686332703,0.7017703652381897
0.8540772795677185,0.7018054723739624,0.7018028497695923
0.7639485001564026,0.701765775680542,0.7017632722854614
0.6309012770652771,0.7017195820808411,0.7017170190811157
0.721030056476593,0.701680600643158,0.7016780376434326
0.5193132758140564,0.7016570568084717,0.7016546130180359
0.729613721370697,0.7016205191612244,0.7016180157661438
0.6909871101379395,0.7015799283981323,0.701577365398407
0.6695278882980347,0.7015647888183594,0.7015621662139893
0.54935622215271,0.7015367150306702,0.7015342712402344
0.540772557258606,0.701514482498169,0.7015119791030884
0.5836910009384155,0.7015159726142883,0.7015134692192078
0.716738224029541,0.7014602422714233,0.7014576196670532
0.7424892783164978,0.701412558555603,0.7014098763465881
0.557939887046814,0.7013803720474243,0.7013776898384094
0.7896995544433594,0.7013531923294067,0.7013505101203918
0.6137338876724243,0.701293408870697,0.7012907862663269
0.6781116127967834,0.7012602090835571,0.7012574076652527
0.7982832789421082,0.7012406587600708,0.7012377977371216
0.5064377784729004,0.7012069225311279,0.7012041211128235
0.42060086131095886,0.7011817097663879,0.7011789083480835
0.30901288986206055,0.7011467814445496,0.7011439204216003
0.7424892783164978,0.7011390924453735,0.7011361718177795
0.7896995544433594,0.7011275291442871,0.7011246681213379
0.4763948619365692,0.7011120915412903,0.7011091709136963
0.7510729432106018,0.70106440782547,0.701061487197876
