accuracy,precision,recall
0.5064377784729004,0.6999098062515259,0.6999056935310364
0.6995708346366882,0.6999112367630005,0.6999071836471558
0.3648068606853485,0.6999051570892334,0.6999011039733887
0.5708154439926147,0.6999086141586304,0.6999045014381409
0.43347638845443726,0.6999227404594421,0.6999186277389526
0.6781116127967834,0.6999079585075378,0.6999039649963379
0.7467811107635498,0.6999077200889587,0.699903666973114
0.8540772795677185,0.6999111175537109,0.6999069452285767
0.725321888923645,0.699905276298523,0.6999011039733887
0.5922746658325195,0.6999109983444214,0.6999070048332214
0.6566523313522339,0.6999132037162781,0.6999090909957886
0.6480686664581299,0.6999107003211975,0.6999065279960632
0.44206008315086365,0.6999096274375916,0.6999055743217468
0.545064389705658,0.6999220252037048,0.6999178528785706
0.33476394414901733,0.6999315023422241,0.6999274492263794
0.5107296109199524,0.6999245285987854,0.6999202966690063
0.4678111672401428,0.6999175548553467,0.699913501739502
0.540772557258606,0.69990074634552,0.6998966932296753
0.6051502227783203,0.6998922228813171,0.6998881101608276
0.3562231659889221,0.6998944282531738,0.6998903155326843
0.4721029996871948,0.6998961567878723,0.6998920440673828
0.4721029996871948,0.6998848915100098,0.6998807787895203
0.54935622215271,0.6998778581619263,0.6998738050460815
0.7768240571022034,0.6998671293258667,0.699863076210022
0.5665236115455627,0.6998640894889832,0.6998599767684937
0.3476394712924957,0.6998478770256042,0.6998436450958252
0.3519313335418701,0.6998363733291626,0.6998320817947388
0.45064377784729004,0.6998445987701416,0.6998403072357178
0.557939887046814,0.6998302936553955,0.6998261213302612
0.7596566677093506,0.6998151540756226,0.6998108625411987
