kbann,kill,kins,uneducated
0.8451006299599441,0.996221519860671,1.0045161694925122,890.7288013190575
