accuracy,precision,recall
0.7811158895492554,0.7216368913650513,0.7216368913650513
0.8197425007820129,0.703498363494873,0.703498363494873
0.8712446093559265,0.7064972519874573,0.7064972519874573
0.8240343332290649,0.7053388953208923,0.7053388953208923
0.8712446093559265,0.70756995677948,0.70756995677948
0.8626609444618225,0.7066876292228699,0.7066876292228699
0.8798283338546753,0.7106017470359802,0.7106017470359802
0.8669527769088745,0.7122814059257507,0.7122814059257507
0.8712446093559265,0.7104697823524475,0.7104697823524475
0.8626609444618225,0.7098305821418762,0.7098305821418762
0.832617998123169,0.7078195214271545,0.7078195214271545
0.9055793881416321,0.7074407339096069,0.7074407339096069
0.8884119987487793,0.7077759504318237,0.7077759504318237
0.9098712205886841,0.7072458863258362,0.7072458863258362
0.8626609444618225,0.7080275416374207,0.7080275416374207
0.8798283338546753,0.708937406539917,0.708937406539917
0.8798283338546753,0.7088088989257812,0.7088088989257812
0.8669527769088745,0.7081338167190552,0.7081338167190552
0.8669527769088745,0.7096894383430481,0.7096894383430481
0.8712446093559265,0.7102293968200684,0.7102293968200684
0.8583691120147705,0.7103325724601746,0.7103325724601746
0.8798283338546753,0.7093842625617981,0.7093842625617981
0.8154506683349609,0.7085989713668823,0.7085989713668823
0.8454935550689697,0.7085795402526855,0.7085795402526855
0.8454935550689697,0.7093886733055115,0.7093886733055115
0.8755365014076233,0.7098167538642883,0.7098167538642883
0.8369098901748657,0.7101925015449524,0.7101925015449524
0.8626609444618225,0.710033655166626,0.710033655166626
0.8969957232475281,0.7099311351776123,0.7099311351776123
0.8626609444618225,0.7093746066093445,0.7093746066093445
