accuracy,precision,recall
0.7811158895492554,0.7216368913650513,0.7216368913650513
0.8197425007820129,0.703498363494873,0.703498363494873
0.8712446093559265,0.7064972519874573,0.7064972519874573
0.8240343332290649,0.7053148746490479,0.7053148746490479
0.8712446093559265,0.7075529098510742,0.7075529098510742
0.8626609444618225,0.7066733837127686,0.7066733837127686
0.8798283338546753,0.7105895280838013,0.7105895280838013
0.8669527769088745,0.7122707366943359,0.7122707366943359
0.8712446093559265,0.7104603052139282,0.7104603052139282
0.8626609444618225,0.7098220586776733,0.7098220586776733
0.832617998123169,0.707811713218689,0.707811713218689
0.9055793881416321,0.7074336409568787,0.7074336409568787
0.8884119987487793,0.7077693939208984,0.7077693939208984
0.9098712205886841,0.7072397470474243,0.7072397470474243
0.8626609444618225,0.7080361247062683,0.7080361247062683
0.8798283338546753,0.7089453935623169,0.7089453935623169
0.8798283338546753,0.7088163495063782,0.7088163495063782
0.8669527769088745,0.7081409692764282,0.7081409692764282
0.8669527769088745,0.7096961736679077,0.7096961736679077
0.8712446093559265,0.7102358341217041,0.7102358341217041
0.8583691120147705,0.7103386521339417,0.7103386521339417
0.8798283338546753,0.7093900442123413,0.7093900442123413
0.8154506683349609,0.7086044549942017,0.7086044549942017
0.8454935550689697,0.7085848450660706,0.7085848450660706
0.8454935550689697,0.7093938589096069,0.7093938589096069
0.8712446093559265,0.709773600101471,0.709773600101471
0.8369098901748657,0.7101505994796753,0.7101505994796753
0.8626609444618225,0.7099931836128235,0.7099931836128235
0.8969957232475281,0.7098921537399292,0.7098921537399292
0.8626609444618225,0.7093368768692017,0.7093368768692017
