accuracy,precision,recall
0.7896995544433594,0.6640089750289917,0.6640089750289917
0.716738224029541,0.6639640927314758,0.6639640927314758
0.6480686664581299,0.6639611124992371,0.6639611124992371
0.6266094446182251,0.663877546787262,0.663877546787262
0.6394850015640259,0.6637880802154541,0.6637880802154541
0.5836910009384155,0.6637195348739624,0.6637195348739624
0.6180257797241211,0.6636656522750854,0.6636656522750854
0.40772533416748047,0.6637409925460815,0.6637409925460815
0.6738197207450867,0.6636773943901062,0.6636773943901062
0.7038626670837402,0.6637304425239563,0.6637304425239563
0.8454935550689697,0.663789689540863,0.663789689540863
0.5622317790985107,0.6635806560516357,0.6635806560516357
0.3733905553817749,0.6634100079536438,0.6634100079536438
0.5236051678657532,0.6633082032203674,0.6633082032203674
0.6609442234039307,0.6633011102676392,0.6633011102676392
0.6652360558509827,0.6632123589515686,0.6632123589515686
0.725321888923645,0.6631624698638916,0.6631624698638916
0.3948497772216797,0.6630832552909851,0.6630832552909851
0.6824034452438354,0.6629924178123474,0.6629924178123474
0.7768240571022034,0.6630846261978149,0.6630846261978149
0.733905553817749,0.6630668640136719,0.6630668640136719
0.6480686664581299,0.6629981398582458,0.6629981398582458
0.22317597270011902,0.6629686951637268,0.6629686951637268
0.6008583903312683,0.6628962755203247,0.6628962755203247
0.42918455600738525,0.6628572940826416,0.6628572940826416
0.5364806652069092,0.662800133228302,0.662800133228302
0.6952789425849915,0.6628643274307251,0.6628643274307251
0.6695278882980347,0.6628965735435486,0.6628965735435486
0.274678111076355,0.6627789735794067,0.6627789735794067
0.8712446093559265,0.6627585887908936,0.6627585887908936
