accuracy,precision,recall
0.9527897238731384,0.9703853130340576,0.9703853130340576
0.9570815563201904,0.9703618288040161,0.9703618288040161
0.9527897238731384,0.9703545570373535,0.9703545570373535
0.9484978318214417,0.9703391790390015,0.9703391790390015
0.9484978318214417,0.9703189134597778,0.9703189134597778
0.9442059993743896,0.9702869057655334,0.9702869057655334
0.9356223344802856,0.9702587127685547,0.9702587127685547
0.9484978318214417,0.9702402353286743,0.9702402353286743
0.9527897238731384,0.970210611820221,0.970210611820221
0.9527897238731384,0.9701919555664062,0.9701919555664062
0.9484978318214417,0.9701796174049377,0.9701796174049377
0.9527897238731384,0.9701748490333557,0.9701748490333557
0.9442059993743896,0.970172107219696,0.970172107219696
0.9484978318214417,0.9701552987098694,0.9701552987098694
0.9399141669273376,0.9701430797576904,0.9701430797576904
0.9484978318214417,0.9701240062713623,0.9701240062713623
0.9442059993743896,0.9701156616210938,0.9701156616210938
0.9527897238731384,0.9701043367385864,0.9701043367385864
0.9399141669273376,0.9700973033905029,0.9700973033905029
0.9527897238731384,0.970090389251709,0.970090389251709
0.9613733887672424,0.9700782299041748,0.9700782299041748
0.9527897238731384,0.9700701236724854,0.9700701236724854
0.9656652212142944,0.9700374603271484,0.9700374603271484
0.9570815563201904,0.9700360894203186,0.9700360894203186
0.9399141669273376,0.9700251817703247,0.9700251817703247
0.9570815563201904,0.9700088500976562,0.9700088500976562
0.9527897238731384,0.970001757144928,0.970001757144928
0.9527897238731384,0.9699832201004028,0.9699832201004028
0.9442059993743896,0.9699593782424927,0.9699593782424927
0.9442059993743896,0.9699569344520569,0.9699569344520569
