accuracy,precision,recall
0.9613733887672424,0.9695352911949158,0.9695352911949158
0.9442059993743896,0.9695392847061157,0.9695392847061157
0.9442059993743896,0.9695227146148682,0.9695227146148682
0.9570815563201904,0.9694991707801819,0.9694991707801819
0.9527897238731384,0.9694801568984985,0.9694801568984985
0.9399141669273376,0.9694656133651733,0.9694656133651733
0.9442059993743896,0.9694516658782959,0.9694516658782959
0.9527897238731384,0.9694319367408752,0.9694319367408752
0.9570815563201904,0.969416618347168,0.969416618347168
0.9442059993743896,0.9694108963012695,0.9694108963012695
0.9484978318214417,0.9693957567214966,0.9693957567214966
0.9570815563201904,0.96938556432724,0.96938556432724
0.9613733887672424,0.9693694710731506,0.9693694710731506
0.9527897238731384,0.9693543910980225,0.9693543910980225
0.9484978318214417,0.9693479537963867,0.9693479537963867
0.9570815563201904,0.9693405628204346,0.9693405628204346
0.9356223344802856,0.9693357944488525,0.9693357944488525
0.9484978318214417,0.969336748123169,0.969336748123169
0.9527897238731384,0.9693222641944885,0.9693222641944885
0.9484978318214417,0.9693228006362915,0.9693228006362915
0.9442059993743896,0.9693043231964111,0.9693043231964111
0.9527897238731384,0.9692953824996948,0.9692953824996948
0.9442059993743896,0.9692832231521606,0.9692832231521606
0.9399141669273376,0.9692685604095459,0.9692685604095459
0.9527897238731384,0.969264566898346,0.969264566898346
0.9399141669273376,0.9692655205726624,0.9692655205726624
0.9527897238731384,0.969245970249176,0.969245970249176
0.9527897238731384,0.9692356586456299,0.9692356586456299
0.9527897238731384,0.969215452671051,0.969215452671051
0.9527897238731384,0.9691991209983826,0.9691991209983826
