accuracy,precision,recall
0.9527897238731384,0.9687807559967041,0.9687807559967041
0.9656652212142944,0.9687647819519043,0.9687647819519043
0.9442059993743896,0.9687483310699463,0.9687483310699463
0.9613733887672424,0.9687370657920837,0.9687370657920837
0.9570815563201904,0.9687231779098511,0.9687231779098511
0.9442059993743896,0.9687052965164185,0.9687052965164185
0.9570815563201904,0.968685507774353,0.968685507774353
0.9442059993743896,0.9686719179153442,0.9686719179153442
0.9484978318214417,0.9686552286148071,0.9686552286148071
0.9399141669273376,0.9686528444290161,0.9686528444290161
0.9442059993743896,0.9686455726623535,0.9686455726623535
0.9356223344802856,0.9686284065246582,0.9686284065246582
0.9570815563201904,0.9686247706413269,0.9686247706413269
0.9527897238731384,0.9686113595962524,0.9686113595962524
0.9527897238731384,0.9685947895050049,0.9685947895050049
0.9442059993743896,0.9685827493667603,0.9685827493667603
0.9699570536613464,0.9685629606246948,0.9685629606246948
0.9442059993743896,0.9685521721839905,0.9685521721839905
0.9613733887672424,0.9685192704200745,0.9685192704200745
0.9442059993743896,0.9685078263282776,0.9685078263282776
0.9527897238731384,0.9684917330741882,0.9684917330741882
0.9527897238731384,0.9684844613075256,0.9684844613075256
0.9570815563201904,0.968485414981842,0.968485414981842
0.9527897238731384,0.9684702157974243,0.9684702157974243
0.9570815563201904,0.9684449434280396,0.9684449434280396
0.9527897238731384,0.9684452414512634,0.9684452414512634
0.9613733887672424,0.9684324264526367,0.9684324264526367
0.9484978318214417,0.9684193730354309,0.9684193730354309
0.9656652212142944,0.9684146642684937,0.9684146642684937
0.9442059993743896,0.9684019684791565,0.9684019684791565
