accuracy,precision,recall
0.4763948619365692,0.7075044512748718,0.7075044512748718
0.8154506683349609,0.7068403363227844,0.7068403363227844
0.7510729432106018,0.7062443494796753,0.7062443494796753
0.8497853875160217,0.7053318619728088,0.7053318619728088
0.7982832789421082,0.7044140696525574,0.7044140696525574
0.8497853875160217,0.7040919065475464,0.7040919065475464
0.8369098901748657,0.702985942363739,0.702985942363739
0.540772557258606,0.7028735876083374,0.7028735876083374
0.6351931095123291,0.7023773193359375,0.7023773193359375
0.4763948619365692,0.7009958624839783,0.7009958624839783
0.8540772795677185,0.7000887989997864,0.7000887989997864
0.8540772795677185,0.6990127563476562,0.6990127563476562
0.6781116127967834,0.6988540887832642,0.6988540887832642
0.7682403326034546,0.6981544494628906,0.6981544494628906
0.7596566677093506,0.6975722908973694,0.6975722908973694
0.6738197207450867,0.6968070268630981,0.6968070268630981
0.6824034452438354,0.6969469785690308,0.6969469785690308
0.7381974458694458,0.6969006061553955,0.6969006061553955
0.8755365014076233,0.6970215439796448,0.6970215439796448
0.7510729432106018,0.6964849233627319,0.6964849233627319
0.6137338876724243,0.6951679587364197,0.6951679587364197
0.5793991684913635,0.6943807005882263,0.6943807005882263
0.7124463319778442,0.6943448781967163,0.6943448781967163
0.8884119987487793,0.6942105293273926,0.6942105293273926
0.8369098901748657,0.6938653588294983,0.6938653588294983
0.7982832789421082,0.6940709948539734,0.6940709948539734
0.7854077219963074,0.6935797929763794,0.6935797929763794
0.8540772795677185,0.693318784236908,0.693318784236908
0.8154506683349609,0.6929020881652832,0.6929020881652832
0.7596566677093506,0.6924319267272949,0.6924319267272949
