accuracy,precision,recall
0.9399141669273376,0.9439700245857239,0.9439700245857239
0.9399141669273376,0.9446964263916016,0.9446964263916016
0.9313304424285889,0.9454514980316162,0.9454514980316162
0.9313304424285889,0.946087121963501,0.946087121963501
0.9442059993743896,0.9467616081237793,0.9467616081237793
0.9399141669273376,0.9473667740821838,0.9473667740821838
0.9313304424285889,0.9478884935379028,0.9478884935379028
0.9356223344802856,0.9484643936157227,0.9484643936157227
0.9484978318214417,0.9489728212356567,0.9489728212356567
0.9356223344802856,0.9494915008544922,0.9494915008544922
0.9442059993743896,0.9499538540840149,0.9499538540840149
0.9399141669273376,0.9504950642585754,0.9504950642585754
0.9399141669273376,0.950870931148529,0.950870931148529
0.9399141669273376,0.9513274431228638,0.9513274431228638
0.9270386099815369,0.951733410358429,0.951733410358429
0.9313304424285889,0.9521121978759766,0.9521121978759766
0.9270386099815369,0.9524698853492737,0.9524698853492737
0.9399141669273376,0.9528020620346069,0.9528020620346069
0.9442059993743896,0.9531259536743164,0.9531259536743164
0.9270386099815369,0.953394889831543,0.953394889831543
0.9442059993743896,0.9536525011062622,0.9536525011062622
0.9270386099815369,0.953992486000061,0.953992486000061
0.9356223344802856,0.9542774558067322,0.9542774558067322
0.9442059993743896,0.95458984375,0.95458984375
0.9356223344802856,0.9548758268356323,0.9548758268356323
0.9270386099815369,0.9551417827606201,0.9551417827606201
0.9356223344802856,0.9553366899490356,0.9553366899490356
0.9442059993743896,0.9555886387825012,0.9555886387825012
0.9356223344802856,0.9558171629905701,0.9558171629905701
0.9356223344802856,0.9560344219207764,0.9560344219207764
