accuracy,precision,recall
0.9356223344802856,0.9562408924102783,0.9562408924102783
0.9270386099815369,0.956373929977417,0.956373929977417
0.9484978318214417,0.9565197825431824,0.9565197825431824
0.9270386099815369,0.9567557573318481,0.9567557573318481
0.9442059993743896,0.9568690061569214,0.9568690061569214
0.9184549450874329,0.956999659538269,0.956999659538269
0.9399141669273376,0.9571558237075806,0.9571558237075806
0.9442059993743896,0.957349419593811,0.957349419593811
0.9356223344802856,0.9574873447418213,0.9574873447418213
0.9356223344802856,0.957614541053772,0.957614541053772
0.9527897238731384,0.9577960968017578,0.9577960968017578
0.9484978318214417,0.9578818082809448,0.9578818082809448
0.9356223344802856,0.958023190498352,0.958023190498352
0.9356223344802856,0.958083987236023,0.958083987236023
0.9484978318214417,0.9582623243331909,0.9582623243331909
0.9270386099815369,0.958354115486145,0.958354115486145
0.9399141669273376,0.9584568738937378,0.9584568738937378
0.9313304424285889,0.9586008787155151,0.9586008787155151
0.9484978318214417,0.9586634635925293,0.9586634635925293
0.9356223344802856,0.958777129650116,0.958777129650116
0.9270386099815369,0.9588869214057922,0.9588869214057922
0.9356223344802856,0.9589968323707581,0.9589968323707581
0.9442059993743896,0.9591062664985657,0.9591062664985657
0.9270386099815369,0.959196150302887,0.959196150302887
0.9399141669273376,0.9592782258987427,0.9592782258987427
0.9442059993743896,0.9593420028686523,0.9593420028686523
0.9442059993743896,0.9594525694847107,0.9594525694847107
0.9227467775344849,0.9595642685890198,0.9595642685890198
0.9442059993743896,0.9596319198608398,0.9596319198608398
0.9356223344802856,0.9597242474555969,0.9597242474555969
