accuracy,precision,recall
0.9270386099815369,0.9610531330108643,0.9610531330108643
0.9484978318214417,0.9610956907272339,0.9610956907272339
0.9313304424285889,0.9611326456069946,0.9611326456069946
0.9270386099815369,0.9611725807189941,0.9611725807189941
0.9399141669273376,0.9611999988555908,0.9611999988555908
0.9399141669273376,0.9612403512001038,0.9612403512001038
0.9442059993743896,0.9612590074539185,0.9612590074539185
0.9399141669273376,0.9613129496574402,0.9613129496574402
0.9442059993743896,0.9613195061683655,0.9613195061683655
0.9227467775344849,0.9613945484161377,0.9613945484161377
0.9527897238731384,0.9614236354827881,0.9614236354827881
0.9484978318214417,0.9614717960357666,0.9614717960357666
0.9356223344802856,0.9615335464477539,0.9615335464477539
0.9399141669273376,0.9615420699119568,0.9615420699119568
0.9399141669273376,0.9615424871444702,0.9615424871444702
0.9527897238731384,0.9615585803985596,0.9615585803985596
0.9442059993743896,0.961593747138977,0.961593747138977
0.9527897238731384,0.961576521396637,0.961576521396637
0.9399141669273376,0.9615694880485535,0.9615694880485535
0.9442059993743896,0.9615963697433472,0.9615963697433472
0.9356223344802856,0.9615824222564697,0.9615824222564697
0.9484978318214417,0.9615835547447205,0.9615835547447205
0.9442059993743896,0.9616042971611023,0.9616042971611023
0.9227467775344849,0.9616144895553589,0.9616144895553589
0.9484978318214417,0.9615875482559204,0.9615875482559204
0.9313304424285889,0.961595892906189,0.961595892906189
0.9356223344802856,0.961583137512207,0.961583137512207
0.9356223344802856,0.9615699052810669,0.9615699052810669
0.9570815563201904,0.9615330696105957,0.9615330696105957
0.9270386099815369,0.9615585803985596,0.9615585803985596
