accuracy,precision,recall
0.32188841700553894,0.6739418506622314,0.6739418506622314
0.30472102761268616,0.6736291646957397,0.6736291646957397
0.6137338876724243,0.6737716197967529,0.6737716197967529
0.43347638845443726,0.6736370921134949,0.6736370921134949
0.7510729432106018,0.6735421419143677,0.6735421419143677
0.6437768340110779,0.6734689474105835,0.6734689474105835
0.540772557258606,0.6734551191329956,0.6734551191329956
0.729613721370697,0.673332929611206,0.673332929611206
0.45064377784729004,0.6731670498847961,0.6731670498847961
0.45064377784729004,0.6732334494590759,0.6732334494590759
0.6180257797241211,0.6731070280075073,0.6731070280075073
0.7725321650505066,0.6731280088424683,0.6731280088424683
0.725321888923645,0.6731616258621216,0.6731616258621216
0.721030056476593,0.6731574535369873,0.6731574535369873
0.8111587762832642,0.6732827425003052,0.6732827425003052
0.7081544995307922,0.6728826761245728,0.6728826761245728
0.21888412535190582,0.6724279522895813,0.6724279522895813
0.6394850015640259,0.6721864938735962,0.6721864938735962
0.6609442234039307,0.6721236705780029,0.6721236705780029
0.6394850015640259,0.6719287633895874,0.6719287633895874
0.5364806652069092,0.6717961430549622,0.6717961430549622
0.43347638845443726,0.671610951423645,0.671610951423645
0.6566523313522339,0.6714765429496765,0.6714765429496765
0.8111587762832642,0.6717005372047424,0.6717005372047424
0.5665236115455627,0.6716695427894592,0.6716695427894592
0.733905553817749,0.6714361906051636,0.6714361906051636
0.30042919516563416,0.6712765693664551,0.6712765693664551
0.7381974458694458,0.671099066734314,0.671099066734314
0.7467811107635498,0.6708081960678101,0.6708081960678101
0.4763948619365692,0.6705197691917419,0.6705197691917419
