accuracy,precision,recall
0.32188841700553894,0.6739460229873657,0.6739460229873657
0.30472102761268616,0.6736332178115845,0.6736332178115845
0.6137338876724243,0.6737756729125977,0.6737756729125977
0.43347638845443726,0.6736410856246948,0.6736410856246948
0.7510729432106018,0.6735460758209229,0.6735460758209229
0.6437768340110779,0.6734729409217834,0.6734729409217834
0.540772557258606,0.6734590530395508,0.6734590530395508
0.729613721370697,0.6733368039131165,0.6733368039131165
0.45064377784729004,0.6731709837913513,0.6731709837913513
0.45064377784729004,0.6732373237609863,0.6732373237609863
0.6180257797241211,0.673110842704773,0.673110842704773
0.7725321650505066,0.6731318235397339,0.6731318235397339
0.725321888923645,0.6731654405593872,0.6731654405593872
0.721030056476593,0.6731612682342529,0.6731612682342529
0.8111587762832642,0.673286497592926,0.673286497592926
0.7081544995307922,0.6728863716125488,0.6728863716125488
0.21888412535190582,0.6724315881729126,0.6724315881729126
0.6394850015640259,0.672190248966217,0.672190248966217
0.6609442234039307,0.6721274256706238,0.6721274256706238
0.6394850015640259,0.6719323992729187,0.6719323992729187
0.5364806652069092,0.6717998385429382,0.6717998385429382
0.43347638845443726,0.6716146469116211,0.6716146469116211
0.6566523313522339,0.6714800596237183,0.6714800596237183
0.8240343332290649,0.6716909408569336,0.6716909408569336
0.5665236115455627,0.6716601848602295,0.6716601848602295
0.733905553817749,0.6714267730712891,0.6714267730712891
0.30042919516563416,0.6712673306465149,0.6712673306465149
0.7381974458694458,0.6710900664329529,0.6710900664329529
0.7467811107635498,0.6707993745803833,0.6707993745803833
0.4763948619365692,0.6705109477043152,0.6705109477043152
