accuracy,precision,recall
0.9570815563201904,0.9722223877906799,0.9722223877906799
0.9570815563201904,0.972194492816925,0.972194492816925
0.9527897238731384,0.9721923470497131,0.9721923470497131
0.9527897238731384,0.9721770286560059,0.9721770286560059
0.9484978318214417,0.9721694588661194,0.9721694588661194
0.9527897238731384,0.972126841545105,0.972126841545105
0.9442059993743896,0.9720962047576904,0.9720962047576904
0.9527897238731384,0.9720789790153503,0.9720789790153503
0.9442059993743896,0.9720690846443176,0.9720690846443176
0.9442059993743896,0.9720614552497864,0.9720614552497864
0.9570815563201904,0.9720507264137268,0.9720507264137268
0.9570815563201904,0.972015917301178,0.972015917301178
0.9484978318214417,0.9720233082771301,0.9720233082771301
0.9527897238731384,0.9720224738121033,0.9720224738121033
0.9613733887672424,0.9720178246498108,0.9720178246498108
0.9442059993743896,0.9720110893249512,0.9720110893249512
0.9613733887672424,0.9719762802124023,0.9719762802124023
0.9399141669273376,0.9719569087028503,0.9719569087028503
0.9527897238731384,0.9719568490982056,0.9719568490982056
0.9484978318214417,0.9719464182853699,0.9719464182853699
0.9442059993743896,0.9719443917274475,0.9719443917274475
0.9442059993743896,0.9719399213790894,0.9719399213790894
0.9527897238731384,0.9719066619873047,0.9719066619873047
0.9656652212142944,0.9718868732452393,0.9718868732452393
0.9570815563201904,0.9718858003616333,0.9718858003616333
0.9484978318214417,0.9718800783157349,0.9718800783157349
0.9484978318214417,0.9718688726425171,0.9718688726425171
0.9527897238731384,0.9718599319458008,0.9718599319458008
0.9570815563201904,0.9718412160873413,0.9718412160873413
0.9442059993743896,0.971823513507843,0.971823513507843
