accuracy,precision,recall
0.9442059993743896,0.9615523219108582,0.9615523219108582
0.9527897238731384,0.9615501761436462,0.9615501761436462
0.9484978318214417,0.9615520238876343,0.9615520238876343
0.9399141669273376,0.9615442156791687,0.9615442156791687
0.9442059993743896,0.9615371823310852,0.9615371823310852
0.9313304424285889,0.9615160822868347,0.9615160822868347
0.9442059993743896,0.9615093469619751,0.9615093469619751
0.9356223344802856,0.9615343809127808,0.9615343809127808
0.9484978318214417,0.9615176916122437,0.9615176916122437
0.9356223344802856,0.9614886045455933,0.9614886045455933
0.9399141669273376,0.9614914655685425,0.9614914655685425
0.9399141669273376,0.9614954590797424,0.9614954590797424
0.9484978318214417,0.961485743522644,0.961485743522644
0.9484978318214417,0.9614730477333069,0.9614730477333069
0.9527897238731384,0.9614810943603516,0.9614810943603516
0.9399141669273376,0.9614669680595398,0.9614669680595398
0.9527897238731384,0.9614502191543579,0.9614502191543579
0.9356223344802856,0.9614603519439697,0.9614603519439697
0.9399141669273376,0.9614738821983337,0.9614738821983337
0.9442059993743896,0.9614402055740356,0.9614402055740356
0.9356223344802856,0.9614516496658325,0.9614516496658325
0.9270386099815369,0.9614318609237671,0.9614318609237671
0.9399141669273376,0.9614026546478271,0.9614026546478271
0.9399141669273376,0.9614012241363525,0.9614012241363525
0.9484978318214417,0.9614003300666809,0.9614003300666809
0.9484978318214417,0.9613562822341919,0.9613562822341919
0.9484978318214417,0.9613845348358154,0.9613845348358154
0.9270386099815369,0.9614131450653076,0.9614131450653076
0.9442059993743896,0.9614344239234924,0.9614344239234924
0.9313304424285889,0.9614335894584656,0.9614335894584656
