accuracy,precision,recall
0.9313304424285889,0.961091160774231,0.961091160774231
0.9399141669273376,0.9611029028892517,0.9611029028892517
0.9313304424285889,0.9611058831214905,0.9611058831214905
0.9399141669273376,0.961085319519043,0.961085319519043
0.9313304424285889,0.9610809087753296,0.9610809087753296
0.9442059993743896,0.9610626697540283,0.9610626697540283
0.9484978318214417,0.9610596299171448,0.9610596299171448
0.9442059993743896,0.961045503616333,0.961045503616333
0.9442059993743896,0.9610545635223389,0.9610545635223389
0.9313304424285889,0.961017370223999,0.961017370223999
0.9442059993743896,0.960999608039856,0.960999608039856
0.9484978318214417,0.9609839916229248,0.9609839916229248
0.9613733887672424,0.9609608054161072,0.9609608054161072
0.9313304424285889,0.9609301686286926,0.9609301686286926
0.9570815563201904,0.9609345197677612,0.9609345197677612
0.9356223344802856,0.9609276056289673,0.9609276056289673
0.9442059993743896,0.9609242081642151,0.9609242081642151
0.9313304424285889,0.9609152674674988,0.9609152674674988
0.9442059993743896,0.960910439491272,0.960910439491272
0.9484978318214417,0.9608839750289917,0.9608839750289917
0.9356223344802856,0.9608666300773621,0.9608666300773621
0.9484978318214417,0.9608326554298401,0.9608326554298401
0.9356223344802856,0.9608289003372192,0.9608289003372192
0.9442059993743896,0.9608297944068909,0.9608297944068909
0.9399141669273376,0.9608019590377808,0.9608019590377808
0.9399141669273376,0.9608128070831299,0.9608128070831299
0.9356223344802856,0.9608041048049927,0.9608041048049927
0.9356223344802856,0.9608259201049805,0.9608259201049805
0.9442059993743896,0.9608219861984253,0.9608219861984253
0.9527897238731384,0.9608180522918701,0.9608180522918701
