accuracy,precision,recall
0.8927038908004761,0.6404113173484802,0.8217200040817261
0.8669527769088745,0.6208418011665344,0.8114916682243347
0.8969957232475281,0.6219301223754883,0.8160696625709534
0.8454935550689697,0.6125918626785278,0.8217249512672424
0.8841201663017273,0.6144229769706726,0.8226131200790405
0.8626609444618225,0.6177175641059875,0.8264967203140259
0.8927038908004761,0.6194561719894409,0.8275739550590515
0.8969957232475281,0.619382381439209,0.8273093700408936
0.9270386099815369,0.6158429980278015,0.8249348402023315
0.9184549450874329,0.6169782876968384,0.8225752711296082
0.8712446093559265,0.6158784031867981,0.8232812285423279
0.8626609444618225,0.615767240524292,0.8230926394462585
0.8969957232475281,0.6150637269020081,0.8236239552497864
0.8841201663017273,0.6151689887046814,0.8224085569381714
0.8111587762832642,0.6167590022087097,0.8243672251701355
0.8540772795677185,0.6163457632064819,0.8233546614646912
0.9098712205886841,0.6173418760299683,0.8219131827354431
0.7982832789421082,0.6167213320732117,0.8220446109771729
0.9055793881416321,0.6181991100311279,0.8208723664283752
0.8712446093559265,0.6204315423965454,0.8210757374763489
0.8497853875160217,0.6206836104393005,0.8218180537223816
0.8969957232475281,0.6199421286582947,0.8221868872642517
0.8412017226219177,0.6186529994010925,0.8226866722106934
0.8240343332290649,0.6190447807312012,0.8229660391807556
0.8755365014076233,0.6196208000183105,0.8231753706932068
0.8540772795677185,0.6200965642929077,0.8233488202095032
0.8283261656761169,0.6209520101547241,0.8240163326263428
0.8497853875160217,0.6206943392753601,0.8248695135116577
0.8927038908004761,0.6213915944099426,0.8247420787811279
0.8369098901748657,0.6209572553634644,0.8245925903320312
