accuracy,precision,recall
0.9570815563201904,0.8976271152496338,0.9529160857200623
0.9442059993743896,0.901910126209259,0.9560107588768005
0.9313304424285889,0.8993664979934692,0.9558302760124207
0.9399141669273376,0.9002220034599304,0.956896960735321
0.9356223344802856,0.9017294645309448,0.9579544067382812
0.9313304424285889,0.902246356010437,0.95853191614151
0.9442059993743896,0.903473973274231,0.9588613510131836
0.9570815563201904,0.901149332523346,0.9576449990272522
0.9442059993743896,0.9010142087936401,0.9576935768127441
0.9313304424285889,0.9000810384750366,0.9575357437133789
0.9442059993743896,0.9013200402259827,0.9580866098403931
0.9484978318214417,0.8995537757873535,0.9571094512939453
0.9527897238731384,0.8996608257293701,0.9570068120956421
0.9270386099815369,0.8997133374214172,0.9571995735168457
0.9484978318214417,0.8993853330612183,0.9570679664611816
0.9356223344802856,0.8992360234260559,0.9572514891624451
0.9442059993743896,0.8988584876060486,0.9568547010421753
0.9527897238731384,0.898543119430542,0.9570074081420898
0.9484978318214417,0.8993618488311768,0.957161545753479
0.9570815563201904,0.8989493250846863,0.9569799304008484
0.9313304424285889,0.8998827338218689,0.957460880279541
0.9484978318214417,0.8995054960250854,0.9576204419136047
0.9356223344802856,0.8993220925331116,0.9575672745704651
0.9484978318214417,0.8996055126190186,0.957595944404602
0.9442059993743896,0.8997692465782166,0.9577010273933411
0.9527897238731384,0.8998081088066101,0.9575087428092957
0.9399141669273376,0.8999136686325073,0.9577098488807678
0.9313304424285889,0.8999125361442566,0.9577974081039429
0.9442059993743896,0.8997917175292969,0.9575604796409607
0.9527897238731384,0.8994442224502563,0.9573206901550293
