accuracy,precision,recall
0.8798283338546753,0.7591341137886047,0.9177156090736389
0.8755365014076233,0.7586737871170044,0.9176108837127686
0.8497853875160217,0.7582859396934509,0.9174432754516602
0.9356223344802856,0.7579736113548279,0.9173104763031006
0.8969957232475281,0.7576801180839539,0.917202353477478
0.8240343332290649,0.7572652697563171,0.9170584678649902
0.8154506683349609,0.7567598819732666,0.9169537425041199
0.8412017226219177,0.7563052773475647,0.9167933464050293
0.8068669438362122,0.755772590637207,0.916709840297699
0.9098712205886841,0.7554253339767456,0.9165624976158142
0.9184549450874329,0.7551622986793518,0.9164852499961853
0.8969957232475281,0.7549154758453369,0.9163380861282349
0.8712446093559265,0.754431962966919,0.9162043333053589
0.8626609444618225,0.7539111375808716,0.9161050319671631
0.8369098901748657,0.7534367442131042,0.9160019159317017
0.9055793881416321,0.7531039714813232,0.9159184694290161
0.9270386099815369,0.7526756525039673,0.9158028364181519
0.8969957232475281,0.752368688583374,0.9157514572143555
0.8669527769088745,0.7520989179611206,0.9156465530395508
0.8669527769088745,0.7517271041870117,0.9154965877532959
0.8111587762832642,0.7514689564704895,0.9153793454170227
0.8540772795677185,0.7511438727378845,0.9152870178222656
0.8497853875160217,0.750760555267334,0.9151546955108643
0.832617998123169,0.7503290772438049,0.9149801135063171
0.8712446093559265,0.7499825954437256,0.9148582816123962
0.9098712205886841,0.7496243715286255,0.9147632718086243
0.8583691120147705,0.7492716312408447,0.914677619934082
0.8583691120147705,0.7489116787910461,0.9144837260246277
0.8583691120147705,0.7484645247459412,0.9143919348716736
0.8969957232475281,0.7482358813285828,0.914277195930481
