accuracy,precision,recall
0.9570815563201904,0.8989818096160889,0.9572623372077942
0.9313304424285889,0.8974891901016235,0.9567604660987854
0.9184549450874329,0.8969348669052124,0.9565463066101074
0.9570815563201904,0.8964860439300537,0.9565029740333557
0.9570815563201904,0.8959252834320068,0.9563265442848206
0.9313304424285889,0.8955482840538025,0.9562979936599731
0.9313304424285889,0.8943033218383789,0.9558960795402527
0.9484978318214417,0.8935487866401672,0.9557610750198364
0.9356223344802856,0.8926194906234741,0.9554998874664307
0.9184549450874329,0.892328143119812,0.9554832577705383
0.9442059993743896,0.8913090825080872,0.9551799893379211
0.9527897238731384,0.8907156586647034,0.9548360705375671
0.9399141669273376,0.8902400135993958,0.9547398090362549
0.9484978318214417,0.889619767665863,0.954607367515564
0.9442059993743896,0.888974130153656,0.9545392394065857
0.9098712205886841,0.8884605169296265,0.9543159604072571
0.9527897238731384,0.8877341151237488,0.9542223215103149
0.9399141669273376,0.8874685168266296,0.9541206955909729
0.9484978318214417,0.8869156241416931,0.953912615776062
0.9527897238731384,0.8868637681007385,0.9539270401000977
0.9399141669273376,0.8858013153076172,0.9537676572799683
0.9356223344802856,0.8850753307342529,0.9536170959472656
0.9399141669273376,0.8847529292106628,0.953569233417511
0.9442059993743896,0.8844435811042786,0.9535139203071594
0.9527897238731384,0.8841587901115417,0.953300952911377
0.9399141669273376,0.8838791847229004,0.953305721282959
0.9313304424285889,0.8836275339126587,0.9532040953636169
0.9356223344802856,0.8832430243492126,0.9529853463172913
0.9442059993743896,0.8828134536743164,0.9528483152389526
0.9270386099815369,0.8826888203620911,0.9528179168701172
