accuracy,precision,recall
0.9270386099815369,0.8814660906791687,0.9524592161178589
0.9313304424285889,0.8807530403137207,0.9522530436515808
0.9442059993743896,0.8803659677505493,0.9521729350090027
0.9313304424285889,0.8796899914741516,0.951917290687561
0.9442059993743896,0.8790231347084045,0.9518530964851379
0.9313304424285889,0.8781042695045471,0.9515384435653687
0.9399141669273376,0.8772758841514587,0.951350212097168
0.9313304424285889,0.8764851093292236,0.9511494040489197
0.9399141669273376,0.8760196566581726,0.9510233402252197
0.9442059993743896,0.8748388886451721,0.9507014155387878
0.9484978318214417,0.8742241263389587,0.9503777027130127
0.9313304424285889,0.8736242055892944,0.9501572847366333
0.9442059993743896,0.8727832436561584,0.9498781561851501
0.9356223344802856,0.8721223473548889,0.9497588872909546
0.9141631126403809,0.8714675903320312,0.9494919776916504
0.9484978318214417,0.8705522418022156,0.9493029713630676
0.9442059993743896,0.8703157305717468,0.9492002725601196
0.9399141669273376,0.8699209094047546,0.9490178823471069
0.9484978318214417,0.86970454454422,0.9490038752555847
0.9356223344802856,0.8687133193016052,0.9488667249679565
0.9356223344802856,0.8679636716842651,0.9486719369888306
0.9184549450874329,0.8673961162567139,0.9484580755233765
0.9399141669273376,0.8670684099197388,0.9484003186225891
0.9442059993743896,0.8666859865188599,0.9482100605964661
0.9527897238731384,0.8662335276603699,0.9481151103973389
0.9270386099815369,0.8658386468887329,0.947978675365448
0.9356223344802856,0.8652190566062927,0.9478325843811035
0.9313304424285889,0.8646619915962219,0.9476885795593262
0.9098712205886841,0.8642759323120117,0.9475953578948975
0.9313304424285889,0.8638496398925781,0.9473837614059448
