accuracy,precision,recall
0.9141631126403809,0.8631142377853394,0.9471182823181152
0.9442059993743896,0.8625428080558777,0.9470352530479431
0.9356223344802856,0.8617397546768188,0.9467668533325195
0.9442059993743896,0.8611842393875122,0.9466923475265503
0.9313304424285889,0.8602721691131592,0.9464274644851685
0.9313304424285889,0.8594857454299927,0.9463276863098145
0.9270386099815369,0.8586402535438538,0.946100652217865
0.9442059993743896,0.8581289052963257,0.9459724426269531
0.9484978318214417,0.8569966554641724,0.9456152319908142
0.9442059993743896,0.8562948107719421,0.9452669024467468
0.9141631126403809,0.8556957840919495,0.9450098276138306
0.9227467775344849,0.8548376560211182,0.9448169469833374
0.9399141669273376,0.8540187478065491,0.9446550607681274
0.8927038908004761,0.8534024357795715,0.9443856477737427
0.9356223344802856,0.8524872064590454,0.9441574811935425
0.9442059993743896,0.852119505405426,0.9439226388931274
0.9356223344802856,0.8516066074371338,0.9437231421470642
0.9399141669273376,0.8511989116668701,0.943557620048523
0.9356223344802856,0.8499797582626343,0.9433389902114868
0.9141631126403809,0.849154531955719,0.943119466304779
0.8969957232475281,0.8485046625137329,0.9428841471672058
0.9356223344802856,0.8480708599090576,0.9428184032440186
0.9442059993743896,0.8474693298339844,0.9426219463348389
0.9484978318214417,0.8470978736877441,0.9425590634346008
0.9141631126403809,0.846593976020813,0.9424372315406799
0.9227467775344849,0.8458849191665649,0.9422200322151184
0.9399141669273376,0.8453285694122314,0.9419839978218079
0.9270386099815369,0.8449178338050842,0.9418729543685913
0.9184549450874329,0.844390332698822,0.9416051506996155
0.9141631126403809,0.8435651063919067,0.9414582848548889
