accuracy,precision,recall
0.8927038908004761,0.8042880892753601,0.9306817054748535
0.9141631126403809,0.8036706447601318,0.9304859042167664
0.9012875556945801,0.8030036687850952,0.9302871227264404
0.9055793881416321,0.8024210333824158,0.9301594495773315
0.8798283338546753,0.801966667175293,0.9300087094306946
0.9098712205886841,0.8012510538101196,0.929848313331604
0.9184549450874329,0.8007184863090515,0.9296245574951172
0.9055793881416321,0.8000781536102295,0.9294706583023071
0.8712446093559265,0.7995079755783081,0.9293038845062256
0.9141631126403809,0.7987017035484314,0.9291706681251526
0.8927038908004761,0.7980772256851196,0.9288715124130249
0.8969957232475281,0.7972763776779175,0.9288196563720703
0.9227467775344849,0.7969049215316772,0.9286236763000488
0.9184549450874329,0.7965009212493896,0.9284886121749878
0.9270386099815369,0.7960851192474365,0.928273618221283
0.8969957232475281,0.7952841520309448,0.9280686974525452
0.9012875556945801,0.794566810131073,0.9278669357299805
0.9141631126403809,0.7939098477363586,0.9277075529098511
0.9270386099815369,0.7936073541641235,0.9275984764099121
0.9313304424285889,0.7930129170417786,0.92743319272995
0.9313304424285889,0.7926724553108215,0.9273658990859985
0.8884119987487793,0.7922420501708984,0.9271945953369141
0.9098712205886841,0.7915539145469666,0.9270420670509338
0.9227467775344849,0.791089653968811,0.9268780946731567
0.9141631126403809,0.7907075881958008,0.9267933368682861
0.8497853875160217,0.7902336716651917,0.9266397953033447
0.8841201663017273,0.7896271347999573,0.9264742136001587
0.8969957232475281,0.7891401052474976,0.9262996315956116
0.8969957232475281,0.7886016368865967,0.9262221455574036
0.9055793881416321,0.7879574298858643,0.9260783791542053
