accuracy,precision,recall
0.6866952776908875,0.5756165385246277,0.8242899179458618
0.4721029996871948,0.5756269097328186,0.8244400024414062
0.6695278882980347,0.5755844712257385,0.824394166469574
0.4721029996871948,0.5757284164428711,0.8244218826293945
0.6781116127967834,0.5755744576454163,0.8243457674980164
0.553648054599762,0.5756465196609497,0.8242888450622559
0.716738224029541,0.5754091143608093,0.8243048787117004
0.5193132758140564,0.5754756331443787,0.8243231773376465
0.32618024945259094,0.5754501819610596,0.8244835734367371
0.5150214433670044,0.5754186511039734,0.8245458602905273
0.5193132758140564,0.5753283500671387,0.8245828151702881
0.7467811107635498,0.575452446937561,0.8247179388999939
0.8454935550689697,0.5753731727600098,0.8247119784355164
0.6351931095123291,0.5754655003547668,0.8248286843299866
0.32188841700553894,0.5754287242889404,0.8249083757400513
0.43347638845443726,0.5754711627960205,0.8249928951263428
0.6180257797241211,0.5753946304321289,0.8250175714492798
0.5836910009384155,0.5754753351211548,0.8250489830970764
0.7081544995307922,0.5754530429840088,0.8251937627792358
0.6008583903312683,0.5755035877227783,0.8252359628677368
0.5021459460258484,0.5754197835922241,0.8252087831497192
0.6824034452438354,0.5752708911895752,0.8252807259559631
0.721030056476593,0.5752171874046326,0.8252421617507935
0.6824034452438354,0.5752553939819336,0.8252606391906738
0.6738197207450867,0.5753164291381836,0.8253965973854065
0.3776824176311493,0.5752489566802979,0.8253330588340759
0.6781116127967834,0.5752354860305786,0.8254166841506958
0.5021459460258484,0.5751005411148071,0.8252715468406677
0.30472102761268616,0.5749671459197998,0.825288712978363
0.7596566677093506,0.5750101208686829,0.8254227638244629
