accuracy,precision,recall
0.8035714030265808,0.9884718656539917,0.9778406620025635
0.8092105388641357,0.988126277923584,0.9771333336830139
0.8129699230194092,0.9881733059883118,0.9772824645042419
0.8054511547088623,0.9879946708679199,0.9771565794944763
0.7904135584831238,0.9878650903701782,0.9769114255905151
0.8233082890510559,0.9878911375999451,0.9769936800003052
0.8026315569877625,0.9879885315895081,0.9772127866744995
0.8223684430122375,0.9879823327064514,0.9772495031356812
0.8157894611358643,0.9880701899528503,0.9773117303848267
0.8092105388641357,0.9879879951477051,0.9772050380706787
0.7979323267936707,0.987896203994751,0.9771595001220703
0.8374060392379761,0.9878759980201721,0.9771327972412109
0.8157894611358643,0.9879416227340698,0.9771892428398132
0.8101503849029541,0.9879724979400635,0.9772087335586548
0.8129699230194092,0.9879656434059143,0.9771733283996582
0.7904135584831238,0.9879679679870605,0.9771571159362793
0.8139097690582275,0.9880035519599915,0.9772093296051025
0.8082706928253174,0.9880120754241943,0.9772443175315857
0.8101503849029541,0.9879865050315857,0.9772215485572815
0.8139097690582275,0.9879347681999207,0.9771888852119446
0.817669153213501,0.9879724979400635,0.9772009253501892
0.8139097690582275,0.9879873991012573,0.9772210717201233
0.8148496150970459,0.987948477268219,0.9771485924720764
0.8092105388641357,0.9879668951034546,0.9771496057510376
0.8026315569877625,0.987963080406189,0.977084755897522
0.807330846786499,0.9879440069198608,0.9770693778991699
0.8045112490653992,0.9879651069641113,0.9770806431770325
0.8016917109489441,0.9879509210586548,0.9770702123641968
0.7875939607620239,0.9879370331764221,0.9770375490188599
0.8327067494392395,0.9879186153411865,0.9770196080207825
