accuracy,precision,recall
0.5469924807548523,0.9784074425697327,0.952164351940155
0.5328947305679321,0.978363037109375,0.9521068334579468
0.5451127886772156,0.9783603549003601,0.9520243406295776
0.557330846786499,0.9783492088317871,0.951971709728241
0.557330846786499,0.9783048033714294,0.9518828392028809
0.5742481350898743,0.978289783000946,0.9518131017684937
0.5498120188713074,0.9782654047012329,0.9517421722412109
0.5159774422645569,0.9782488346099854,0.9516638517379761
0.5911654233932495,0.9782499670982361,0.9516339302062988
0.5281955003738403,0.9782344698905945,0.9515975713729858
0.5404135584831238,0.9781899452209473,0.9514960050582886
0.5601503849029541,0.9781914949417114,0.9514466524124146
0.5460526347160339,0.9782078862190247,0.9514411687850952
0.5563910007476807,0.9781932830810547,0.9513766169548035
0.5225563645362854,0.978191614151001,0.9512972235679626
0.5037593841552734,0.9781976342201233,0.9512503147125244
0.5723684430122375,0.9781849980354309,0.9512007236480713
0.5065789222717285,0.9781662225723267,0.951196014881134
0.4849624037742615,0.9781571626663208,0.9511299133300781
0.5253759622573853,0.9781477451324463,0.9511210322380066
0.4849624037742615,0.9781411290168762,0.9510987401008606
0.5714285969734192,0.9781270027160645,0.9510461091995239
0.5639097690582275,0.9781136512756348,0.950955331325531
0.6099624037742615,0.9781012535095215,0.9509268403053284
0.5545112490653992,0.978084921836853,0.9509186744689941
0.48778194189071655,0.9780965447425842,0.9509007930755615
0.5422932505607605,0.9780624508857727,0.9508528709411621
0.5827067494392395,0.9780359864234924,0.9507781863212585
0.5601503849029541,0.9780325293540955,0.9507516026496887
0.5,0.9780190587043762,0.9507299065589905
