accuracy,precision,recall
0.9163534045219421,0.9961665868759155,0.9918164610862732
0.9257518649101257,0.9961504936218262,0.9917876124382019
0.9172932505607605,0.9961366057395935,0.9917676448822021
0.9172932505607605,0.9961246252059937,0.9917470216751099
0.9144737124443054,0.9961079955101013,0.9917193055152893
0.9125939607620239,0.9960947632789612,0.9916965365409851
0.9276315569877625,0.9960740208625793,0.9916634559631348
0.9201127886772156,0.9960587620735168,0.9916402101516724
0.9135338068008423,0.9960446953773499,0.9916136264801025
0.9313910007476807,0.9960295557975769,0.991590142250061
0.923872172832489,0.9960148930549622,0.9915663599967957
0.9182330965995789,0.9960010647773743,0.9915430545806885
0.9201127886772156,0.9959897398948669,0.9915226101875305
0.932330846786499,0.9959779381752014,0.991504430770874
0.9163534045219421,0.9959642887115479,0.9914833307266235
0.9163534045219421,0.995954155921936,0.9914600253105164
0.9116541147232056,0.9959406852722168,0.9914382696151733
0.9285714030265808,0.9959321618080139,0.991425096988678
0.9295112490653992,0.9959191679954529,0.9914032220840454
0.9210526347160339,0.9959017634391785,0.991381824016571
0.9144737124443054,0.9958975315093994,0.9913650751113892
0.9201127886772156,0.9958807826042175,0.9913392663002014
0.9304511547088623,0.9958730340003967,0.9913221001625061
0.9360902309417725,0.9958673119544983,0.9913080930709839
0.9248120188713074,0.9958584904670715,0.991287887096405
0.9154135584831238,0.9958455562591553,0.9912688136100769
0.9163534045219421,0.9958348274230957,0.9912483096122742
0.9135338068008423,0.9958235621452332,0.9912314414978027
0.9276315569877625,0.995818555355072,0.9912154078483582
0.9276315569877625,0.99580979347229,0.9912038445472717
