accuracy,precision,recall
0.4642857015132904,0.9776490330696106,0.9496161341667175
0.4849624037742615,0.9776402711868286,0.9496126770973206
0.4934210479259491,0.9776110053062439,0.9495519995689392
0.4934210479259491,0.977609395980835,0.949529767036438
0.4736842215061188,0.9775962829589844,0.9495000243186951
0.46804511547088623,0.9775916934013367,0.9494880437850952
0.5563910007476807,0.9775934815406799,0.9494712948799133
0.5075187683105469,0.9775751829147339,0.9494377374649048
0.5018796920776367,0.9775599241256714,0.9493973851203918
0.5169172883033752,0.977560818195343,0.9493724703788757
0.5253759622573853,0.977567195892334,0.9493516087532043
0.5056390762329102,0.9775628447532654,0.9493376612663269
0.47180449962615967,0.9775583744049072,0.9493092894554138
0.4577067792415619,0.9775647521018982,0.9493091702461243
0.5413534045219421,0.9775584936141968,0.9492899775505066
0.4821428656578064,0.9775555729866028,0.9492735266685486
0.47838345170021057,0.977552056312561,0.9492506384849548
0.5028195381164551,0.977546215057373,0.9492352604866028
0.3909774422645569,0.9775353670120239,0.949225127696991
0.5375939607620239,0.9775362610816956,0.9492135047912598
0.5507518649101257,0.9775232672691345,0.9492038488388062
0.5131579041481018,0.9775139093399048,0.9491819739341736
0.49906015396118164,0.9775145053863525,0.9491828680038452
0.43609023094177246,0.9775106906890869,0.9491857886314392
0.5178571343421936,0.9774846434593201,0.9491239190101624
0.521616518497467,0.9774777889251709,0.9490944147109985
0.5028195381164551,0.9774593114852905,0.9490688443183899
0.47650375962257385,0.977447509765625,0.9490511417388916
0.5056390762329102,0.9774460792541504,0.9490571618080139
0.49436089396476746,0.9774380922317505,0.9490354061126709
