accuracy,precision,recall
0.8486841917037964,0.7868748307228088,0.8012002110481262
0.853383481502533,0.7860879898071289,0.8006616234779358
0.8345864415168762,0.7855477929115295,0.8002371788024902
0.8364661931991577,0.7850973010063171,0.7998501658439636
0.8383458852767944,0.784589946269989,0.7994429469108582
0.8496240377426147,0.7839471101760864,0.7989516258239746
0.8186089992523193,0.7835130095481873,0.7986111640930176
0.8411654233932495,0.7830810546875,0.7982706427574158
0.8421052694320679,0.7826200723648071,0.7978630661964417
0.8242481350898743,0.7820992469787598,0.7974132299423218
0.8336465954780579,0.7816371917724609,0.7970004677772522
0.8223684430122375,0.7812074422836304,0.7966128587722778
0.847744345664978,0.7807127237319946,0.7962204217910767
0.8392857313156128,0.7802393436431885,0.7958316802978516
0.8411654233932495,0.779780387878418,0.7954607009887695
0.8458646535873413,0.7792665362358093,0.7950411438941956
0.8421052694320679,0.7787990570068359,0.7946578860282898
0.8421052694320679,0.7783454656600952,0.7942770719528198
0.8308270573616028,0.7778875827789307,0.793902575969696
0.8402255773544312,0.7772359251976013,0.7934704422950745
0.8411654233932495,0.7768693566322327,0.7931762337684631
0.8486841917037964,0.7764154076576233,0.7927998900413513
0.8289473652839661,0.7759819030761719,0.7923901081085205
0.8327067494392395,0.7755495309829712,0.7920333743095398
0.8430451154708862,0.775115966796875,0.7916674017906189
0.8421052694320679,0.7747138142585754,0.7913299202919006
0.8345864415168762,0.7743936777114868,0.7910856008529663
0.8383458852767944,0.7739270329475403,0.7906795740127563
0.8195488452911377,0.7735595107078552,0.7903872728347778
0.8345864415168762,0.7731820940971375,0.7900750637054443
