accuracy,precision,recall
0.9285714030265808,0.7777619361877441,0.8048592805862427
0.9276315569877625,0.7774342894554138,0.8047491312026978
0.9219924807548523,0.7771099209785461,0.8046609163284302
0.9229323267936707,0.7767153978347778,0.8046237230300903
0.932330846786499,0.7764736413955688,0.8045283555984497
0.9266917109489441,0.7763606309890747,0.8044419884681702
0.9285714030265808,0.7762723565101624,0.804369330406189
0.9285714030265808,0.776077926158905,0.8043087720870972
0.9201127886772156,0.7757620811462402,0.804288387298584
0.9276315569877625,0.7754627466201782,0.8042130470275879
0.9285714030265808,0.7752819061279297,0.8041164875030518
0.932330846786499,0.7752416133880615,0.8040169477462769
0.9285714030265808,0.7750674486160278,0.8039763569831848
0.9285714030265808,0.774955153465271,0.8039644360542297
0.9248120188713074,0.7748210430145264,0.8039409518241882
0.9285714030265808,0.7747776508331299,0.8039110898971558
0.9370300769805908,0.7746259570121765,0.8038369417190552
0.9313910007476807,0.7744834423065186,0.8037616610527039
0.9248120188713074,0.7743406295776367,0.8037431836128235
0.9285714030265808,0.7742776274681091,0.803707480430603
0.9332706928253174,0.7741121649742126,0.8036358952522278
0.9276315569877625,0.7740216255187988,0.8036196231842041
0.9266917109489441,0.7740090489387512,0.8036266565322876
0.9295112490653992,0.773877739906311,0.8035883903503418
0.9351503849029541,0.7738136053085327,0.8035139441490173
0.9276315569877625,0.7737303972244263,0.8034852743148804
0.9285714030265808,0.7737114429473877,0.8034677505493164
0.9313910007476807,0.7735832333564758,0.8034040927886963
0.9257518649101257,0.773453950881958,0.8033881187438965
0.9257518649101257,0.7732541561126709,0.8033324480056763
