accuracy,precision,recall
0.8120300769805908,0.5763371586799622,0.6594035625457764
0.8063910007476807,0.5743950009346008,0.6587060689926147
0.8129699230194092,0.5723662376403809,0.6580851674079895
0.8120300769805908,0.570557713508606,0.6575592756271362
0.8092105388641357,0.568705141544342,0.656842052936554
0.8110902309417725,0.5671346187591553,0.6563231945037842
0.8139097690582275,0.5655016899108887,0.6558361649513245
0.8120300769805908,0.5638079643249512,0.6553568840026855
0.8139097690582275,0.5623416900634766,0.6548236012458801
0.8139097690582275,0.5608660578727722,0.6543188095092773
0.8082706928253174,0.5594850778579712,0.6537961363792419
0.8045112490653992,0.5580575466156006,0.653267502784729
0.8120300769805908,0.5567603707313538,0.6528968214988708
0.8129699230194092,0.5554031133651733,0.6525015830993652
0.8139097690582275,0.5539302229881287,0.6520719528198242
0.8139097690582275,0.5529338717460632,0.6516755819320679
0.8120300769805908,0.551758348941803,0.6512640714645386
0.8120300769805908,0.5506758093833923,0.6508236527442932
0.8120300769805908,0.5493289232254028,0.6503871083259583
0.8129699230194092,0.5482945442199707,0.6499335765838623
0.817669153213501,0.5472448468208313,0.6496105790138245
0.8120300769805908,0.546345055103302,0.6492579579353333
0.8139097690582275,0.5454385280609131,0.6489136815071106
0.8139097690582275,0.5444839596748352,0.6485275030136108
0.8120300769805908,0.543470561504364,0.648197591304779
0.8092105388641357,0.542563796043396,0.6478850245475769
0.8063910007476807,0.541589617729187,0.6475349068641663
0.8139097690582275,0.5407141447067261,0.6472111344337463
0.8129699230194092,0.5399444699287415,0.6469321846961975
0.8054511547088623,0.5390779972076416,0.6465997099876404
