accuracy,precision,recall
0.9172932505607605,0.7724756002426147,0.802796483039856
0.9304511547088623,0.7717780470848083,0.8023099303245544
0.9266917109489441,0.7710772752761841,0.8017896413803101
0.9257518649101257,0.7704217433929443,0.8014329075813293
0.9266917109489441,0.7697047591209412,0.8010153770446777
0.9285714030265808,0.7690823078155518,0.8006300926208496
0.9154135584831238,0.7684548497200012,0.8002129793167114
0.9116541147232056,0.7677710056304932,0.799770176410675
0.9313910007476807,0.7671549320220947,0.7993752956390381
0.9257518649101257,0.7665380239486694,0.7989708781242371
0.9154135584831238,0.766017496585846,0.7986069321632385
0.9144737124443054,0.7654818296432495,0.7982327938079834
0.9257518649101257,0.7649933099746704,0.7979239225387573
0.9295112490653992,0.7644771933555603,0.7976276278495789
0.9219924807548523,0.7640328407287598,0.797370970249176
0.9182330965995789,0.7635712623596191,0.7970597147941589
0.9248120188713074,0.7630910277366638,0.7967151403427124
0.923872172832489,0.7626854181289673,0.7964174747467041
0.9210526347160339,0.7622785568237305,0.7962106466293335
0.9219924807548523,0.7618517279624939,0.7958869338035583
0.9210526347160339,0.7614884376525879,0.7956841588020325
0.9285714030265808,0.7610554099082947,0.7954182624816895
0.9248120188713074,0.7606765627861023,0.7951768040657043
0.9219924807548523,0.7602972984313965,0.7948663830757141
0.923872172832489,0.7599299550056458,0.7946590185165405
0.923872172832489,0.7596045732498169,0.7943982481956482
0.9210526347160339,0.7591536045074463,0.7940958142280579
0.9257518649101257,0.7588604092597961,0.7938416004180908
0.932330846786499,0.7584749460220337,0.793582558631897
0.9229323267936707,0.7580887079238892,0.7933505177497864
