accuracy,precision,recall
0.7998120188713074,0.4473908841609955,0.6718703508377075
0.7537593841552734,0.4472186267375946,0.671661376953125
0.817669153213501,0.4468666911125183,0.6716271042823792
0.7631579041481018,0.44679877161979675,0.6715840101242065
0.8186089992523193,0.44645413756370544,0.6714463233947754
0.8186089992523193,0.446135938167572,0.6714440584182739
0.8186089992523193,0.44575345516204834,0.6712256073951721
0.7556390762329102,0.4458833336830139,0.6712019443511963
0.8186089992523193,0.4455299377441406,0.6711257696151733
0.8186089992523193,0.445213258266449,0.6710566878318787
0.8186089992523193,0.4449191391468048,0.6710219383239746
0.8186089992523193,0.44461244344711304,0.6709499955177307
0.8186089992523193,0.4442764222621918,0.6708621978759766
0.7612782120704651,0.4442276060581207,0.6707757115364075
0.7678571343421936,0.444320946931839,0.6707286834716797
0.8186089992523193,0.44402065873146057,0.6707015633583069
0.7697368264198303,0.44402292370796204,0.6705862283706665
0.8186089992523193,0.443721204996109,0.6705272793769836
0.7640977501869202,0.44371578097343445,0.6705336570739746
0.7650375962257385,0.44365397095680237,0.670433759689331
0.8186089992523193,0.44339895248413086,0.6703185439109802
0.7885338068008423,0.4432810842990875,0.6702880263328552
0.8186089992523193,0.4429623782634735,0.6701400876045227
0.8186089992523193,0.44273847341537476,0.670084536075592
0.7631579041481018,0.4426669180393219,0.6700015068054199
0.7744361162185669,0.4427274167537689,0.6699746251106262
0.8186089992523193,0.44245174527168274,0.6699156165122986
0.8186089992523193,0.44219645857810974,0.6698365211486816
0.8186089992523193,0.4419086277484894,0.6697948575019836
0.7828947305679321,0.4419131577014923,0.6697990298271179
