accuracy,precision,recall
0.9210526347160339,0.8837010860443115,0.8851556777954102
0.9172932505607605,0.8831049799919128,0.8845520615577698
0.9210526347160339,0.8824865818023682,0.8839492797851562
0.9182330965995789,0.8818830847740173,0.8833531737327576
0.9154135584831238,0.8812965750694275,0.8827798366546631
0.9248120188713074,0.880756139755249,0.8822011947631836
0.9210526347160339,0.8801206946372986,0.8815523982048035
0.923872172832489,0.8795511722564697,0.8809693455696106
0.9201127886772156,0.878891110420227,0.8803651332855225
0.9144737124443054,0.8784294128417969,0.8798988461494446
0.9191729426383972,0.8778688311576843,0.8793193697929382
0.9248120188713074,0.8774235248565674,0.8788460493087769
0.9210526347160339,0.8768808245658875,0.878283679485321
0.9229323267936707,0.8763920068740845,0.8777981400489807
0.9210526347160339,0.8758923411369324,0.877323567867279
0.9229323267936707,0.8754127025604248,0.8767669200897217
0.9219924807548523,0.8749958276748657,0.8762744069099426
0.9201127886772156,0.8745034337043762,0.8757900595664978
0.9172932505607605,0.8739744424819946,0.875248908996582
0.9219924807548523,0.8735441565513611,0.8748634457588196
0.9201127886772156,0.8730697631835938,0.8743888735771179
0.9210526347160339,0.8726156949996948,0.8739138841629028
0.9219924807548523,0.872169017791748,0.8734865188598633
0.9248120188713074,0.8718053102493286,0.873100221157074
0.9257518649101257,0.871370792388916,0.8726454973220825
0.9201127886772156,0.8709236979484558,0.8722406625747681
0.9201127886772156,0.8705841898918152,0.8718655705451965
0.923872172832489,0.8702195286750793,0.871461033821106
0.9135338068008423,0.8698309659957886,0.8710834383964539
0.9201127886772156,0.869478702545166,0.8706945180892944
