accuracy,precision,recall
0.8120300769805908,0.5380722880363464,0.6462823152542114
0.8120300769805908,0.5370079874992371,0.6459673047065735
0.8120300769805908,0.5360739827156067,0.6457236409187317
0.8120300769805908,0.5350282788276672,0.6454035043716431
0.8120300769805908,0.5341721773147583,0.6452178359031677
0.8120300769805908,0.5332918167114258,0.6449920535087585
0.8129699230194092,0.5323907136917114,0.6447098255157471
0.8139097690582275,0.5315670967102051,0.6444342136383057
0.8120300769805908,0.5307410955429077,0.6441783905029297
0.8120300769805908,0.5299530029296875,0.6438782215118408
0.8054511547088623,0.5291538834571838,0.6435929536819458
0.8092105388641357,0.528376579284668,0.6433773636817932
0.8120300769805908,0.5275670886039734,0.6431797742843628
0.8129699230194092,0.5267454385757446,0.6429371237754822
0.8139097690582275,0.5261902809143066,0.6427069306373596
0.8120300769805908,0.5254908800125122,0.6424974799156189
0.8120300769805908,0.5248437523841858,0.6422500014305115
0.8120300769805908,0.5240110754966736,0.6419839262962341
0.8139097690582275,0.5233778357505798,0.6417478919029236
0.8139097690582275,0.52274090051651,0.6415591239929199
0.8120300769805908,0.5221419930458069,0.6413841247558594
0.8204887509346008,0.5215615034103394,0.6411910653114319
0.8139097690582275,0.5209307670593262,0.6409764885902405
0.8129699230194092,0.5202582478523254,0.6408153176307678
0.8063910007476807,0.5196717381477356,0.6406262516975403
0.8120300769805908,0.5190752148628235,0.6404159665107727
0.8204887509346008,0.5185109376907349,0.6402014493942261
0.8129699230194092,0.5179862380027771,0.6400620341300964
0.8054511547088623,0.5174272656440735,0.639866292476654
0.8120300769805908,0.5168465375900269,0.6396622657775879
