accuracy,precision,recall
0.9031955003738403,0.8687817454338074,0.8700772523880005
0.9041353464126587,0.8681397438049316,0.8694857358932495
0.8890977501869202,0.8674585223197937,0.8688740730285645
0.9088345766067505,0.8667798042297363,0.8682629466056824
0.8909774422645569,0.8661304712295532,0.8676607012748718
0.8919172883033752,0.8654504418373108,0.8670408129692078
0.9060150384902954,0.8647938370704651,0.8664432764053345
0.8890977501869202,0.8640937805175781,0.8658550977706909
0.8975563645362854,0.8634951710700989,0.8653388619422913
0.905075192451477,0.8628584146499634,0.8647477626800537
0.8947368264198303,0.8622422218322754,0.8642029762268066
0.8975563645362854,0.861603319644928,0.8636351823806763
0.8928571343421936,0.8610113859176636,0.8631190061569214
0.9013158082962036,0.8605042695999146,0.8626693487167358
0.9154135584831238,0.8599342107772827,0.8620971441268921
0.902255654335022,0.8594396114349365,0.8616201877593994
0.8984962701797485,0.8588438630104065,0.8611210584640503
0.9013158082962036,0.8582897782325745,0.8606136441230774
0.9078947305679321,0.8578076362609863,0.8601797223091125
0.893796980381012,0.8572428226470947,0.8596527576446533
0.9060150384902954,0.8567349314689636,0.8591604828834534
0.9013158082962036,0.8561850190162659,0.8586856126785278
0.9060150384902954,0.8557700514793396,0.8582993745803833
0.9013158082962036,0.8552647233009338,0.8578635454177856
0.8862782120704651,0.8547056913375854,0.8573777675628662
0.9097744226455688,0.8543013334274292,0.8570130467414856
0.9107142686843872,0.8538436889648438,0.8565502166748047
0.8947368264198303,0.8533744215965271,0.8561400771141052
0.9060150384902954,0.8529410362243652,0.8557443618774414
0.8881579041481018,0.8524180054664612,0.8552926182746887
