accuracy,precision,recall
0.8167293071746826,0.5161873698234558,0.6394426822662354
0.8120300769805908,0.5156044960021973,0.639281690120697
0.8120300769805908,0.514937162399292,0.6390790343284607
0.8120300769805908,0.5143710970878601,0.638948917388916
0.8120300769805908,0.5137978196144104,0.6388082504272461
0.8139097690582275,0.5132456421852112,0.6386181712150574
0.8120300769805908,0.512718677520752,0.6384290456771851
0.8120300769805908,0.512195885181427,0.6382779479026794
0.8120300769805908,0.5116745233535767,0.6381042003631592
0.8063910007476807,0.5111583471298218,0.6379090547561646
0.8167293071746826,0.51063472032547,0.6377644538879395
0.8167293071746826,0.5101017355918884,0.6376454830169678
0.8157894611358643,0.5095705986022949,0.6374728679656982
0.8139097690582275,0.5091762542724609,0.6373434066772461
0.8120300769805908,0.5087159276008606,0.637195348739624
0.8120300769805908,0.5082843899726868,0.6370081901550293
0.8120300769805908,0.5077085494995117,0.6368403434753418
0.8186089992523193,0.507264256477356,0.6366719007492065
0.8157894611358643,0.5068438053131104,0.6365509033203125
0.8120300769805908,0.5064252018928528,0.6364312767982483
0.8186089992523193,0.5060064792633057,0.6363106966018677
0.8139097690582275,0.5055620670318604,0.636172354221344
0.8129699230194092,0.5051117539405823,0.6360509991645813
0.8063910007476807,0.5047018527984619,0.6359007358551025
0.8120300769805908,0.5042555332183838,0.6357503533363342
0.8204887509346008,0.5038554668426514,0.6355987787246704
0.8139097690582275,0.5034644603729248,0.6354854702949524
0.8063910007476807,0.5030942559242249,0.6353470683097839
0.8167293071746826,0.5026978254318237,0.6352039575576782
0.8233082890510559,0.5023141503334045,0.6350884437561035
