accuracy,precision,recall
0.88345867395401,0.8517362475395203,0.8547203540802002
0.8862782120704651,0.851104736328125,0.8541464805603027
0.8815789222717285,0.8504046201705933,0.8535686135292053
0.8862782120704651,0.8497373461723328,0.8529713153839111
0.8815789222717285,0.8490750789642334,0.8523504137992859
0.8721804618835449,0.8484220504760742,0.8517675995826721
0.8759398460388184,0.8477320075035095,0.8511967658996582
0.8778195381164551,0.8470854759216309,0.8506943583488464
0.8806390762329102,0.8464230298995972,0.8501079678535461
0.88345867395401,0.8457984328269958,0.8495824933052063
0.8825187683105469,0.8451924324035645,0.8490648865699768
0.8853383660316467,0.8445897102355957,0.8485518097877502
0.8825187683105469,0.8440571427345276,0.8481364250183105
0.8759398460388184,0.8434430360794067,0.8475925326347351
0.8787593841552734,0.8429070711135864,0.8471234440803528
0.8806390762329102,0.8423388004302979,0.8466349244117737
0.8815789222717285,0.8417530059814453,0.8461301326751709
0.8853383660316467,0.8412520289421082,0.8456961512565613
0.8853383660316467,0.8406853675842285,0.8451662659645081
0.8778195381164551,0.840151846408844,0.8447105884552002
0.8900375962257385,0.8395895957946777,0.8442292809486389
0.8825187683105469,0.8391217589378357,0.8438122868537903
0.8843985199928284,0.8385715484619141,0.8433526158332825
0.8815789222717285,0.8380601406097412,0.8428925275802612
0.8843985199928284,0.8375649452209473,0.8425174951553345
0.8872180581092834,0.8370718955993652,0.8420882225036621
0.8928571343421936,0.8365898132324219,0.8416913151741028
0.8853383660316467,0.836092472076416,0.8412684202194214
0.88345867395401,0.8356017470359802,0.8408575057983398
0.893796980381012,0.8351693153381348,0.8404722809791565
