accuracy,precision,recall
0.8120300769805908,0.49172472953796387,0.6317550539970398
0.8167293071746826,0.49142909049987793,0.6317041516304016
0.8167293071746826,0.49114692211151123,0.6316390037536621
0.8167293071746826,0.49086660146713257,0.6315407752990723
0.8120300769805908,0.4905921220779419,0.6314181685447693
0.8167293071746826,0.49031537771224976,0.6313409805297852
0.8167293071746826,0.49004554748535156,0.6312411427497864
0.8063910007476807,0.48979079723358154,0.6311416029930115
0.8167293071746826,0.4895095229148865,0.631072998046875
0.8186089992523193,0.489221453666687,0.6310092210769653
0.8167293071746826,0.4889070987701416,0.6309162974357605
0.8186089992523193,0.48869407176971436,0.6308487057685852
0.8120300769805908,0.4884374737739563,0.6307597160339355
0.8167293071746826,0.48819854855537415,0.6306610107421875
0.8167293071746826,0.4878731369972229,0.6305739879608154
0.8186089992523193,0.48762404918670654,0.6304861903190613
0.8139097690582275,0.48740169405937195,0.6304273009300232
0.8167293071746826,0.487157940864563,0.6303501725196838
0.8167293071746826,0.4869058132171631,0.6302803158760071
0.8223684430122375,0.48665931820869446,0.6302053332328796
0.8120300769805908,0.4864262342453003,0.6301422715187073
0.8110902309417725,0.48618781566619873,0.6300628781318665
0.8167293071746826,0.4859311282634735,0.6299800872802734
0.8223684430122375,0.48570626974105835,0.6298936605453491
0.8195488452911377,0.4855048358440399,0.6298333406448364
0.8092105388641357,0.4852830767631531,0.6297582983970642
0.8167293071746826,0.48505306243896484,0.6296648383140564
0.8223684430122375,0.48482295870780945,0.6295822858810425
0.8214285969734192,0.4845764935016632,0.6295074820518494
0.8139097690582275,0.48437702655792236,0.6294443011283875
