accuracy,precision,recall
0.8364661931991577,0.7027039527893066,0.7398449182510376
0.8345864415168762,0.7022724151611328,0.7394055724143982
0.8411654233932495,0.7018443942070007,0.738977313041687
0.8251879811286926,0.7014375925064087,0.7385737895965576
0.8204887509346008,0.7009896636009216,0.7381548881530762
0.8336465954780579,0.7006487250328064,0.7377464175224304
0.8364661931991577,0.7002202272415161,0.7373126149177551
0.8298872113227844,0.699831485748291,0.7369247674942017
0.8543233275413513,0.6994596719741821,0.7365332841873169
0.7969924807548523,0.699019193649292,0.7361190319061279
0.8618420958518982,0.6986891627311707,0.7357772588729858
0.8552631735801697,0.698314905166626,0.7353829741477966
0.8571428656578064,0.6979708075523376,0.7350250482559204
0.8242481350898743,0.6975197792053223,0.7346024513244629
0.8242481350898743,0.697120726108551,0.7342031002044678
0.8345864415168762,0.696731686592102,0.7338403463363647
0.826127827167511,0.6963486671447754,0.7334460020065308
0.8458646535873413,0.6959740519523621,0.7330745458602905
0.8280075192451477,0.6956146359443665,0.7327151298522949
0.8571428656578064,0.695296585559845,0.7323815822601318
0.8468044996261597,0.6949516534805298,0.732038140296936
0.8026315569877625,0.6945573687553406,0.731667160987854
0.8242481350898743,0.6942101120948792,0.7313103079795837
0.8468044996261597,0.6938996315002441,0.730989933013916
0.8421052694320679,0.6935974955558777,0.7306429743766785
0.8289473652839661,0.6932828426361084,0.7302946448326111
0.8270676732063293,0.6929435729980469,0.7299790382385254
0.8609022498130798,0.6926323771476746,0.7296719551086426
0.8627819418907166,0.6923460960388184,0.7293662428855896
0.8421052694320679,0.6919913291931152,0.728992760181427
