accuracy,precision,recall
0.8496240377426147,0.8012711405754089,0.8129981756210327
0.8458646535873413,0.8006687760353088,0.8125336170196533
0.844924807548523,0.8000569939613342,0.812060534954071
0.8280075192451477,0.7995700240135193,0.8116344809532166
0.8458646535873413,0.7990613579750061,0.811219334602356
0.8345864415168762,0.798539936542511,0.8108044862747192
0.8468044996261597,0.7979450225830078,0.8103266358375549
0.8355262875556946,0.7974006533622742,0.8098709583282471
0.8374060392379761,0.7969112396240234,0.8094746470451355
0.8430451154708862,0.7964192628860474,0.8090589046478271
0.8515037298202515,0.795896053314209,0.8086502552032471
0.8439849615097046,0.7954630255699158,0.8082844018936157
0.8374060392379761,0.7949724197387695,0.8078473210334778
0.8374060392379761,0.7945054173469543,0.8074907660484314
0.8411654233932495,0.7940807938575745,0.8071169853210449
0.8458646535873413,0.7935599088668823,0.8066918849945068
0.8392857313156128,0.7931028008460999,0.806304931640625
0.8327067494392395,0.7926722764968872,0.8059359788894653
0.8402255773544312,0.7921713590621948,0.80552077293396
0.8383458852767944,0.7917322516441345,0.8051636219024658
0.8280075192451477,0.7912788391113281,0.8047879934310913
0.8411654233932495,0.7908462285995483,0.8044542074203491
0.8524436354637146,0.790452778339386,0.8041192293167114
0.8270676732063293,0.7900025844573975,0.8037242889404297
0.8383458852767944,0.7895218133926392,0.8033395409584045
0.8458646535873413,0.7891119122505188,0.8030198216438293
0.8402255773544312,0.7886900305747986,0.8026669025421143
0.8486841917037964,0.7883210778236389,0.8023938536643982
0.8383458852767944,0.7878691554069519,0.8020236492156982
0.8195488452911377,0.7874718904495239,0.8016865253448486
