accuracy,precision,recall
0.08583690971136093,0.7234932780265808,0.7234932780265808
0.05150214582681656,0.723666250705719,0.723666250705719
0.03862661123275757,0.7238061428070068,0.7238061428070068
0.08154506236314774,0.7239053845405579,0.7239053845405579
0.06008583679795265,0.7240461707115173,0.7240461707115173
0.04721030220389366,0.7241746783256531,0.7241746783256531
0.02575107291340828,0.7244206070899963,0.7244206070899963
0.09442060440778732,0.7246662974357605,0.7246662974357605
0.06866952776908875,0.7248796820640564,0.7248796820640564
0.09012875705957413,0.7250714898109436,0.7250714898109436
0.06866952776908875,0.7251070737838745,0.7251070737838745
0.10729613900184631,0.7253133654594421,0.7253133654594421
0.055793993175029755,0.7254504561424255,0.7254504561424255
0.055793993175029755,0.7255585193634033,0.7255585193634033
0.1201716735959053,0.725667417049408,0.725667417049408
0.09442060440778732,0.7258346080780029,0.7258346080780029
0.06437768042087555,0.7259061932563782,0.7259061932563782
0.10300429165363312,0.7259089946746826,0.7259089946746826
0.07725322246551514,0.7260125875473022,0.7260125875473022
0.06866952776908875,0.7261692881584167,0.7261692881584167
0.09871244430541992,0.726305365562439,0.726305365562439
0.04721030220389366,0.7264081239700317,0.7264081239700317
0.09871244430541992,0.7265888452529907,0.7265888452529907
0.07296137511730194,0.7265760898590088,0.7265760898590088
0.08154506236314774,0.7265987992286682,0.7265987992286682
0.042918454855680466,0.7266936302185059,0.7266936302185059
0.06437768042087555,0.7268631458282471,0.7268631458282471
0.06866952776908875,0.7270599007606506,0.7270599007606506
0.06437768042087555,0.7271638512611389,0.7271638512611389
0.09012875705957413,0.7273322343826294,0.7273322343826294
