accuracy,precision,recall
0.5021459460258484,0.7753379940986633,0.7753379940986633
0.6909871101379395,0.7748038172721863,0.7748038172721863
0.6051502227783203,0.7742806673049927,0.7742806673049927
0.4678111672401428,0.7737141847610474,0.7737141847610474
0.7424892783164978,0.7731769680976868,0.7731769680976868
0.6566523313522339,0.7725971937179565,0.7725971937179565
0.721030056476593,0.7720822691917419,0.7720822691917419
0.5236051678657532,0.7716794610023499,0.7716794610023499
0.6652360558509827,0.771142303943634,0.771142303943634
0.6180257797241211,0.7706619501113892,0.7706619501113892
0.7510729432106018,0.7701384425163269,0.7701384425163269
0.497854083776474,0.7696880102157593,0.7696880102157593
0.5622317790985107,0.7691362500190735,0.7691362500190735
0.5793991684913635,0.7686379551887512,0.7686379551887512
0.6437768340110779,0.7681239247322083,0.7681239247322083
0.6738197207450867,0.767628014087677,0.767628014087677
0.7467811107635498,0.7670856714248657,0.7670856714248657
0.716738224029541,0.7666261196136475,0.7666261196136475
0.6652360558509827,0.7661691904067993,0.7661691904067993
0.6738197207450867,0.7657185792922974,0.7657185792922974
0.5879828333854675,0.7651690244674683,0.7651690244674683
0.5751072764396667,0.7648345232009888,0.7648345232009888
0.7381974458694458,0.7644482851028442,0.7644482851028442
0.5836910009384155,0.7639816999435425,0.7639816999435425
0.6824034452438354,0.7635231018066406,0.7635231018066406
0.6008583903312683,0.7630420327186584,0.7630420327186584
0.45922747254371643,0.7625088095664978,0.7625088095664978
0.557939887046814,0.762127697467804,0.762127697467804
0.7854077219963074,0.761681854724884,0.761681854724884
0.3862660825252533,0.7610962986946106,0.7610962986946106
