accuracy,precision,recall
0.9055793881416321,0.9152010083198547,0.9152010083198547
0.9313304424285889,0.9134097099304199,0.9134097099304199
0.9141631126403809,0.9120144844055176,0.9120144844055176
0.9141631126403809,0.9108031988143921,0.9108031988143921
0.9184549450874329,0.9090854525566101,0.9090854525566101
0.9313304424285889,0.9077109694480896,0.9077109694480896
0.9141631126403809,0.906699001789093,0.906699001789093
0.9356223344802856,0.9053865075111389,0.9053865075111389
0.9270386099815369,0.903874397277832,0.903874397277832
0.9399141669273376,0.9027084708213806,0.9027084708213806
0.9184549450874329,0.9015811681747437,0.9015811681747437
0.9098712205886841,0.9000222682952881,0.9000222682952881
0.9270386099815369,0.8990055918693542,0.8990055918693542
0.9184549450874329,0.8975900411605835,0.8975900411605835
0.8969957232475281,0.8962675333023071,0.8962675333023071
0.9356223344802856,0.8952699899673462,0.8952699899673462
0.9141631126403809,0.894332230091095,0.894332230091095
0.9184549450874329,0.8929758071899414,0.8929758071899414
0.9442059993743896,0.8921309113502502,0.8921309113502502
0.9141631126403809,0.8912493586540222,0.8912493586540222
0.9527897238731384,0.8901493549346924,0.8901493549346924
0.9055793881416321,0.8888903856277466,0.8888903856277466
0.9270386099815369,0.8877747654914856,0.8877747654914856
0.8841201663017273,0.8867782950401306,0.8867782950401306
0.9270386099815369,0.8858200907707214,0.8858200907707214
0.9399141669273376,0.8849076628684998,0.8849076628684998
0.9356223344802856,0.8841580748558044,0.8841580748558044
0.9442059993743896,0.8831038475036621,0.8831038475036621
0.9227467775344849,0.88221275806427,0.88221275806427
0.9227467775344849,0.8813751339912415,0.8813751339912415
