accuracy,precision,recall
0.9012875556945801,0.8798174858093262,0.8798174858093262
0.9098712205886841,0.8785989880561829,0.8785989880561829
0.9012875556945801,0.8771906495094299,0.8771906495094299
0.8884119987487793,0.8758228421211243,0.8758228421211243
0.9184549450874329,0.8744751811027527,0.8744751811027527
0.9184549450874329,0.8733595013618469,0.8733595013618469
0.8884119987487793,0.8721035718917847,0.8721035718917847
0.9098712205886841,0.8708513975143433,0.8708513975143433
0.8927038908004761,0.8698209524154663,0.8698209524154663
0.8798283338546753,0.8687297105789185,0.8687297105789185
0.8712446093559265,0.8670297861099243,0.8670297861099243
0.9184549450874329,0.8658644556999207,0.8658644556999207
0.9098712205886841,0.8645739555358887,0.8645739555358887
0.8626609444618225,0.8633041977882385,0.8633041977882385
0.9055793881416321,0.8622145652770996,0.8622145652770996
0.9055793881416321,0.861302375793457,0.861302375793457
0.9184549450874329,0.8599727153778076,0.8599727153778076
0.9141631126403809,0.8590659499168396,0.8590659499168396
0.9055793881416321,0.8582249283790588,0.8582249283790588
0.8927038908004761,0.8570047616958618,0.8570047616958618
0.8884119987487793,0.8558003902435303,0.8558003902435303
0.9141631126403809,0.8547531366348267,0.8547531366348267
0.8798283338546753,0.8538715839385986,0.8538715839385986
0.8927038908004761,0.8528960943222046,0.8528960943222046
0.9055793881416321,0.8518202304840088,0.8518202304840088
0.8927038908004761,0.8508611917495728,0.8508611917495728
0.8927038908004761,0.8498069047927856,0.8498069047927856
0.9012875556945801,0.8490430116653442,0.8490430116653442
0.8841201663017273,0.8481282591819763,0.8481282591819763
0.9098712205886841,0.8474577069282532,0.8474577069282532
