accuracy,precision,recall
0.8927038908004761,0.8462868928909302,0.8462868928909302
0.8884119987487793,0.8448549509048462,0.8448549509048462
0.8626609444618225,0.8435871601104736,0.8435871601104736
0.8626609444618225,0.8422943949699402,0.8422943949699402
0.8454935550689697,0.8408890962600708,0.8408890962600708
0.8454935550689697,0.839614987373352,0.839614987373352
0.8798283338546753,0.8382517695426941,0.8382517695426941
0.8197425007820129,0.837144136428833,0.837144136428833
0.8283261656761169,0.8362394571304321,0.8362394571304321
0.7768240571022034,0.8347049355506897,0.8347049355506897
0.8497853875160217,0.8334639668464661,0.8334639668464661
0.8025751113891602,0.8322941064834595,0.8322941064834595
0.8283261656761169,0.8311465382575989,0.8311465382575989
0.8540772795677185,0.8301144242286682,0.8301144242286682
0.8583691120147705,0.8291153311729431,0.8291153311729431
0.8798283338546753,0.8278507590293884,0.8278507590293884
0.8583691120147705,0.8270423412322998,0.8270423412322998
0.8884119987487793,0.82610023021698,0.82610023021698
0.7939913868904114,0.8250077962875366,0.8250077962875366
0.8454935550689697,0.8238558769226074,0.8238558769226074
0.9141631126403809,0.8227211236953735,0.8227211236953735
0.8540772795677185,0.8217872977256775,0.8217872977256775
0.8755365014076233,0.8207026720046997,0.8207026720046997
0.8712446093559265,0.8198100924491882,0.8198100924491882
0.8755365014076233,0.8187863230705261,0.8187863230705261
0.8969957232475281,0.8177036643028259,0.8177036643028259
0.8068669438362122,0.8168214559555054,0.8168214559555054
0.8197425007820129,0.8157086372375488,0.8157086372375488
0.8068669438362122,0.8148369193077087,0.8148369193077087
0.8412017226219177,0.8141654133796692,0.8141654133796692
