accuracy,precision,recall
0.8927038908004761,0.8417859673500061,0.8417859673500061
0.832617998123169,0.8410861492156982,0.8410861492156982
0.8626609444618225,0.8404256105422974,0.8404256105422974
0.8626609444618225,0.8397753238677979,0.8397753238677979
0.832617998123169,0.8392759561538696,0.8392759561538696
0.8540772795677185,0.8387797474861145,0.8387797474861145
0.7854077219963074,0.8379322290420532,0.8379322290420532
0.8669527769088745,0.8372302651405334,0.8372302651405334
0.8884119987487793,0.8365374207496643,0.8365374207496643
0.8025751113891602,0.8358340263366699,0.8358340263366699
0.8884119987487793,0.8352420926094055,0.8352420926094055
0.8540772795677185,0.8347489833831787,0.8347489833831787
0.8841201663017273,0.8340208530426025,0.8340208530426025
0.8927038908004761,0.8335815668106079,0.8335815668106079
0.8927038908004761,0.8330395817756653,0.8330395817756653
0.8197425007820129,0.8324097394943237,0.8324097394943237
0.8497853875160217,0.8317321538925171,0.8317321538925171
0.9012875556945801,0.8310795426368713,0.8310795426368713
0.8798283338546753,0.8305537700653076,0.8305537700653076
0.8927038908004761,0.8299192190170288,0.8299192190170288
0.8497853875160217,0.8294066786766052,0.8294066786766052
0.8969957232475281,0.8288294076919556,0.8288294076919556
0.8798283338546753,0.8281632661819458,0.8281632661819458
0.8283261656761169,0.8276770114898682,0.8276770114898682
0.8283261656761169,0.8270849585533142,0.8270849585533142
0.8884119987487793,0.8265764713287354,0.8265764713287354
0.9012875556945801,0.8261916041374207,0.8261916041374207
0.8369098901748657,0.8256767988204956,0.8256767988204956
0.9227467775344849,0.8251994848251343,0.8251994848251343
0.8755365014076233,0.8245947360992432,0.8245947360992432
