accuracy,precision,recall
0.8755365014076233,0.8239441514015198,0.8239441514015198
0.8412017226219177,0.8233241438865662,0.8233241438865662
0.8025751113891602,0.8226720094680786,0.8226720094680786
0.8025751113891602,0.8221197724342346,0.8221197724342346
0.832617998123169,0.8216277956962585,0.8216277956962585
0.7081544995307922,0.8208110928535461,0.8208110928535461
0.8454935550689697,0.8201871514320374,0.8201871514320374
0.7596566677093506,0.8195945024490356,0.8195945024490356
0.7982832789421082,0.8190181255340576,0.8190181255340576
0.8412017226219177,0.8184410333633423,0.8184410333633423
0.8669527769088745,0.8178892135620117,0.8178892135620117
0.8497853875160217,0.8172034621238708,0.8172034621238708
0.8798283338546753,0.8167663812637329,0.8167663812637329
0.8154506683349609,0.8162640333175659,0.8162640333175659
0.7939913868904114,0.815696120262146,0.815696120262146
0.7725321650505066,0.8150293827056885,0.8150293827056885
0.8884119987487793,0.8144014477729797,0.8144014477729797
0.8412017226219177,0.813897967338562,0.813897967338562
0.8798283338546753,0.8132926225662231,0.8132926225662231
0.8497853875160217,0.8128084540367126,0.8128084540367126
0.8669527769088745,0.8122208118438721,0.8122208118438721
0.8369098901748657,0.811564564704895,0.811564564704895
0.7553648352622986,0.8110252618789673,0.8110252618789673
0.7939913868904114,0.8104087114334106,0.8104087114334106
0.8583691120147705,0.8099258542060852,0.8099258542060852
0.8412017226219177,0.8095423579216003,0.8095423579216003
0.8111587762832642,0.8090563416481018,0.8090563416481018
0.8927038908004761,0.8085329532623291,0.8085329532623291
0.7725321650505066,0.807897686958313,0.807897686958313
0.8283261656761169,0.8073290586471558,0.8073290586471558
