accuracy,precision,recall
0.11158798635005951,0.7366238236427307,0.7366238236427307
0.18884120881557465,0.736138641834259,0.736138641834259
0.11158798635005951,0.7358695864677429,0.7358695864677429
0.17596566677093506,0.7353940606117249,0.7353940606117249
0.18884120881557465,0.7351119518280029,0.7351119518280029
0.19313304126262665,0.7346866130828857,0.7346866130828857
0.16738197207450867,0.7343689799308777,0.7343689799308777
0.15021459758281708,0.7339503765106201,0.7339503765106201
0.11158798635005951,0.7336490750312805,0.7336490750312805
0.19313304126262665,0.7332767844200134,0.7332767844200134
0.2360514998435974,0.7329102158546448,0.7329102158546448
0.16738197207450867,0.7325277328491211,0.7325277328491211
0.16309012472629547,0.7320941686630249,0.7320941686630249
0.18454936146736145,0.7316716313362122,0.7316716313362122
0.11587982624769211,0.7313877940177917,0.7313877940177917
0.10300429165363312,0.7311954498291016,0.7311954498291016
0.16309012472629547,0.7308067679405212,0.7308067679405212
0.15879827737808228,0.7304211258888245,0.7304211258888245
0.1244635209441185,0.730093777179718,0.730093777179718
0.19742488861083984,0.7294878363609314,0.7294878363609314
0.270386278629303,0.7291211485862732,0.7291211485862732
0.11158798635005951,0.7288461327552795,0.7288461327552795
0.16738197207450867,0.7284431457519531,0.7284431457519531
0.14163090288639069,0.7281125783920288,0.7281125783920288
0.15021459758281708,0.727811336517334,0.727811336517334
0.21888412535190582,0.7273353338241577,0.7273353338241577
0.14163090288639069,0.7269611358642578,0.7269611358642578
0.11158798635005951,0.7265713214874268,0.7265713214874268
0.14163090288639069,0.7263626456260681,0.7263626456260681
0.10300429165363312,0.7261131405830383,0.7261131405830383
