accuracy,precision,recall
0.9313304424285889,0.9480069279670715,0.9480068683624268
0.9356223344802856,0.9479886293411255,0.9479885101318359
0.9356223344802856,0.9479488134384155,0.9479485750198364
0.9484978318214417,0.9479203820228577,0.9479203224182129
0.9484978318214417,0.9478916525840759,0.9478916525840759
0.9313304424285889,0.9478261470794678,0.9478260278701782
0.9356223344802856,0.9477653503417969,0.9477652311325073
0.9442059993743896,0.947730302810669,0.9477301836013794
0.9356223344802856,0.9476991295814514,0.9476990699768066
0.9270386099815369,0.9476451873779297,0.9476450681686401
0.9527897238731384,0.9476076364517212,0.9476075768470764
0.9442059993743896,0.9475699067115784,0.9475698471069336
0.9484978318214417,0.9475364685058594,0.9475364089012146
0.9484978318214417,0.9475005269050598,0.9475003480911255
0.9313304424285889,0.9474642872810364,0.9474642872810364
0.9442059993743896,0.9474339485168457,0.9474338889122009
0.9356223344802856,0.9473758935928345,0.9473758339881897
0.9570815563201904,0.9473475217819214,0.9473475217819214
0.9399141669273376,0.9473047852516174,0.9473047256469727
0.9399141669273376,0.9472616910934448,0.9472616314888
0.9356223344802856,0.9472317099571228,0.9472315311431885
0.9227467775344849,0.9471755027770996,0.9471753835678101
0.9227467775344849,0.9471485018730164,0.9471484422683716
0.9484978318214417,0.9471315741539001,0.9471313953399658
0.9356223344802856,0.9470996856689453,0.9470995664596558
0.9356223344802856,0.9470739960670471,0.9470738768577576
0.9270386099815369,0.9470401406288147,0.9470400810241699
0.9313304424285889,0.9469972252845764,0.9469970464706421
0.9313304424285889,0.9469547867774963,0.9469547271728516
0.9356223344802856,0.9469143152236938,0.9469142556190491
