accuracy,precision,recall
0.9356223344802856,0.938970685005188,0.9672260284423828
0.9356223344802856,0.9389640092849731,0.9672334790229797
0.9227467775344849,0.938934862613678,0.9671968221664429
0.9527897238731384,0.9388997554779053,0.967193067073822
0.9570815563201904,0.938879668712616,0.9671847820281982
0.9484978318214417,0.9388148784637451,0.9671745300292969
0.9399141669273376,0.9387500882148743,0.9671604633331299
0.9442059993743896,0.9387327432632446,0.9671334624290466
0.9313304424285889,0.9387235045433044,0.9671362638473511
0.9356223344802856,0.9386653304100037,0.9671164751052856
0.9356223344802856,0.9386471509933472,0.9671059250831604
0.9356223344802856,0.9386119246482849,0.9670760035514832
0.9313304424285889,0.9385713338851929,0.9670556783676147
0.9442059993743896,0.9385466575622559,0.9670343995094299
0.9399141669273376,0.938507080078125,0.967004120349884
0.9442059993743896,0.9384808540344238,0.9670004844665527
0.9484978318214417,0.9384245872497559,0.966966986656189
0.9484978318214417,0.9383801221847534,0.9669654369354248
0.9442059993743896,0.9383535981178284,0.9669365882873535
0.9399141669273376,0.9383084177970886,0.9669235944747925
0.9442059993743896,0.938308835029602,0.9669272303581238
0.9356223344802856,0.9382758140563965,0.9669163227081299
0.9313304424285889,0.938262939453125,0.9668948650360107
0.9484978318214417,0.9382645487785339,0.9668505191802979
0.9527897238731384,0.9382486939430237,0.9668349027633667
0.9484978318214417,0.9382281303405762,0.9668149948120117
0.9399141669273376,0.9381648898124695,0.9667836427688599
0.9484978318214417,0.9381492733955383,0.966749906539917
0.9356223344802856,0.9381135702133179,0.9667089581489563
0.9399141669273376,0.9380810260772705,0.9666973948478699
