accuracy,precision,recall
0.9442059993743896,0.9371471405029297,0.9661706686019897
0.9399141669273376,0.9371455311775208,0.9661719799041748
0.9399141669273376,0.937116265296936,0.9661484956741333
0.9484978318214417,0.9370622634887695,0.9661429524421692
0.9356223344802856,0.9370285868644714,0.9661243557929993
0.9484978318214417,0.9369699954986572,0.966111421585083
0.9399141669273376,0.9369236826896667,0.9660854935646057
0.9356223344802856,0.9368993639945984,0.9660736322402954
0.9227467775344849,0.936880350112915,0.9660762548446655
0.9484978318214417,0.9368436932563782,0.9660621285438538
0.9399141669273376,0.9368197321891785,0.9660517573356628
0.9356223344802856,0.9368008971214294,0.9660230875015259
0.9270386099815369,0.9367634057998657,0.966006875038147
0.9442059993743896,0.9367159008979797,0.9659820199012756
0.9399141669273376,0.9366896152496338,0.9659551382064819
0.9484978318214417,0.9366459250450134,0.9659410119056702
0.9356223344802856,0.9366075992584229,0.9659216403961182
0.9399141669273376,0.9365814924240112,0.9659114480018616
0.9356223344802856,0.9365692138671875,0.9658954739570618
0.9313304424285889,0.9365445375442505,0.9658787250518799
0.9442059993743896,0.9365285634994507,0.965869128704071
0.9356223344802856,0.9365090131759644,0.965850830078125
0.9227467775344849,0.9364821314811707,0.9658278226852417
0.9484978318214417,0.9364694356918335,0.965782880783081
0.9527897238731384,0.9364497661590576,0.965770423412323
0.9399141669273376,0.9364252090454102,0.9657350778579712
0.9356223344802856,0.9363722205162048,0.9657235145568848
0.9313304424285889,0.9363574981689453,0.9657005071640015
0.9227467775344849,0.9363149404525757,0.9656711220741272
0.9484978318214417,0.9362961649894714,0.9656617045402527
