accuracy,precision,recall
0.9313304424285889,0.9362852573394775,0.965649425983429
0.9356223344802856,0.936271071434021,0.9656467437744141
0.9141631126403809,0.9362394213676453,0.9656135439872742
0.9613733887672424,0.9361900687217712,0.9656016230583191
0.9399141669273376,0.9361502528190613,0.9655796885490417
0.9442059993743896,0.9360784292221069,0.9655611515045166
0.9270386099815369,0.9360218644142151,0.9655247926712036
0.9313304424285889,0.9359909296035767,0.9655095934867859
0.9141631126403809,0.9359694123268127,0.9654972553253174
0.9484978318214417,0.935910701751709,0.9654737114906311
0.9356223344802856,0.9358825087547302,0.9654589891433716
0.9270386099815369,0.9358472228050232,0.9654281139373779
0.9313304424285889,0.9358036518096924,0.9654058814048767
0.9442059993743896,0.9357626438140869,0.9653970003128052
0.9356223344802856,0.9357465505599976,0.9653888940811157
0.9313304424285889,0.9356876015663147,0.9653648138046265
0.9270386099815369,0.9356431365013123,0.965355634689331
0.9442059993743896,0.935604453086853,0.9653410911560059
0.9270386099815369,0.9355814456939697,0.9653180837631226
0.9227467775344849,0.9355528354644775,0.9652935266494751
0.9356223344802856,0.9355286955833435,0.965277373790741
0.9313304424285889,0.9355249404907227,0.9652603268623352
0.9399141669273376,0.9355027675628662,0.9652460217475891
0.9313304424285889,0.9354985952377319,0.9652315378189087
0.9313304424285889,0.9354636669158936,0.9652202129364014
0.9442059993743896,0.9354372024536133,0.9652004241943359
0.9356223344802856,0.935356855392456,0.9651889204978943
0.9313304424285889,0.9353315830230713,0.9651665687561035
0.9442059993743896,0.9352701306343079,0.9651268720626831
0.9527897238731384,0.9352403879165649,0.9651114344596863
