accuracy,precision,recall
0.9184549450874329,0.9340453743934631,0.9643125534057617
0.9313304424285889,0.9340198040008545,0.9643051624298096
0.9313304424285889,0.9339854121208191,0.9642785787582397
0.9313304424285889,0.9339450001716614,0.9642655253410339
0.9442059993743896,0.9339072704315186,0.9642431735992432
0.9356223344802856,0.9338628649711609,0.9642207026481628
0.9313304424285889,0.9338058233261108,0.9641784429550171
0.9227467775344849,0.9337691068649292,0.9641647338867188
0.9098712205886841,0.9337472915649414,0.9641546010971069
0.9098712205886841,0.933692455291748,0.9641356468200684
0.9313304424285889,0.9336668252944946,0.9641090631484985
0.9270386099815369,0.9336246252059937,0.9640763998031616
0.9313304424285889,0.9335625171661377,0.964047908782959
0.9442059993743896,0.9334934949874878,0.9640320539474487
0.9356223344802856,0.9334722757339478,0.9640219211578369
0.9442059993743896,0.9334131479263306,0.9639984369277954
0.9270386099815369,0.9333535432815552,0.9639732837677002
0.9399141669273376,0.9333216547966003,0.963964581489563
0.9527897238731384,0.933293342590332,0.9639430642127991
0.9270386099815369,0.9332785606384277,0.9639310836791992
0.9399141669273376,0.9332387447357178,0.9639024138450623
0.9313304424285889,0.9332253932952881,0.9638791084289551
0.9356223344802856,0.9331908226013184,0.9638580083847046
0.9356223344802856,0.9331749677658081,0.9638441801071167
0.9227467775344849,0.9331486225128174,0.963829517364502
0.9399141669273376,0.933127224445343,0.9638022780418396
0.9356223344802856,0.9330622553825378,0.9637810587882996
0.9313304424285889,0.9330283999443054,0.9637609720230103
0.9356223344802856,0.9329780340194702,0.9637408256530762
0.9399141669273376,0.9329336285591125,0.9637115597724915
