accuracy,precision,recall
0.9484978318214417,0.945661187171936,0.9712734818458557
0.9484978318214417,0.9456571340560913,0.9713180065155029
0.9399141669273376,0.9454429745674133,0.9712490439414978
0.9484978318214417,0.9454096555709839,0.9712672233581543
0.9356223344802856,0.945250391960144,0.971198320388794
0.9484978318214417,0.9452923536300659,0.9713035225868225
0.9442059993743896,0.9452852010726929,0.9712585210800171
0.9442059993743896,0.9452780485153198,0.9712766408920288
0.9442059993743896,0.9454015493392944,0.971258282661438
0.9399141669273376,0.9453614354133606,0.9712164402008057
0.9484978318214417,0.9453086256980896,0.9712295532226562
0.9442059993743896,0.9454119801521301,0.9712110757827759
0.9442059993743896,0.9454628825187683,0.9711714386940002
0.9442059993743896,0.9453818798065186,0.9711244702339172
0.9442059993743896,0.9453294277191162,0.9710984230041504
0.9313304424285889,0.9453110098838806,0.9710515737533569
0.9442059993743896,0.9451942443847656,0.9710020422935486
0.9484978318214417,0.9451346397399902,0.9709573984146118
0.9484978318214417,0.9451119899749756,0.9709208011627197
0.9356223344802856,0.9450132846832275,0.970876157283783
0.9442059993743896,0.9449443817138672,0.9708297252655029
0.9484978318214417,0.944931149482727,0.9708170890808105
0.9356223344802856,0.9448657631874084,0.9707779884338379
0.9399141669273376,0.9449910521507263,0.9707620739936829
0.9484978318214417,0.9448823928833008,0.9707776308059692
0.9399141669273376,0.9448321461677551,0.9707589745521545
0.9484978318214417,0.9447832107543945,0.9706897735595703
0.9442059993743896,0.9447326064109802,0.9706504344940186
0.9399141669273376,0.9446346163749695,0.9706056714057922
0.9399141669273376,0.9445294141769409,0.9705763459205627
