accuracy,precision,recall
0.9484978318214417,0.953980565071106,0.953980565071106
0.9356223344802856,0.9539961218833923,0.9539961218833923
0.9527897238731384,0.9539158344268799,0.9539158344268799
0.9399141669273376,0.953884482383728,0.953884482383728
0.9442059993743896,0.9538107514381409,0.9538107514381409
0.9484978318214417,0.9537568092346191,0.9537568092346191
0.9442059993743896,0.9536762237548828,0.9536762237548828
0.9484978318214417,0.9536674618721008,0.9536674618721008
0.9442059993743896,0.9536276459693909,0.9536276459693909
0.9484978318214417,0.9535961747169495,0.9535961747169495
0.9484978318214417,0.9535486102104187,0.9535486102104187
0.9313304424285889,0.9535252451896667,0.9535252451896667
0.9442059993743896,0.9534875154495239,0.9534875154495239
0.9356223344802856,0.9534323215484619,0.9534323215484619
0.9399141669273376,0.953392744064331,0.953392744064331
0.9570815563201904,0.9533772468566895,0.9533772468566895
0.9399141669273376,0.9533270001411438,0.9533270001411438
0.9484978318214417,0.9533553719520569,0.9533553719520569
0.9442059993743896,0.9533089399337769,0.9533089399337769
0.9399141669273376,0.9532613754272461,0.9532613754272461
0.9399141669273376,0.9531934857368469,0.9531934857368469
0.9484978318214417,0.9531413912773132,0.9531413912773132
0.9442059993743896,0.9531051516532898,0.9531051516532898
0.9356223344802856,0.9531199932098389,0.9531199932098389
0.9484978318214417,0.9530725479125977,0.9530725479125977
0.9399141669273376,0.9530236124992371,0.9530236124992371
0.9399141669273376,0.9529674053192139,0.9529674053192139
0.9484978318214417,0.9529438614845276,0.9529438614845276
0.9442059993743896,0.9528995156288147,0.9528995156288147
0.9442059993743896,0.9528312683105469,0.9528312683105469
