accuracy,precision,recall
0.9356223344802856,0.9527906179428101,0.9527906179428101
0.9484978318214417,0.9527895450592041,0.9527895450592041
0.9484978318214417,0.9527778625488281,0.9527778625488281
0.9313304424285889,0.9527996182441711,0.9527996182441711
0.9527897238731384,0.9527597427368164,0.9527597427368164
0.9484978318214417,0.9527301788330078,0.9527300000190735
0.9399141669273376,0.9527084231376648,0.9527081251144409
0.9484978318214417,0.9526797533035278,0.9526793956756592
0.9399141669273376,0.9526792764663696,0.9526790380477905
0.9442059993743896,0.952649712562561,0.9526494741439819
0.9442059993743896,0.9526109099388123,0.9526106715202332
0.9356223344802856,0.9525734782218933,0.9525731801986694
0.9527897238731384,0.9525521993637085,0.9525519609451294
0.9399141669273376,0.952497661113739,0.9524974822998047
0.9356223344802856,0.9524618983268738,0.9524616003036499
0.9399141669273376,0.9525042772293091,0.9525041580200195
0.9484978318214417,0.9524765014648438,0.9524762034416199
0.9399141669273376,0.9524858593940735,0.9524857401847839
0.9313304424285889,0.9524552822113037,0.9524549245834351
0.9442059993743896,0.952418863773346,0.9524185657501221
0.9484978318214417,0.9524074792861938,0.9524073004722595
0.9399141669273376,0.952375590801239,0.9523754715919495
0.9313304424285889,0.9523637294769287,0.9523635506629944
0.9313304424285889,0.9523943066596985,0.9523941278457642
0.9570815563201904,0.952384889125824,0.9523847103118896
0.9356223344802856,0.9523531794548035,0.9523528814315796
0.9442059993743896,0.9523359537124634,0.952335774898529
0.9442059993743896,0.9522754549980164,0.9522753953933716
0.9399141669273376,0.9522476196289062,0.9522473216056824
0.9356223344802856,0.9522013068199158,0.952201247215271
