accuracy,precision,recall
0.9442059993743896,0.9415348768234253,0.9686594009399414
0.9484978318214417,0.9415488243103027,0.9687020778656006
0.9399141669273376,0.9415472149848938,0.9686633348464966
0.9356223344802856,0.9415462613105774,0.9686771035194397
0.9484978318214417,0.9415509104728699,0.9687074422836304
0.9313304424285889,0.9414756894111633,0.9686995148658752
0.9442059993743896,0.9414762854576111,0.9687146544456482
0.9484978318214417,0.9414647817611694,0.9686636924743652
0.9442059993743896,0.9414684772491455,0.9687020778656006
0.9484978318214417,0.9414082765579224,0.9686869978904724
0.9570815563201904,0.9414032697677612,0.9686875939369202
0.9356223344802856,0.9413790702819824,0.9686518907546997
0.9356223344802856,0.941367506980896,0.9686300158500671
0.9399141669273376,0.9413453936576843,0.9685947895050049
0.9484978318214417,0.9413455724716187,0.9685906171798706
0.9442059993743896,0.9413244128227234,0.9686055779457092
0.9399141669273376,0.9412458539009094,0.9685899019241333
0.9356223344802856,0.9412067532539368,0.9685757160186768
0.9484978318214417,0.941178560256958,0.9685589075088501
0.9313304424285889,0.941141664981842,0.9684959650039673
0.9442059993743896,0.9410969614982605,0.9684758186340332
0.9484978318214417,0.9410265684127808,0.9684557914733887
0.9399141669273376,0.9410287141799927,0.9684540033340454
0.9442059993743896,0.9410723447799683,0.9684094190597534
0.9442059993743896,0.9410601258277893,0.9683942794799805
0.9442059993743896,0.9409950971603394,0.9683762788772583
0.9527897238731384,0.9409594535827637,0.9683548808097839
0.9484978318214417,0.9409207105636597,0.9683095216751099
0.9399141669273376,0.9409293532371521,0.9682802557945251
0.9399141669273376,0.9408917427062988,0.9682665467262268
