accuracy,precision,recall
0.9442059993743896,0.9513842463493347,0.9513841271400452
0.9313304424285889,0.9513782262802124,0.9513781070709229
0.9356223344802856,0.9513517618179321,0.9513515830039978
0.9313304424285889,0.951339840888977,0.9513397216796875
0.9484978318214417,0.95132976770401,0.9513296484947205
0.9399141669273376,0.9512696862220764,0.9512694478034973
0.9356223344802856,0.9512340426445007,0.951233983039856
0.9484978318214417,0.9512037634849548,0.951203465461731
0.9399141669273376,0.9511802196502686,0.951180100440979
0.9356223344802856,0.9511397480964661,0.9511396288871765
0.9399141669273376,0.9511157870292664,0.9511157274246216
0.9356223344802856,0.9510747790336609,0.9510747194290161
0.9527897238731384,0.9510348439216614,0.9510345458984375
0.9313304424285889,0.9510165452957153,0.951016366481781
0.9356223344802856,0.9509937763214111,0.9509937167167664
0.9442059993743896,0.9509960412979126,0.9509959816932678
0.9484978318214417,0.9509457349777222,0.9509454965591431
0.9570815563201904,0.9509356617927551,0.9509353637695312
0.9399141669273376,0.9509127736091614,0.950912594795227
0.9527897238731384,0.9508622884750366,0.9508622288703918
0.9356223344802856,0.9508161544799805,0.9508158564567566
0.9356223344802856,0.9507585167884827,0.9507583379745483
0.9356223344802856,0.9507268667221069,0.9507266879081726
0.9484978318214417,0.9507333040237427,0.9507333040237427
0.9484978318214417,0.950706958770752,0.9507068991661072
0.9270386099815369,0.9506599307060242,0.9506598114967346
0.9399141669273376,0.9506262540817261,0.950626015663147
0.9442059993743896,0.9505853652954102,0.950585126876831
0.9399141669273376,0.9505570530891418,0.9505568742752075
0.9356223344802856,0.9505334496498108,0.9505333304405212
