accuracy,precision,recall
0.8258706331253052,0.7786459922790527,0.8975822925567627
0.8259320855140686,0.7783375978469849,0.8975602984428406
0.8269147872924805,0.7781040668487549,0.8975546360015869
0.8299858570098877,0.7778825759887695,0.8975220918655396
0.8251950144767761,0.7775952816009521,0.8974790573120117
0.82924884557724,0.777313232421875,0.8974325656890869
0.8290031552314758,0.7771275043487549,0.8974020481109619
0.8234752416610718,0.776763916015625,0.897369384765625
0.8231067061424255,0.7765328884124756,0.8973174691200256
0.8293716311454773,0.7764049768447876,0.8973106145858765
0.8255020976066589,0.7761886715888977,0.8972551226615906
0.8344082236289978,0.7760068774223328,0.897216796875
0.833179771900177,0.7758172154426575,0.8972055912017822
0.8315213918685913,0.775685727596283,0.8971569538116455
0.8275904655456543,0.7754412889480591,0.8971322178840637
0.8302929997444153,0.775563657283783,0.8972163796424866
0.8288188576698303,0.775728166103363,0.8973388671875
0.8333026170730591,0.7759298086166382,0.8974630832672119
0.8248879313468933,0.7760614156723022,0.8975830078125
0.7957127690315247,0.7761845588684082,0.8977136611938477
0.8296787738800049,0.776336133480072,0.897827684879303
0.8318285346031189,0.7765191197395325,0.8979188203811646
0.8312143087387085,0.7765882611274719,0.8980206847190857
0.8171488046646118,0.776742160320282,0.898115336894989
0.8233523964881897,0.7768617272377014,0.8981715440750122
0.8239051699638367,0.7769694924354553,0.8982565999031067
0.8323813080787659,0.7770891189575195,0.8983712196350098
0.8328112363815308,0.7771645188331604,0.8984764218330383
0.8239051699638367,0.7772284150123596,0.898566484451294
0.8291260004043579,0.7773206233978271,0.8986533284187317
