accuracy,precision,recall
0.8025305867195129,0.7381307482719421,0.8939822316169739
0.8215711712837219,0.7367163896560669,0.8934327363967896
0.808058500289917,0.7352904677391052,0.8928768038749695
0.816841721534729,0.7338555455207825,0.8923122882843018
0.8049874305725098,0.7324318289756775,0.8917704224586487
0.8074442744255066,0.7310265898704529,0.8912288546562195
0.8079970479011536,0.7296144366264343,0.8906810879707336
0.7980468273162842,0.7282025218009949,0.8901351094245911
0.8097782731056213,0.726776659488678,0.8895891308784485
0.8116823434829712,0.7253749370574951,0.8890385627746582
0.8103924989700317,0.7239665389060974,0.8885738849639893
0.8109452724456787,0.7225625514984131,0.8881269693374634
0.8133407235145569,0.7211695313453674,0.8877196907997131
0.8191143274307251,0.7197901010513306,0.8873003721237183
0.8061544299125671,0.718413770198822,0.8868523240089417
0.8097782731056213,0.7170211672782898,0.8864230513572693
0.8126650452613831,0.7156596779823303,0.8860025405883789
0.8157975673675537,0.7143030166625977,0.8855574727058411
0.8164117932319641,0.7129430174827576,0.8851014375686646
0.8023462891578674,0.7115785479545593,0.8846675753593445
0.8115594983100891,0.7102376818656921,0.884216845035553
0.8124808073043823,0.7089036703109741,0.8837889432907104
0.8097782731056213,0.7075526118278503,0.8833569884300232
0.8157975673675537,0.7062274813652039,0.8829280138015747
0.8164117932319641,0.7048977017402649,0.8824948668479919
0.8126036524772644,0.7035630941390991,0.8820568919181824
0.800503671169281,0.7022606730461121,0.881622314453125
0.8143848776817322,0.7009256482124329,0.8812021613121033
0.8009950518608093,0.6996154189109802,0.8807765245437622
0.8090412020683289,0.6983121633529663,0.880333423614502
