accuracy,precision,recall
0.8150604963302612,0.6967970132827759,0.8798681497573853
0.8084269762039185,0.6954659819602966,0.8794251680374146
0.8070142865180969,0.6941624879837036,0.8789672255516052
0.8148148059844971,0.6928516030311584,0.8785185217857361
0.8117437362670898,0.6915586590766907,0.878082811832428
0.8128493428230286,0.6902493238449097,0.8776328563690186
0.798353910446167,0.6889646649360657,0.8771968483924866
0.8009950518608093,0.6876832842826843,0.8767548203468323
0.7903077006340027,0.6864020824432373,0.8762908577919006
0.8160432577133179,0.6851224303245544,0.8758351802825928
0.8097168207168579,0.6838598251342773,0.8753900527954102
0.8138320446014404,0.6825873255729675,0.874969482421875
0.8194214105606079,0.6812964677810669,0.8745423555374146
0.7990909814834595,0.6800429821014404,0.8740856647491455
0.8126036524772644,0.6787721514701843,0.8736594319343567
0.8106381893157959,0.677520751953125,0.873237133026123
0.7952828407287598,0.6762698292732239,0.8727810382843018
0.8136478066444397,0.6750481724739075,0.8723433017730713
0.8095939755439758,0.6738254427909851,0.8719168305397034
0.8171488046646118,0.6726046800613403,0.8714600801467896
0.8135249614715576,0.6713621616363525,0.8710261583328247
0.8024691343307495,0.67014479637146,0.8705840706825256
0.8079356551170349,0.6689176559448242,0.8701566457748413
0.8014249801635742,0.6677247285842896,0.8697269558906555
0.8163503408432007,0.6666565537452698,0.869293212890625
0.8077513575553894,0.6664822101593018,0.8688664436340332
0.7995209097862244,0.6662904620170593,0.8684405088424683
0.812542200088501,0.6661267280578613,0.8680115342140198
0.8041889071464539,0.6659553050994873,0.8675535917282104
0.810761034488678,0.6657905578613281,0.8671197891235352
