accuracy,precision,recall
0.8242122530937195,0.8234252333641052,0.8187488913536072
0.8284503221511841,0.823053777217865,0.8181058764457703
0.8236594796180725,0.8226323127746582,0.8176175355911255
0.8295559287071228,0.8223576545715332,0.8171141743659973
0.8250107765197754,0.8220285177230835,0.8165001273155212
0.8312757015228271,0.821723461151123,0.8159465789794922
0.8277133107185364,0.8212868571281433,0.8157119750976562
0.8238437175750732,0.8208692669868469,0.8154081702232361
0.8280817866325378,0.8205889463424683,0.8151169419288635
0.8245807886123657,0.8202257752418518,0.8150867819786072
0.8273447751998901,0.8199135661125183,0.814852237701416
0.8275904655456543,0.8197843432426453,0.8144301772117615
0.8318285346031189,0.8196175694465637,0.814056396484375
0.8247650861740112,0.819373607635498,0.8138729333877563
0.8223081827163696,0.8191533088684082,0.8135049939155579
0.8286960124969482,0.8189368844032288,0.8132973313331604
0.8321970105171204,0.8187954425811768,0.8129786849021912
0.8240894079208374,0.8185349106788635,0.8128586411476135
0.832504153251648,0.8184903860092163,0.8124765753746033
0.8251950144767761,0.8182373642921448,0.8122260570526123
0.8263006210327148,0.8180522918701172,0.8122032880783081
0.8250107765197754,0.8181851506233215,0.8125604391098022
0.8316442370414734,0.8183969259262085,0.8124367594718933
0.8232295513153076,0.8184528350830078,0.8127651214599609
0.8271604776382446,0.818635880947113,0.8128350973129272
0.8218782544136047,0.8187772631645203,0.8129266500473022
0.831951379776001,0.81884765625,0.813406229019165
0.8313371539115906,0.8190062642097473,0.8134437203407288
0.8306615352630615,0.8192225098609924,0.813445508480072
0.827774703502655,0.8193270564079285,0.8136292099952698
