accuracy,precision,recall
0.815367579460144,0.7811049222946167,0.7784053683280945
0.7877280116081238,0.7810643911361694,0.7785108089447021
0.7727412581443787,0.7809447646141052,0.7788178324699402
0.782691478729248,0.7807917594909668,0.7791443467140198
0.7896320819854736,0.7807344198226929,0.7789000272750854
0.782568633556366,0.7807331085205078,0.7789000272750854
0.7935630679130554,0.7806681990623474,0.7790322303771973
0.7998894453048706,0.7806373834609985,0.7788927555084229
0.8049874305725098,0.7806212902069092,0.7788465619087219
0.7944843769073486,0.7806321978569031,0.7787706851959229
0.7914133071899414,0.780610978603363,0.7786584496498108
0.7794361710548401,0.7805241942405701,0.7782597541809082
0.7869295477867126,0.7804486751556396,0.7784517407417297
0.7755051851272583,0.7803729176521301,0.778501570224762
0.7857010960578918,0.7803038358688354,0.7785432934761047
0.7869910001754761,0.7802754640579224,0.7784728407859802
0.7160493731498718,0.780251681804657,0.7785413265228271
0.7819544076919556,0.7801893353462219,0.7783606648445129
0.773785412311554,0.7801302075386047,0.7784212231636047
0.7791904807090759,0.7800691723823547,0.7784141898155212
0.7898777723312378,0.7800268530845642,0.7785031199455261
0.8006879091262817,0.7800006866455078,0.7785545587539673
0.7904305458068848,0.7799963355064392,0.7785865068435669
0.7965726852416992,0.7799453735351562,0.7786841988563538
0.7912904620170593,0.7799456119537354,0.7786024212837219
0.8014249801635742,0.7799157500267029,0.7786181569099426
0.7833057045936584,0.7798861861228943,0.7786657810211182
0.7938701510429382,0.7798669338226318,0.7783110737800598
0.7992752194404602,0.7798466682434082,0.7783721089363098
0.815244734287262,0.7798131704330444,0.7782292366027832
