accuracy,precision,recall
0.816841721534729,0.8166104555130005,0.8088779449462891
0.8253178596496582,0.8164368271827698,0.8087462782859802
0.8173331022262573,0.8162747621536255,0.8083171844482422
0.8218782544136047,0.8160792589187622,0.8081060647964478
0.807137131690979,0.8159250617027283,0.8080443739891052
0.8178244829177856,0.8157061338424683,0.8078892827033997
0.8220010995864868,0.8156051635742188,0.8075024485588074
0.821694016456604,0.815513551235199,0.8072791695594788
0.8299858570098877,0.8155234456062317,0.8071876764297485
0.8227381706237793,0.815582275390625,0.8073819875717163
0.8178244829177856,0.8156826496124268,0.8075467944145203
0.8267305493354797,0.8158493041992188,0.8076858520507812
0.8220625519752502,0.8159790635108948,0.8077390789985657
0.8209569454193115,0.8161316514015198,0.8077792525291443
0.7955285310745239,0.8162460923194885,0.8077678680419922
0.8178244829177856,0.8163986206054688,0.8078212141990662
0.8232295513153076,0.8165891766548157,0.8077716827392578
0.8154290318489075,0.8167042136192322,0.8077912926673889
0.8124808073043823,0.8167648315429688,0.807802677154541
0.8106381893157959,0.8168638348579407,0.8078303337097168
0.8124808073043823,0.8169533610343933,0.8078608512878418
0.8126036524772644,0.8170477151870728,0.8077998161315918
0.8216325640678406,0.8171058893203735,0.8078312873840332
0.815244734287262,0.8171156644821167,0.8078707456588745
0.8147534132003784,0.8171103596687317,0.8079241514205933
0.8196671009063721,0.8172378540039062,0.8078828454017639
0.816841721534729,0.8173002004623413,0.8078698515892029
0.8192371726036072,0.8173734545707703,0.8079133629798889
0.8258092403411865,0.8173917531967163,0.8079604506492615
0.8116823434829712,0.8175141215324402,0.8079007863998413
