accuracy,precision,recall
0.7912290692329407,0.7797236442565918,0.7782922983169556
0.7746452689170837,0.7796321511268616,0.7780759334564209
0.7637122869491577,0.7794878482818604,0.7776892185211182
0.7850869297981262,0.7793485522270203,0.7774888873100281
0.7788219451904297,0.7792261242866516,0.7774127125740051
0.7979239821434021,0.7791040539741516,0.7772212028503418
0.788649320602417,0.7789824604988098,0.7771583199501038
0.7836127877235413,0.7788698077201843,0.7769870758056641
0.7960199117660522,0.7787779569625854,0.7768675684928894
0.7883422374725342,0.7786633968353271,0.7766320109367371
0.7998279929161072,0.7785431742668152,0.7766112685203552
0.7605183720588684,0.7784217000007629,0.776245653629303
0.7881579995155334,0.7782902717590332,0.7762220501899719
0.7753823399543762,0.7782976627349854,0.7762356400489807
0.7851483225822449,0.7786559462547302,0.7765196561813354
0.7075732350349426,0.779052197933197,0.7767335176467896
0.8041889071464539,0.7792956829071045,0.7770920395851135
0.794975757598877,0.7796000838279724,0.7773967385292053
0.7675818204879761,0.7798742651939392,0.7776792645454407
0.779866099357605,0.7801513075828552,0.7779679298400879
0.8087955117225647,0.7803629636764526,0.7783109545707703
0.8091640472412109,0.7806166410446167,0.7786022424697876
0.7754437923431396,0.7808758020401001,0.7788788676261902
0.7709600329399109,0.7811279892921448,0.7791723608970642
0.7784534096717834,0.7814329862594604,0.7793602347373962
0.7657392024993896,0.7816464304924011,0.7796606421470642
0.795651376247406,0.781821608543396,0.7799471020698547
0.7952214479446411,0.7820148468017578,0.7802636027336121
0.7881579995155334,0.782228410243988,0.7805169224739075
0.7770407199859619,0.7824683785438538,0.7807385921478271
