accuracy,precision,recall
0.833179771900177,0.803286075592041,0.7985553741455078
0.8325655460357666,0.8025840520858765,0.7982487678527832
0.8340396881103516,0.8018518090248108,0.7980022430419922
0.834653913974762,0.8011474013328552,0.7977084517478943
0.8328726887702942,0.8004461526870728,0.7974286675453186
0.8377863764762878,0.7999266386032104,0.7971501350402832
0.8329340815544128,0.7996752858161926,0.7969129085540771
0.8316442370414734,0.7994169592857361,0.7966313362121582
0.8350838422775269,0.7992225885391235,0.7962988018989563
0.8361279964447021,0.7989731431007385,0.7960512042045593
0.8320127725601196,0.7986987829208374,0.7958049774169922
0.8312757015228271,0.7984834313392639,0.7954668998718262
0.8371721506118774,0.7982268929481506,0.7951892614364624
0.8357594609260559,0.798006534576416,0.7949218153953552
0.8370493054389954,0.7977505326271057,0.7947083711624146
0.8322584629058838,0.7975158095359802,0.7944316864013672
0.8390762209892273,0.7972948551177979,0.7941587567329407
0.8300473093986511,0.7970371842384338,0.7938557267189026
0.8317670822143555,0.7967811822891235,0.7936018109321594
0.8281432390213013,0.7965087890625,0.7933122515678406
0.835329532623291,0.7962568402290344,0.7930393218994141
0.8340396881103516,0.7959384322166443,0.7928155660629272
0.8321970105171204,0.7957155108451843,0.7925337553024292
0.8381549119949341,0.7954501509666443,0.7922763824462891
0.829801619052887,0.7952574491500854,0.7919524312019348
0.8309686183929443,0.7950157523155212,0.7916487455368042
0.8410416841506958,0.7948516607284546,0.7913417220115662
0.8368650674819946,0.7945957183837891,0.7910764813423157
0.8339782357215881,0.7943820953369141,0.7907942533493042
0.8334254622459412,0.7941070199012756,0.790529727935791
