uneducated absolute,kins absolute,kill absolute,kbann absolute,uneducated relative,kins relative,kill relative,kbann relative
1.5882835249868041,1.5822955896704156,1.5925477957421685,2.6602532421881087,1.0,0.9962299329923238,1.0026848296845488,1.6749234002223947
