accuracy,precision,recall
0.9570815563201904,0.9063692092895508,0.9769074320793152
0.9570815563201904,0.906414270401001,0.9768806099891663
0.9570815563201904,0.9064292907714844,0.9768717288970947
0.9570815563201904,0.9064368009567261,0.9768672585487366
0.9570815563201904,0.906441330909729,0.9768646359443665
0.9570815563201904,0.9064443111419678,0.9768628478050232
0.9570815563201904,0.9064464569091797,0.9768615365028381
0.9570815563201904,0.9064480662345886,0.9768605828285217
0.9570815563201904,0.9064493179321289,0.9768598079681396
0.9570815563201904,0.9064502716064453,0.9768592715263367
0.9570815563201904,0.9064511060714722,0.9768587946891785
0.9570815563201904,0.9064517617225647,0.9768583178520203
0.9570815563201904,0.9064523577690125,0.9768580794334412
0.9570815563201904,0.9064528346061707,0.9768577218055725
0.9570815563201904,0.9064533710479736,0.9768574833869934
0.9570815563201904,0.9064536690711975,0.9768573045730591
0.9570815563201904,0.9064539670944214,0.97685706615448
0.9570815563201904,0.90645432472229,0.9768569469451904
0.9570815563201904,0.9064545631408691,0.9768567681312561
0.9570815563201904,0.9064548015594482,0.9768565893173218
0.9570815563201904,0.9064549803733826,0.9768564701080322
0.9570815563201904,0.9064551591873169,0.9768563508987427
0.9570815563201904,0.906455397605896,0.9768562316894531
0.9570815563201904,0.9064555764198303,0.9768561720848083
0.9570815563201904,0.9064556956291199,0.9768560528755188
0.9570815563201904,0.9064558148384094,0.976855993270874
0.9570815563201904,0.9064559936523438,0.9768559336662292
0.9570815563201904,0.9064561128616333,0.9768558144569397
0.9570815563201904,0.9064561724662781,0.9768557548522949
0.9570815563201904,0.9064562916755676,0.9768557548522949
