accuracy,precision,recall
0.9399141669273376,0.8669321537017822,0.9838674664497375
0.9399141669273376,0.8667029142379761,0.9838911294937134
0.9613733887672424,0.8667042851448059,0.9838893413543701
0.9442059993743896,0.8664727807044983,0.9839047789573669
0.9484978318214417,0.8662400841712952,0.9839200973510742
0.9356223344802856,0.8660010695457458,0.9839341640472412
0.9356223344802856,0.8657674789428711,0.9839580059051514
0.9442059993743896,0.865809977054596,0.983959436416626
0.9442059993743896,0.8659045696258545,0.9839399456977844
0.9442059993743896,0.8656724095344543,0.9839587807655334
0.9656652212142944,0.8657747507095337,0.9839521050453186
0.9570815563201904,0.865543007850647,0.983964741230011
0.9527897238731384,0.8653106093406677,0.9839878082275391
0.9313304424285889,0.86507648229599,0.9840064644813538
0.9570815563201904,0.8651404976844788,0.9839991331100464
0.9656652212142944,0.8652223348617554,0.9839937686920166
0.9399141669273376,0.8649965524673462,0.9840173125267029
0.9656652212142944,0.8649995923042297,0.9840166568756104
0.9527897238731384,0.865081787109375,0.984005868434906
0.9442059993743896,0.8648625612258911,0.9840288758277893
0.9442059993743896,0.864640474319458,0.9840443134307861
0.9313304424285889,0.8644227981567383,0.9840579032897949
0.9484978318214417,0.8642064929008484,0.9840720891952515
0.9442059993743896,0.8639926910400391,0.9840888977050781
0.9613733887672424,0.8640584945678711,0.9840942621231079
0.9442059993743896,0.863846480846405,0.9841171503067017
0.9527897238731384,0.8636301159858704,0.9841404557228088
0.9527897238731384,0.8634144067764282,0.9841557145118713
0.9399141669273376,0.8631952404975891,0.9841777086257935
0.9399141669273376,0.8629793524742126,0.9841904044151306
