accuracy,precision,recall
0.9442059993743896,0.8523278832435608,0.9812785387039185
0.9270386099815369,0.8521244525909424,0.981306254863739
0.9699570536613464,0.8521366119384766,0.9812932014465332
0.9270386099815369,0.8519341945648193,0.9813123345375061
0.9442059993743896,0.8517303466796875,0.9813317656517029
0.9270386099815369,0.8515205383300781,0.9813500046730042
0.9184549450874329,0.851312518119812,0.9813776016235352
0.9442059993743896,0.8512945175170898,0.9813776612281799
0.9356223344802856,0.8513386249542236,0.9813759326934814
0.9527897238731384,0.8511353731155396,0.9813952445983887
0.9570815563201904,0.851237952709198,0.9813887476921082
0.9484978318214417,0.8510346412658691,0.9814037084579468
0.9313304424285889,0.8508298993110657,0.9814304709434509
0.9098712205886841,0.850622296333313,0.9814494848251343
0.9484978318214417,0.850670337677002,0.9814443588256836
0.9570815563201904,0.8507475852966309,0.9814393520355225
0.9313304424285889,0.8505529165267944,0.9814662933349609
0.9613733887672424,0.8505263328552246,0.9814732074737549
0.9613733887672424,0.8506138324737549,0.981465220451355
0.9356223344802856,0.8504227995872498,0.9814919829368591
0.9356223344802856,0.8502327799797058,0.9815121293067932
0.9141631126403809,0.8500428199768066,0.9815295338630676
0.9227467775344849,0.849852442741394,0.9815473556518555
0.9184549450874329,0.8496661186218262,0.9815664291381836
0.9442059993743896,0.8497498035430908,0.9815644025802612
0.9356223344802856,0.8495650291442871,0.9815911054611206
0.9442059993743896,0.8493744134902954,0.9816180467605591
0.9356223344802856,0.8491861820220947,0.9816370606422424
0.9184549450874329,0.8489931225776672,0.9816627502441406
0.9399141669273376,0.8488030433654785,0.9816732406616211
