accuracy,precision,recall
0.9399141669273376,0.8400928378105164,0.9826549291610718
0.9270386099815369,0.8400189876556396,0.9826660752296448
0.9313304424285889,0.8399423360824585,0.9826675057411194
0.9055793881416321,0.8398663997650146,0.9826787710189819
0.8927038908004761,0.8397903442382812,0.982689619064331
0.9055793881416321,0.8397109508514404,0.9826931357383728
0.8927038908004761,0.8396251797676086,0.982704222202301
0.9399141669273376,0.8396368026733398,0.9827044010162354
0.9141631126403809,0.8395626544952393,0.9827080368995667
0.9270386099815369,0.8394826650619507,0.9827122092247009
0.9313304424285889,0.8394083976745605,0.982723593711853
0.9356223344802856,0.8393253087997437,0.9827276468276978
0.9313304424285889,0.8392475843429565,0.9827390313148499
0.8969957232475281,0.8391602635383606,0.9827425479888916
0.9098712205886841,0.8390911221504211,0.9827530980110168
0.9356223344802856,0.839007556438446,0.9827642440795898
0.9141631126403809,0.8389264345169067,0.9827753305435181
0.9356223344802856,0.8388530611991882,0.9827862977981567
0.9313304424285889,0.8388381600379944,0.9827852845191956
0.9227467775344849,0.8387657403945923,0.982796311378479
0.8969957232475281,0.8386918306350708,0.9828075170516968
0.9356223344802856,0.8386166095733643,0.9828110933303833
0.9055793881416321,0.8385400772094727,0.9828214645385742
0.9399141669273376,0.83846515417099,0.9828275442123413
0.9098712205886841,0.8383864760398865,0.9828386306762695
0.9270386099815369,0.8383130431175232,0.982849657535553
0.9313304424285889,0.8382363319396973,0.9828609228134155
0.9184549450874329,0.8381631970405579,0.9828649163246155
0.9270386099815369,0.8380893468856812,0.982875406742096
0.9141631126403809,0.8380153179168701,0.9828749299049377
