accuracy,precision,recall
0.9270386099815369,0.8379600644111633,0.9828830361366272
0.9313304424285889,0.8379049301147461,0.9828913807868958
0.9141631126403809,0.8378479480743408,0.9828857183456421
0.8841201663017273,0.8377914428710938,0.9828938841819763
0.8969957232475281,0.8377350568771362,0.9829016923904419
0.9141631126403809,0.8376773595809937,0.9829092025756836
0.8884119987487793,0.837620198726654,0.982917308807373
0.9484978318214417,0.8376035094261169,0.9829201102256775
0.8626609444618225,0.8375489115715027,0.9829205274581909
0.8927038908004761,0.8374931216239929,0.9829211831092834
0.9227467775344849,0.8374383449554443,0.9829292893409729
0.9356223344802856,0.8373833894729614,0.9829349517822266
0.9141631126403809,0.8373247385025024,0.9829432964324951
0.8969957232475281,0.8372626900672913,0.9829500913619995
0.9055793881416321,0.8372128009796143,0.9829574823379517
0.9270386099815369,0.8371520638465881,0.9829654693603516
0.8841201663017273,0.8370896577835083,0.982973575592041
0.9399141669273376,0.8370354175567627,0.9829815626144409
0.9313304424285889,0.8370264172554016,0.9829840064048767
0.9270386099815369,0.8369729518890381,0.9829917550086975
0.8798283338546753,0.8369186520576477,0.9829997420310974
0.9184549450874329,0.8368628621101379,0.9830074310302734
0.9098712205886841,0.8368087410926819,0.9830151200294495
0.8969957232475281,0.8367533087730408,0.9830232262611389
0.8841201663017273,0.8366933465003967,0.9830307364463806
0.9055793881416321,0.8366387486457825,0.9830382466316223
0.9313304424285889,0.8365806937217712,0.9830464124679565
0.9055793881416321,0.8365271091461182,0.9830544590950012
0.9012875556945801,0.8364722728729248,0.9830623865127563
0.9012875556945801,0.8364169597625732,0.9830586910247803
