accuracy,precision,recall
0.9613733887672424,0.9273632168769836,0.9796950817108154
0.9570815563201904,0.9273974895477295,0.9797762036323547
0.9570815563201904,0.927159309387207,0.9797869324684143
0.9570815563201904,0.9269251227378845,0.9798291921615601
0.9570815563201904,0.9269171357154846,0.9798105955123901
0.9570815563201904,0.9269030690193176,0.9798023104667664
0.9570815563201904,0.9270800948143005,0.9797837734222412
0.9570815563201904,0.927212119102478,0.9797903895378113
0.9484978318214417,0.9271696209907532,0.9798765182495117
0.9527897238731384,0.9271363019943237,0.9798523187637329
0.9570815563201904,0.9272132515907288,0.9798756837844849
0.9527897238731384,0.9273234605789185,0.9799014925956726
0.9527897238731384,0.9219057559967041,0.9802607893943787
0.9570815563201904,0.9218516945838928,0.9802209734916687
0.9613733887672424,0.9219396710395813,0.98017418384552
0.9527897238731384,0.9219990372657776,0.9802271723747253
0.9527897238731384,0.9220811128616333,0.9801822304725647
0.9527897238731384,0.9221994280815125,0.980230987071991
0.9656652212142944,0.9222156405448914,0.9802134037017822
0.9570815563201904,0.9222980737686157,0.9802157878875732
0.9570815563201904,0.9224671125411987,0.980174720287323
0.9613733887672424,0.922534167766571,0.9801806807518005
0.9527897238731384,0.9224433302879333,0.9801658987998962
0.9570815563201904,0.9225860834121704,0.9802156090736389
0.9570815563201904,0.9227387309074402,0.9802066683769226
0.9570815563201904,0.9227773547172546,0.9802260994911194
0.9570815563201904,0.9228742122650146,0.9802054762840271
0.9570815563201904,0.9229702353477478,0.9801989793777466
0.9527897238731384,0.9190393686294556,0.9804426431655884
0.9527897238731384,0.9190626740455627,0.9804330468177795
