accuracy,precision,recall
0.9570815563201904,0.9063512086868286,0.9768304228782654
0.9570815563201904,0.9062718152999878,0.9769188165664673
0.9656652212142944,0.9063708186149597,0.976874828338623
0.9613733887672424,0.9062889218330383,0.9768320322036743
0.9570815563201904,0.9060741662979126,0.9768246412277222
0.9570815563201904,0.9060276746749878,0.9767776727676392
0.9570815563201904,0.9059444665908813,0.9768090844154358
0.9527897238731384,0.905981183052063,0.9768592715263367
0.9484978318214417,0.9059051275253296,0.9769721627235413
0.9570815563201904,0.9057949781417847,0.9769586324691772
0.9570815563201904,0.9058699011802673,0.9769868850708008
0.9527897238731384,0.9059600234031677,0.9770414233207703
0.9356223344802856,0.9012313485145569,0.9774464964866638
0.9527897238731384,0.9012078046798706,0.9774377942085266
0.9656652212142944,0.9014203548431396,0.9773901700973511
0.9570815563201904,0.9016051888465881,0.9774119853973389
0.9570815563201904,0.9017050862312317,0.9773627519607544
0.9613733887672424,0.9017572402954102,0.9773612022399902
0.9613733887672424,0.9018754363059998,0.9773342609405518
0.9570815563201904,0.9019637107849121,0.977311909198761
0.9570815563201904,0.9019557237625122,0.9773205518722534
0.9570815563201904,0.9019902944564819,0.9773460626602173
0.9570815563201904,0.9020677208900452,0.9773197770118713
0.9484978318214417,0.9021362066268921,0.9774032831192017
0.9613733887672424,0.9022396206855774,0.9773930907249451
0.9570815563201904,0.9023522138595581,0.977363109588623
0.9570815563201904,0.9024049043655396,0.9773826003074646
0.9527897238731384,0.9024577140808105,0.9773662686347961
0.9356223344802856,0.8990345597267151,0.9776499271392822
0.9570815563201904,0.8991721868515015,0.977665901184082
