accuracy,precision,recall
0.8884119987487793,0.8352979421615601,0.9831767082214355
0.8626609444618225,0.8352789878845215,0.9831793308258057
0.8412017226219177,0.8352602124214172,0.9831819534301758
0.8540772795677185,0.835241436958313,0.9831843972206116
0.8454935550689697,0.8352226614952087,0.9831864833831787
0.7939913868904114,0.8352035284042358,0.983188271522522
0.8927038908004761,0.8351848125457764,0.9831904172897339
0.8412017226219177,0.8351659774780273,0.9831929802894592
0.8025751113891602,0.8351472020149231,0.9831950664520264
0.8369098901748657,0.8351284265518188,0.9831972122192383
0.8669527769088745,0.8351095914840698,0.983199954032898
0.8969957232475281,0.8350909352302551,0.9832024574279785
0.9098712205886841,0.8350721001625061,0.9832051992416382
0.7725321650505066,0.835050642490387,0.9832059144973755
0.8412017226219177,0.8350360989570618,0.9832073450088501
0.8369098901748657,0.8350173234939575,0.9832095503807068
0.8540772795677185,0.8349975347518921,0.9832117557525635
0.7854077219963074,0.8349788784980774,0.9832134246826172
0.7811158895492554,0.8349602818489075,0.9832148551940918
0.8497853875160217,0.8349416255950928,0.9832171201705933
0.7725321650505066,0.8349223732948303,0.9832184910774231
0.7939913868904114,0.8349037766456604,0.9832198619842529
0.7896995544433594,0.83488529920578,0.9832218885421753
0.9012875556945801,0.834864616394043,0.9832240343093872
0.8283261656761169,0.8348459005355835,0.9832258224487305
0.8240343332290649,0.8348272442817688,0.9832277894020081
0.8412017226219177,0.8348085880279541,0.9832303524017334
0.8884119987487793,0.8347898125648499,0.9832329750061035
0.8927038908004761,0.8347712755203247,0.9832354187965393
0.8841201663017273,0.8347523808479309,0.9832354784011841
