accuracy,precision,recall
0.9356223344802856,0.8477082848548889,0.9854025840759277
0.9098712205886841,0.8476866483688354,0.9854048490524292
0.8884119987487793,0.8476651310920715,0.9854069948196411
0.8969957232475281,0.8476437330245972,0.9854093194007874
0.9012875556945801,0.847622275352478,0.9854109287261963
0.8412017226219177,0.8476004004478455,0.98541259765625
0.9184549450874329,0.8475790023803711,0.9854145050048828
0.9055793881416321,0.847557544708252,0.985416829586029
0.8755365014076233,0.847536027431488,0.9854184985160828
0.8927038908004761,0.8475145101547241,0.9854202270507812
0.9098712205886841,0.847493052482605,0.9854226112365723
0.9227467775344849,0.8474715948104858,0.9854248762130737
0.9184549450874329,0.8474500179290771,0.9854271411895752
0.8068669438362122,0.8474261164665222,0.9854278564453125
0.8454935550689697,0.8474091291427612,0.985429048538208
0.9055793881416321,0.8473876714706421,0.9854307770729065
0.8669527769088745,0.8473652005195618,0.985432505607605
0.8111587762832642,0.8473438620567322,0.9854338765144348
0.832617998123169,0.8473225831985474,0.985434889793396
0.8884119987487793,0.8473013639450073,0.9854367971420288
0.7939913868904114,0.8472793698310852,0.9854379892349243
0.8712446093559265,0.8472580909729004,0.9854390025138855
0.8540772795677185,0.8472369909286499,0.985440731048584
0.9012875556945801,0.8472139835357666,0.9854423999786377
0.8798283338546753,0.8471925258636475,0.9854440093040466
0.8755365014076233,0.8471711874008179,0.9854458570480347
0.8927038908004761,0.8471497297286987,0.9854480028152466
0.9141631126403809,0.8471283316612244,0.985450267791748
0.9184549450874329,0.8471070528030396,0.9854522347450256
0.8884119987487793,0.8470855951309204,0.9854522347450256
