accuracy,precision,recall
0.9570815563201904,0.9187384843826294,0.9803875088691711
0.9570815563201904,0.9188928604125977,0.9804081916809082
0.9527897238731384,0.9189595580101013,0.9803582429885864
0.9527897238731384,0.9189808368682861,0.9803655743598938
0.9613733887672424,0.9190786480903625,0.9803303480148315
0.9570815563201904,0.9190385341644287,0.9802869558334351
0.9613733887672424,0.9189862012863159,0.9802494049072266
0.9484978318214417,0.9190956950187683,0.9802684783935547
0.9484978318214417,0.9191291332244873,0.9802819490432739
0.9527897238731384,0.9190700054168701,0.9802500009536743
0.9527897238731384,0.9191712737083435,0.9802393317222595
0.9570815563201904,0.9192433953285217,0.9802152514457703
0.9484978318214417,0.9162838459014893,0.9804182052612305
0.9570815563201904,0.9163315892219543,0.9803811311721802
0.9613733887672424,0.9162513613700867,0.9803548455238342
0.9570815563201904,0.9163116216659546,0.9803178310394287
0.9399141669273376,0.9135184288024902,0.980487585067749
0.9570815563201904,0.9136479496955872,0.9805241823196411
0.9613733887672424,0.9137131571769714,0.9804659485816956
0.9570815563201904,0.913867175579071,0.980419397354126
0.9570815563201904,0.9139214754104614,0.9803860187530518
0.9570815563201904,0.9140236377716064,0.9803725481033325
0.9399141669273376,0.9114629626274109,0.9805522561073303
0.9570815563201904,0.9115906357765198,0.9805881977081299
0.9484978318214417,0.9117431044578552,0.9805658459663391
0.9570815563201904,0.9117158651351929,0.9805635213851929
0.9442059993743896,0.9093160629272461,0.9807419776916504
0.9570815563201904,0.9093649387359619,0.9807149767875671
0.9484978318214417,0.9070454239845276,0.9809040427207947
0.9527897238731384,0.9070160984992981,0.9808995723724365
