accuracy,precision,recall
0.9570815563201904,0.8988078236579895,0.9776315689086914
0.9570815563201904,0.8988256454467773,0.9776508212089539
0.9527897238731384,0.8987302780151367,0.9776118397712708
0.9570815563201904,0.898895263671875,0.9775916337966919
0.9570815563201904,0.8989331722259521,0.9775900840759277
0.9656652212142944,0.8988256454467773,0.9774774312973022
0.9442059993743896,0.8988447189331055,0.9774788618087769
0.9527897238731384,0.8989604115486145,0.9774986505508423
0.9527897238731384,0.898618757724762,0.9775583744049072
0.9656652212142944,0.8984240889549255,0.977527916431427
0.9527897238731384,0.8983822464942932,0.9774616956710815
0.9527897238731384,0.8982836008071899,0.9774884581565857
0.9356223344802856,0.8957090973854065,0.9777230024337769
0.9527897238731384,0.8957724571228027,0.9777016043663025
0.9613733887672424,0.895734429359436,0.9776779413223267
0.9527897238731384,0.8955473899841309,0.9776661396026611
0.9442059993743896,0.8931134939193726,0.9778699278831482
0.9527897238731384,0.8932139873504639,0.9778949618339539
0.9570815563201904,0.8931881785392761,0.9778789281845093
0.9527897238731384,0.893293023109436,0.9778645038604736
0.9527897238731384,0.8933691382408142,0.9778661131858826
0.9613733887672424,0.893512487411499,0.9778411388397217
0.9399141669273376,0.891293466091156,0.9780445694923401
0.9527897238731384,0.8914793729782104,0.9780799746513367
0.9613733887672424,0.8914168477058411,0.978066086769104
0.9527897238731384,0.8913710117340088,0.9780596494674683
0.9399141669273376,0.8892993927001953,0.9782639145851135
0.9527897238731384,0.8896238803863525,0.9782636761665344
0.9356223344802856,0.8876016736030579,0.978458821773529
0.9527897238731384,0.8877273797988892,0.978434681892395
