accuracy,precision,recall
0.9484978318214417,0.9016485214233398,0.9813356399536133
0.9484978318214417,0.9017852544784546,0.9813469052314758
0.9527897238731384,0.90191251039505,0.9813339114189148
0.9570815563201904,0.9020518064498901,0.9813385009765625
0.9527897238731384,0.9021930694580078,0.9813584685325623
0.9527897238731384,0.9022833704948425,0.9813035726547241
0.9613733887672424,0.9023661613464355,0.9813112020492554
0.9570815563201904,0.9025336503982544,0.9813048243522644
0.9527897238731384,0.9026800990104675,0.9813185930252075
0.9527897238731384,0.9027897119522095,0.9812644124031067
0.9527897238731384,0.9029053449630737,0.9812668561935425
0.9527897238731384,0.9030121564865112,0.9812370538711548
0.9527897238731384,0.9016532897949219,0.9813369512557983
0.9484978318214417,0.9017643928527832,0.9813059568405151
0.9527897238731384,0.9019219279289246,0.981264591217041
0.9570815563201904,0.9020156860351562,0.9812828302383423
0.9527897238731384,0.9006726145744324,0.9813697338104248
0.9613733887672424,0.9008258581161499,0.9813780784606934
0.9613733887672424,0.9008920192718506,0.9813375473022461
0.9613733887672424,0.9010336399078369,0.9813156723976135
0.9570815563201904,0.9011592268943787,0.9812890887260437
0.9656652212142944,0.9012805223464966,0.9812738299369812
0.9484978318214417,0.9000096917152405,0.9813637733459473
0.9484978318214417,0.9001225233078003,0.9813929796218872
0.9613733887672424,0.9002770185470581,0.9813976287841797
0.9613733887672424,0.9003849625587463,0.9813888072967529
0.9484978318214417,0.8991583585739136,0.9814817905426025
0.9570815563201904,0.8991998434066772,0.9814664125442505
0.9356223344802856,0.897995114326477,0.9815708994865417
0.9484978318214417,0.8967956304550171,0.9816441535949707
