accuracy,precision,recall
0.9484978318214417,0.8969447612762451,0.9816356897354126
0.9484978318214417,0.8971140384674072,0.9816403388977051
0.9527897238731384,0.8972716927528381,0.9816480875015259
0.9613733887672424,0.8973830342292786,0.9816305041313171
0.9613733887672424,0.8975280523300171,0.9816300868988037
0.9527897238731384,0.8964455127716064,0.9816949367523193
0.9442059993743896,0.8953857421875,0.9817729592323303
0.9570815563201904,0.895550012588501,0.9817724227905273
0.9527897238731384,0.8956865072250366,0.9817832112312317
0.9484978318214417,0.8957615494728088,0.9817450046539307
0.9570815563201904,0.8959200978279114,0.9817519187927246
0.9527897238731384,0.8960379958152771,0.9817257523536682
0.9527897238731384,0.8950183391571045,0.9817997217178345
0.9656652212142944,0.8951184153556824,0.9817913770675659
0.9527897238731384,0.8952807784080505,0.981773316860199
0.9570815563201904,0.8953567147254944,0.9817681312561035
0.9527897238731384,0.8943503499031067,0.9818381071090698
0.9527897238731384,0.8944690227508545,0.9818722009658813
0.9570815563201904,0.8945379257202148,0.9818502068519592
0.9613733887672424,0.8946444392204285,0.9818471074104309
0.9527897238731384,0.893662691116333,0.9819146394729614
0.9613733887672424,0.8937863111495972,0.981896162033081
0.9442059993743896,0.8928300738334656,0.9819619059562683
0.9570815563201904,0.8929318189620972,0.9819784164428711
0.9699570536613464,0.8930274844169617,0.981957197189331
0.9570815563201904,0.8931155204772949,0.9819321632385254
0.9442059993743896,0.8921806216239929,0.9820022583007812
0.9570815563201904,0.892254114151001,0.9819689989089966
0.9442059993743896,0.8913316130638123,0.9820522665977478
0.9527897238731384,0.8904219269752502,0.9821143746376038
