accuracy,precision,recall
0.9527897238731384,0.87227863073349,0.9795160293579102
0.9527897238731384,0.8723607659339905,0.9795262813568115
0.9527897238731384,0.8724094033241272,0.9795322418212891
0.9613733887672424,0.8724548816680908,0.9795188903808594
0.9527897238731384,0.8724892139434814,0.9795191287994385
0.9313304424285889,0.8717694282531738,0.9795664548873901
0.9270386099815369,0.8710600137710571,0.9796372056007385
0.9527897238731384,0.8711696863174438,0.9796400666236877
0.9484978318214417,0.8713513016700745,0.9796203374862671
0.9484978318214417,0.8714718818664551,0.9796005487442017
0.9570815563201904,0.8716254830360413,0.9796079397201538
0.9570815563201904,0.8716520667076111,0.9795645475387573
0.9527897238731384,0.8709658980369568,0.9796301126480103
0.9527897238731384,0.8711286783218384,0.9795876741409302
0.9613733887672424,0.8712297677993774,0.9795238375663757
0.9527897238731384,0.8712645173072815,0.9795510768890381
0.9270386099815369,0.8705837726593018,0.9796198606491089
0.9570815563201904,0.8707485795021057,0.9796137809753418
0.9570815563201904,0.8707965016365051,0.9796009659767151
0.9570815563201904,0.8709864616394043,0.9795711040496826
0.9356223344802856,0.8703367114067078,0.9796380996704102
0.9570815563201904,0.8704285025596619,0.9796032309532166
0.9313304424285889,0.8697785139083862,0.9796653389930725
0.9527897238731384,0.8697917461395264,0.9796920418739319
0.9613733887672424,0.8698429465293884,0.9796767830848694
0.9570815563201904,0.8698803186416626,0.9796512126922607
0.9184549450874329,0.869243860244751,0.9797168970108032
0.9570815563201904,0.8693026304244995,0.9796910285949707
0.9184549450874329,0.8686730861663818,0.9797672033309937
0.9399141669273376,0.8680523633956909,0.9798206686973572
