accuracy,precision,recall
0.9484978318214417,0.8681013584136963,0.9797988533973694
0.9442059993743896,0.8682053089141846,0.9798005223274231
0.9442059993743896,0.8682814240455627,0.9797841906547546
0.9570815563201904,0.8683186769485474,0.9797669649124146
0.9527897238731384,0.8683903813362122,0.979781985282898
0.9227467775344849,0.8678224682807922,0.9798255562782288
0.9184549450874329,0.8672616481781006,0.9798813462257385
0.9527897238731384,0.867347240447998,0.9798927903175354
0.9484978318214417,0.867426335811615,0.9798911809921265
0.9442059993743896,0.8674824237823486,0.979855477809906
0.9570815563201904,0.8676828145980835,0.9798376560211182
0.9527897238731384,0.8677803874015808,0.9798099994659424
0.9442059993743896,0.8672347664833069,0.9798641204833984
0.9527897238731384,0.8673108816146851,0.9798167943954468
0.9656652212142944,0.8674136996269226,0.9797703623771667
0.9613733887672424,0.8674805164337158,0.9797888398170471
0.9227467775344849,0.8669390678405762,0.9798443913459778
0.9527897238731384,0.8669925332069397,0.9798341393470764
0.9613733887672424,0.8670390844345093,0.979820191860199
0.9570815563201904,0.8670936226844788,0.9798101186752319
0.9356223344802856,0.8665843605995178,0.979864239692688
0.9613733887672424,0.866655170917511,0.9798457622528076
0.9227467775344849,0.8661360740661621,0.9798948764801025
0.9570815563201904,0.866183876991272,0.9799306988716125
0.9613733887672424,0.8662459850311279,0.9799106121063232
0.9613733887672424,0.8663101196289062,0.9798985123634338
0.9184549450874329,0.8658068180084229,0.9799520969390869
0.9484978318214417,0.8658810257911682,0.9799565076828003
0.9184549450874329,0.8653731942176819,0.9800187945365906
0.9399141669273376,0.8648768663406372,0.980061411857605
