accuracy,precision,recall
0.08154506236314774,0.6660714149475098,0.8174412846565247
0.08154506236314774,0.6662567257881165,0.8174457550048828
0.055793993175029755,0.6663812398910522,0.8174428939819336
0.06866952776908875,0.6665350198745728,0.8174740672111511
0.07725322246551514,0.6667338609695435,0.8175675272941589
0.06008583679795265,0.6668303608894348,0.817579448223114
0.05150214582681656,0.667015790939331,0.817609429359436
0.09871244430541992,0.6672201156616211,0.8177041411399841
0.10300429165363312,0.6674091219902039,0.8178307414054871
0.08583690971136093,0.6675651669502258,0.8178781867027283
0.08583690971136093,0.6676292419433594,0.8178774118423462
0.11158798635005951,0.6678283214569092,0.8179488182067871
0.08583690971136093,0.6680184006690979,0.8180521726608276
0.06866952776908875,0.6681680679321289,0.8181034922599792
0.14163090288639069,0.6682803630828857,0.818190336227417
0.07296137511730194,0.6684749126434326,0.8182649612426758
0.07725322246551514,0.6686082482337952,0.8183116316795349
0.09871244430541992,0.6686812043190002,0.8182405829429626
0.1287553608417511,0.6687152981758118,0.8182297945022583
0.07296137511730194,0.668940007686615,0.8182905316352844
0.11158798635005951,0.6690645813941956,0.8182888627052307
0.07296137511730194,0.6692610383033752,0.8183174133300781
0.1244635209441185,0.6694361567497253,0.8183780908584595
0.06866952776908875,0.6694936156272888,0.8184043765068054
0.08154506236314774,0.6695860028266907,0.8184774518013
0.06008583679795265,0.6697351336479187,0.8185704350471497
0.06437768042087555,0.6699568033218384,0.8186318278312683
0.09442060440778732,0.670152485370636,0.8187336325645447
0.08154506236314774,0.6703091859817505,0.8187933564186096
0.10300429165363312,0.6704503893852234,0.8188095092773438
