accuracy,precision,recall
0.1373390555381775,0.7132363319396973,0.7529363632202148
0.2360514998435974,0.7131180763244629,0.7529211044311523
0.248927041888237,0.7130056619644165,0.7529058456420898
0.2360514998435974,0.7128986716270447,0.7529074549674988
0.28326180577278137,0.7127948999404907,0.7528992891311646
0.30901288986206055,0.712678849697113,0.7528981566429138
0.30901288986206055,0.712553858757019,0.7528823018074036
0.3776824176311493,0.7124488353729248,0.7528908848762512
0.15879827737808228,0.7123467326164246,0.7528986930847168
0.15879827737808228,0.7122406959533691,0.7528862953186035
0.2360514998435974,0.7121299505233765,0.7528817653656006
0.21888412535190582,0.7120299935340881,0.7528760433197021
0.17167381942272186,0.7119435667991638,0.7528787851333618
0.2403433471918106,0.7118026614189148,0.7528538703918457
0.3476394712924957,0.711705207824707,0.7528512477874756
0.21030043065547943,0.7116161584854126,0.752848744392395
0.2360514998435974,0.7115064859390259,0.7528371810913086
0.18884120881557465,0.7114191055297852,0.752843976020813
0.21888412535190582,0.7113274931907654,0.7528470158576965
0.29613733291625977,0.7112056016921997,0.7528328895568848
0.22746780514717102,0.7110862135887146,0.7528277635574341
0.2446351945400238,0.710971474647522,0.7528320550918579
0.19313304126262665,0.7108699679374695,0.7528330087661743
0.2575107216835022,0.7107659578323364,0.7528347969055176
0.18884120881557465,0.7106564044952393,0.7528292536735535
0.20171673595905304,0.7105377912521362,0.7528209686279297
0.21459227800369263,0.7104527950286865,0.7528263330459595
0.2360514998435974,0.710351288318634,0.7528120279312134
0.29184550046920776,0.7102506160736084,0.7528115510940552
0.21030043065547943,0.710143506526947,0.7528030872344971
