accuracy,precision,recall
0.9399141669273376,0.9369203448295593,0.9688299894332886
0.9442059993743896,0.9333338141441345,0.9674854278564453
0.9399141669273376,0.9304550290107727,0.9654990434646606
0.9399141669273376,0.9283443093299866,0.9640220999717712
0.9184549450874329,0.9259361624717712,0.9626660346984863
0.9227467775344849,0.923423707485199,0.9610361456871033
0.9227467775344849,0.9214345216751099,0.9598100185394287
0.9227467775344849,0.9190634489059448,0.9584679007530212
0.9227467775344849,0.9170120358467102,0.9575045108795166
0.9442059993743896,0.9153206944465637,0.9561522006988525
0.9184549450874329,0.9135507345199585,0.9553115963935852
0.9313304424285889,0.9122593402862549,0.9545502662658691
0.9484978318214417,0.9101734757423401,0.9534296989440918
0.9442059993743896,0.9089757800102234,0.9527002573013306
0.9356223344802856,0.9070963859558105,0.9513207077980042
0.9184549450874329,0.9056361317634583,0.9505754709243774
0.9270386099815369,0.9047914147377014,0.9498332142829895
0.9399141669273376,0.9031574726104736,0.9491523504257202
0.9313304424285889,0.9022898077964783,0.9483840465545654
0.9227467775344849,0.9007724523544312,0.9477107524871826
0.9356223344802856,0.8999999761581421,0.9471740126609802
0.9270386099815369,0.8985050916671753,0.9462798237800598
0.9141631126403809,0.8976286053657532,0.945734977722168
0.9399141669273376,0.8966178297996521,0.9448152780532837
0.9227467775344849,0.8958868980407715,0.9443017244338989
0.9399141669273376,0.8953100442886353,0.9437834024429321
0.9399141669273376,0.894483208656311,0.9432497024536133
0.9442059993743896,0.8938098549842834,0.9426784515380859
0.9313304424285889,0.892657995223999,0.9418736696243286
0.9227467775344849,0.8918924331665039,0.9413243532180786
