accuracy,precision,recall
0.9442059993743896,0.9383506178855896,0.969573438167572
0.9313304424285889,0.9366530776023865,0.9686148762702942
0.9442059993743896,0.9355928897857666,0.9678725004196167
0.9442059993743896,0.9344367384910583,0.9672505259513855
0.9442059993743896,0.9332268238067627,0.9662431478500366
0.9484978318214417,0.931986391544342,0.9653542041778564
0.9484978318214417,0.931212306022644,0.9647465348243713
0.9356223344802856,0.9296494722366333,0.9638271331787109
0.9227467775344849,0.9281330704689026,0.9631114602088928
0.9442059993743896,0.92691570520401,0.9622550010681152
0.9356223344802856,0.9261491894721985,0.9618284702301025
0.9313304424285889,0.925290584564209,0.96128910779953
0.9313304424285889,0.9242318868637085,0.9606953859329224
0.9442059993743896,0.9238178133964539,0.9603811502456665
0.9484978318214417,0.9228784441947937,0.9596653580665588
0.9227467775344849,0.9222339987754822,0.9593934416770935
0.9356223344802856,0.9218751192092896,0.959120512008667
0.9399141669273376,0.9204235672950745,0.9585551023483276
0.9399141669273376,0.9200305342674255,0.958325982093811
0.9356223344802856,0.9192631244659424,0.9578995108604431
0.9313304424285889,0.918720543384552,0.9574720859527588
0.9442059993743896,0.9175980091094971,0.9568947553634644
0.9270386099815369,0.9169080257415771,0.9566296935081482
0.9356223344802856,0.916292130947113,0.9561541676521301
0.9442059993743896,0.9160653352737427,0.955962598323822
0.9484978318214417,0.9158346056938171,0.955714762210846
0.9484978318214417,0.9153280258178711,0.9553030729293823
0.9399141669273376,0.915012538433075,0.9550212621688843
0.9442059993743896,0.9144288897514343,0.9546881318092346
0.9356223344802856,0.9139809012413025,0.9544607996940613
