accuracy,precision,recall
0.9442059993743896,0.7334858775138855,0.7340713143348694
0.9313304424285889,0.7336124181747437,0.7342317700386047
0.9442059993743896,0.7337513566017151,0.734396755695343
0.9442059993743896,0.7338871955871582,0.7345635890960693
0.9399141669273376,0.734017014503479,0.7347180843353271
0.9484978318214417,0.7341448664665222,0.7348742485046387
0.9484978318214417,0.7342837452888489,0.7350373268127441
0.9399141669273376,0.7343995571136475,0.7351893782615662
0.9227467775344849,0.7345158457756042,0.7353461980819702
0.9442059993743896,0.7346356511116028,0.7354967594146729
0.9356223344802856,0.7347690463066101,0.735660195350647
0.9313304424285889,0.7348979115486145,0.7358193397521973
0.9356223344802856,0.7350189089775085,0.7359749674797058
0.9442059993743896,0.7351585626602173,0.7361393570899963
0.9484978318214417,0.7352782487869263,0.7362878322601318
0.9227467775344849,0.7354092597961426,0.7364518046379089
0.9399141669273376,0.735547661781311,0.7366153001785278
0.9399141669273376,0.7356493473052979,0.7367668747901917
0.9399141669273376,0.7357851266860962,0.7369304895401001
0.9356223344802856,0.7359061241149902,0.7370855212211609
0.9313304424285889,0.7360329627990723,0.7372395992279053
0.9442059993743896,0.736137866973877,0.7373862862586975
0.9227467775344849,0.7362590432167053,0.7375451922416687
0.9356223344802856,0.7363789677619934,0.737694263458252
0.9442059993743896,0.7365148663520813,0.7378548383712769
0.9484978318214417,0.7366493940353394,0.7380126714706421
0.9484978318214417,0.7367712259292603,0.7381622195243835
0.9399141669273376,0.736901044845581,0.7383173108100891
0.9442059993743896,0.737019419670105,0.7384690642356873
0.9356223344802856,0.7371430397033691,0.7386251091957092
