accuracy,precision,recall
0.08154506236314774,0.7042575478553772,0.7549525499343872
0.09442060440778732,0.7042446136474609,0.7549847364425659
0.11158798635005951,0.704254150390625,0.7550259828567505
0.09012875705957413,0.7042675018310547,0.7550752758979797
0.08583690971136093,0.7042747139930725,0.7551175355911255
0.11587982624769211,0.7042678594589233,0.7551637291908264
0.09012875705957413,0.7042816877365112,0.7552111148834229
0.08154506236314774,0.7042860984802246,0.7552541494369507
0.07296137511730194,0.7042748332023621,0.7552750110626221
0.09442060440778732,0.704256534576416,0.755302906036377
0.08154506236314774,0.7042829394340515,0.7553480863571167
0.11158798635005951,0.7042864561080933,0.7553812265396118
0.08154506236314774,0.704304039478302,0.7554184198379517
0.11158798635005951,0.7043166160583496,0.7554636597633362
0.08154506236314774,0.7043066620826721,0.7555029392242432
0.08583690971136093,0.7043018341064453,0.7555482983589172
0.06008583679795265,0.7043086886405945,0.7555967569351196
0.09012875705957413,0.7043318748474121,0.755641758441925
0.07725322246551514,0.7043500542640686,0.7556899189949036
0.08583690971136093,0.7043606638908386,0.7557356953620911
0.11158798635005951,0.7043680548667908,0.7557708621025085
0.07296137511730194,0.7043929696083069,0.7558186650276184
0.09012875705957413,0.7044103145599365,0.7558634877204895
0.08154506236314774,0.7044228315353394,0.7559076547622681
0.09871244430541992,0.7044172883033752,0.7559370398521423
0.06008583679795265,0.7044234871864319,0.7559800148010254
0.10729613900184631,0.704425036907196,0.756022036075592
0.09012875705957413,0.70444655418396,0.7560780048370361
0.09012875705957413,0.7044353485107422,0.7561091184616089
0.09442060440778732,0.7044494152069092,0.7561479806900024
