accuracy,precision,recall
0.08583690971136093,0.7044589519500732,0.7561953067779541
0.09012875705957413,0.7044873833656311,0.7562469840049744
0.08583690971136093,0.7045193314552307,0.7563028335571289
0.06437768042087555,0.7045544385910034,0.756360650062561
0.06866952776908875,0.7045693397521973,0.7564127445220947
0.09012875705957413,0.7046038508415222,0.7564663887023926
0.08583690971136093,0.704623281955719,0.7565155029296875
0.08583690971136093,0.7046348452568054,0.7565515041351318
0.07725322246551514,0.7046486735343933,0.7565963864326477
0.06437768042087555,0.7046858072280884,0.7566479444503784
0.07296137511730194,0.7047134637832642,0.7566949129104614
0.07725322246551514,0.7047477960586548,0.7567425966262817
0.08583690971136093,0.7047772407531738,0.7567949295043945
0.07725322246551514,0.7047905921936035,0.7568409442901611
0.07296137511730194,0.7048074007034302,0.7568984031677246
0.07725322246551514,0.7048364877700806,0.7569554448127747
0.06008583679795265,0.7048774361610413,0.7570093274116516
0.07296137511730194,0.7049105763435364,0.757068395614624
0.07725322246551514,0.7049374580383301,0.7571218609809875
0.09442060440778732,0.7049655914306641,0.7571676969528198
0.06866952776908875,0.7050082683563232,0.7572246789932251
0.09012875705957413,0.7050549387931824,0.7572920918464661
0.07725322246551514,0.7050840258598328,0.7573475241661072
0.06437768042087555,0.7050973773002625,0.7573836445808411
0.07296137511730194,0.7051239609718323,0.7574384808540344
0.08583690971136093,0.7051471471786499,0.757493257522583
0.08583690971136093,0.7051916122436523,0.7575565576553345
0.09442060440778732,0.7051960825920105,0.7575934529304504
0.08154506236314774,0.7052180171012878,0.7576395273208618
0.06008583679795265,0.7052285671234131,0.7576789855957031
