accuracy,precision,recall
0.8540772795677185,0.7983478307723999,0.8937437534332275
0.8497853875160217,0.7965328693389893,0.8929942846298218
0.8497853875160217,0.7947486042976379,0.892156720161438
0.8712446093559265,0.793260395526886,0.8912967443466187
0.9012875556945801,0.7916074991226196,0.8905770182609558
0.8197425007820129,0.7899452447891235,0.889927864074707
0.832617998123169,0.788403332233429,0.8890847563743591
0.8111587762832642,0.7870090007781982,0.888440728187561
0.8841201663017273,0.78574538230896,0.887856125831604
0.7424892783164978,0.7840428948402405,0.8871139287948608
0.8283261656761169,0.7825404405593872,0.8863555192947388
0.8454935550689697,0.7809745669364929,0.8856983184814453
0.832617998123169,0.7796236276626587,0.8850845098495483
0.832617998123169,0.7783179879188538,0.8844635486602783
0.8841201663017273,0.7769572734832764,0.8837752938270569
0.8283261656761169,0.7754545211791992,0.883021891117096
0.8755365014076233,0.7742642760276794,0.8826317191123962
0.8669527769088745,0.7732899785041809,0.8819310069084167
0.8454935550689697,0.772136390209198,0.8812889456748962
0.8626609444618225,0.7706779837608337,0.880730926990509
0.8841201663017273,0.7693665027618408,0.8799654245376587
0.8540772795677185,0.7682313919067383,0.879531979560852
0.8884119987487793,0.7668720483779907,0.878900408744812
0.8626609444618225,0.7656518816947937,0.8784481287002563
0.8841201663017273,0.7644509077072144,0.877843976020813
0.8240343332290649,0.763056755065918,0.8772700428962708
0.8540772795677185,0.761814534664154,0.8768270611763
0.8111587762832642,0.760546863079071,0.8762705326080322
0.8841201663017273,0.7596113085746765,0.875690221786499
0.8712446093559265,0.7589132785797119,0.8754054307937622
