accuracy,precision,recall
0.7982832789421082,0.7572843432426453,0.8746220469474792
0.6824034452438354,0.7558816075325012,0.8739027380943298
0.8068669438362122,0.7544816732406616,0.8730452060699463
0.7553648352622986,0.753037691116333,0.8723160028457642
0.8197425007820129,0.7517054080963135,0.8716607093811035
0.7811158895492554,0.7505893707275391,0.8708910942077637
0.832617998123169,0.7492089867591858,0.870147705078125
0.7768240571022034,0.7479203343391418,0.8695449829101562
0.6609442234039307,0.7466466426849365,0.8689045310020447
0.7639485001564026,0.7454085946083069,0.8682137727737427
0.7682403326034546,0.7441918849945068,0.8675912022590637
0.7811158895492554,0.7429492473602295,0.866889476776123
0.7124463319778442,0.7418691515922546,0.8662179112434387
0.7896995544433594,0.7407684922218323,0.8656738996505737
0.7639485001564026,0.7395271062850952,0.8649061918258667
0.7939913868904114,0.7384023666381836,0.8643463850021362
0.7725321650505066,0.7374000549316406,0.8637348413467407
0.733905553817749,0.736309826374054,0.8631519675254822
0.7725321650505066,0.7350942492485046,0.8625614047050476
0.7510729432106018,0.733982503414154,0.8617894649505615
0.8025751113891602,0.7329742908477783,0.8613395094871521
0.721030056476593,0.7319261431694031,0.8608099222183228
0.8240343332290649,0.7307752370834351,0.8603427410125732
0.8025751113891602,0.7297453880310059,0.8598030805587769
0.7768240571022034,0.7286480665206909,0.8593639135360718
0.7768240571022034,0.7275851964950562,0.8588489294052124
0.721030056476593,0.7264418601989746,0.8582550287246704
0.7510729432106018,0.7257344722747803,0.8577587604522705
0.8197425007820129,0.7250208854675293,0.8573622107505798
0.8583691120147705,0.7240387797355652,0.8568591475486755
