accuracy,precision,recall
0.9012875556945801,0.8152216076850891,0.9005140662193298
0.9141631126403809,0.814315676689148,0.9000882506370544
0.9012875556945801,0.8135080933570862,0.8997796773910522
0.832617998123169,0.812692403793335,0.8993917107582092
0.8712446093559265,0.8119390606880188,0.8989672064781189
0.8454935550689697,0.8114015460014343,0.8986477851867676
0.9055793881416321,0.8106016516685486,0.8982648849487305
0.8927038908004761,0.8093189597129822,0.8978327512741089
0.9098712205886841,0.8084731698036194,0.8973706364631653
0.8755365014076233,0.8075730800628662,0.8969475030899048
0.8583691120147705,0.8067383766174316,0.8965623378753662
0.8969957232475281,0.8060191869735718,0.8962622284889221
0.8884119987487793,0.8053625226020813,0.8959104418754578
0.8798283338546753,0.8044538497924805,0.89549320936203
0.9184549450874329,0.8037586212158203,0.8953074216842651
0.8669527769088745,0.8032142519950867,0.8949998617172241
0.8154506683349609,0.8023530840873718,0.8946654200553894
0.8755365014076233,0.8015122413635254,0.8943084478378296
0.8927038908004761,0.8007477521896362,0.8937872052192688
0.8798283338546753,0.8000840544700623,0.8935161232948303
0.8755365014076233,0.7993842363357544,0.8932019472122192
0.8927038908004761,0.7986047267913818,0.8928757905960083
0.8841201663017273,0.7979025840759277,0.8924976587295532
0.9055793881416321,0.7970049381256104,0.892131507396698
0.8841201663017273,0.7963321805000305,0.8918552398681641
0.8755365014076233,0.7956474423408508,0.8915324807167053
0.9184549450874329,0.7951847314834595,0.8912086486816406
0.9270386099815369,0.7948238253593445,0.8910115957260132
0.8111587762832642,0.7941379547119141,0.8906997442245483
0.9098712205886841,0.7935879826545715,0.8904200196266174
