accuracy,precision,recall
0.8969957232475281,0.7402580976486206,0.7499886751174927
0.9055793881416321,0.7401961088180542,0.7500397562980652
0.9012875556945801,0.7401468753814697,0.7501040101051331
0.832617998123169,0.7400943040847778,0.7501581311225891
0.8712446093559265,0.7400484681129456,0.7502066493034363
0.8454935550689697,0.7400306463241577,0.750268816947937
0.9098712205886841,0.7399771809577942,0.7503212690353394
0.8927038908004761,0.739859402179718,0.7503670454025269
0.9098712205886841,0.7397963404655457,0.7504086494445801
0.8755365014076233,0.7397252321243286,0.7504546046257019
0.8583691120147705,0.7396619319915771,0.7505048513412476
0.8927038908004761,0.7396131753921509,0.750565767288208
0.8884119987487793,0.7395718097686768,0.7506191730499268
0.8798283338546753,0.7394946813583374,0.7506636381149292
0.9184549450874329,0.7394468784332275,0.7507373690605164
0.8540772795677185,0.7394173741340637,0.7507952451705933
0.8197425007820129,0.73934406042099,0.750849187374115
0.8755365014076233,0.7392719984054565,0.7508992552757263
0.8927038908004761,0.7392070889472961,0.7509261965751648
0.8798283338546753,0.7391589879989624,0.7509867548942566
0.8755365014076233,0.739104151725769,0.7510412931442261
0.8969957232475281,0.7390372157096863,0.7510935664176941
0.8841201663017273,0.7389786839485168,0.7511374354362488
0.9098712205886841,0.7388917803764343,0.7511827349662781
0.8841201663017273,0.7388366460800171,0.7512404322624207
0.8798283338546753,0.7387779951095581,0.7512907385826111
0.9184549450874329,0.7387503385543823,0.7513402700424194
0.9270386099815369,0.7387382984161377,0.7514067888259888
0.8025751113891602,0.7386767864227295,0.7514576315879822
0.9356223344802856,0.7386329770088196,0.7515109777450562
