accuracy,precision,recall
0.8712446093559265,0.7706844806671143,0.879908561706543
0.8412017226219177,0.7699088454246521,0.879571259021759
0.8497853875160217,0.7691894173622131,0.8791152834892273
0.8283261656761169,0.7684333324432373,0.8787572979927063
0.8240343332290649,0.7677608728408813,0.8784314393997192
0.7424892783164978,0.7669116258621216,0.8780585527420044
0.8369098901748657,0.766215443611145,0.8776874542236328
0.8025751113891602,0.7654087543487549,0.8773553967475891
0.8412017226219177,0.7646536231040955,0.8770129680633545
0.8412017226219177,0.7639747858047485,0.8766520619392395
0.8755365014076233,0.7632623314857483,0.8763116598129272
0.8197425007820129,0.7624916434288025,0.875906765460968
0.8798283338546753,0.7618759870529175,0.8757050037384033
0.8154506683349609,0.7612760663032532,0.875361979007721
0.8025751113891602,0.7606726884841919,0.875029981136322
0.8283261656761169,0.7598842978477478,0.874718189239502
0.8454935550689697,0.7591890692710876,0.8742733597755432
0.8540772795677185,0.758589506149292,0.8740334510803223
0.8669527769088745,0.7578050494194031,0.8736898899078369
0.8755365014076233,0.757135808467865,0.8734254837036133
0.8369098901748657,0.7564587593078613,0.8731045126914978
0.8583691120147705,0.7556722164154053,0.8727732300758362
0.8283261656761169,0.7549847364425659,0.872506856918335
0.7768240571022034,0.7542440891265869,0.8721959590911865
0.8626609444618225,0.7537189722061157,0.8718842267990112
0.8583691120147705,0.7533480525016785,0.871721088886261
0.8497853875160217,0.7526978254318237,0.8714118599891663
0.8369098901748657,0.7520731687545776,0.8711248636245728
0.8755365014076233,0.7514065504074097,0.870689332485199
0.7982832789421082,0.7508398294448853,0.8703266382217407
