accuracy,precision,recall
0.7808488607406616,0.6110629439353943,0.8135548830032349
0.7618082165718079,0.6088554263114929,0.8127065300941467
0.7764879465103149,0.6066620945930481,0.8118379712104797
0.7615625858306885,0.6045106053352356,0.8109743595123291
0.7716970443725586,0.6023654937744141,0.8101262450218201
0.7726798057556152,0.6002196669578552,0.8092938661575317
0.7932559251785278,0.5981243252754211,0.8084202408790588
0.7792518734931946,0.5960596799850464,0.8075485229492188
0.7777777910232544,0.5939764380455017,0.8066632747650146
0.8007493615150452,0.5919013619422913,0.8057956695556641
0.7946072220802307,0.5898463726043701,0.8049545288085938
0.7860696315765381,0.5878016948699951,0.8041063547134399
0.7826300859451294,0.5857667326927185,0.8032829761505127
0.7676432728767395,0.58375084400177,0.8024492263793945
0.7667833566665649,0.581769585609436,0.8015691041946411
0.7842270135879517,0.5797728896141052,0.8007434010505676
0.790246307849884,0.5778067708015442,0.7999457120895386
0.7888336181640625,0.5758354067802429,0.7995227575302124
0.7694244980812073,0.5738862156867981,0.7990513443946838
0.7802346348762512,0.5719579458236694,0.7986127138137817
0.8020392060279846,0.5700269341468811,0.7981641292572021
0.7790061831474304,0.568115234375,0.7976995706558228
0.7797432541847229,0.5662258863449097,0.7972643375396729
0.7735397219657898,0.5643419027328491,0.796812117099762
0.7715741991996765,0.5624805092811584,0.7963266968727112
0.7816473245620728,0.5606213808059692,0.7958679795265198
0.770161509513855,0.5587800741195679,0.795404851436615
0.7874823212623596,0.556956946849823,0.794981062412262
0.7786376476287842,0.5551283359527588,0.7945649027824402
0.790799081325531,0.5533036589622498,0.7941821813583374
