accuracy,precision,recall
0.8431914448738098,0.7885037064552307,0.9158910512924194
0.8368036150932312,0.7866418361663818,0.9145806431770325
0.843437135219574,0.7850622534751892,0.9133932590484619
0.8389533758163452,0.7835283875465393,0.9121752977371216
0.8457711338996887,0.7819207310676575,0.9111348986625671
0.8427615165710449,0.7804564237594604,0.9101648926734924
0.8411645293235779,0.7791032791137695,0.9091506600379944
0.8464467525482178,0.777792751789093,0.9082032442092896
0.8399975299835205,0.7765809297561646,0.9073168635368347
0.8397518396377563,0.7753594517707825,0.906470537185669
0.8429457545280457,0.7743098139762878,0.9057008028030396
0.8447884321212769,0.7733681797981262,0.9050294756889343
0.8448498249053955,0.7723899483680725,0.9043965339660645
0.8460782766342163,0.7714918255805969,0.9037781953811646
0.8368650674819946,0.7706602811813354,0.9032248258590698
0.8411031365394592,0.7702940702438354,0.9028405547142029
0.8395676016807556,0.7698963284492493,0.9025049805641174
0.8460782766342163,0.769446849822998,0.9021317362785339
0.8424543738365173,0.7691264748573303,0.9017637968063354
0.8277133107185364,0.7687287926673889,0.9014284014701843
0.8457711338996887,0.7683311104774475,0.9011311531066895
0.8360051512718201,0.7680563926696777,0.9008319973945618
0.8402432203292847,0.7677605748176575,0.9005125761032104
0.8345924615859985,0.7674542665481567,0.9002184271812439
0.8451569080352783,0.7672315239906311,0.8999629616737366
0.8458939790725708,0.766866147518158,0.8997188210487366
0.8436828255653381,0.7666624784469604,0.8995140194892883
0.8420858383178711,0.7664404511451721,0.8992598652839661
0.8409188389778137,0.7662045359611511,0.899010956287384
0.8420858383178711,0.7660115361213684,0.898773193359375
