accuracy,precision,recall
0.8376021385192871,0.7257890701293945,0.8717938661575317
0.836435079574585,0.7248417735099792,0.8710955381393433
0.8429457545280457,0.7238514423370361,0.8705427646636963
0.8367422223091125,0.7229297757148743,0.8700655102729797
0.8375406861305237,0.7220941781997681,0.8694781064987183
0.8388919830322266,0.721341609954834,0.8689881563186646
0.8398132920265198,0.7207450866699219,0.868546724319458
0.8417173624038696,0.7199122905731201,0.8681121468544006
0.829801619052887,0.7192679047584534,0.867706298828125
0.8399975299835205,0.7187087535858154,0.8673527240753174
0.8426386713981628,0.7181686162948608,0.8670676350593567
0.8415945172309875,0.7175779342651367,0.8667639493942261
0.8391376733779907,0.7171070575714111,0.866524875164032
0.8399361371994019,0.716668963432312,0.8662108182907104
0.8377863764762878,0.7161350846290588,0.8659673929214478
0.832504153251648,0.7156675457954407,0.8656683564186096
0.8400589823722839,0.7152319550514221,0.8653261065483093
0.8418402075767517,0.7151157259941101,0.865234375
0.8367422223091125,0.7152489423751831,0.865327775478363
0.8340396881103516,0.7154598236083984,0.8653852939605713
0.8431300520896912,0.7156376838684082,0.8653326034545898
0.8404889106750488,0.7157852649688721,0.865418016910553
0.8383391499519348,0.7159435749053955,0.8655396103858948
0.8371107578277588,0.716000497341156,0.8656290173530579
0.8450340628623962,0.7161836624145508,0.8657248020172119
0.8391376733779907,0.7162714600563049,0.8657835721969604
0.8376021385192871,0.7163873910903931,0.8658226132392883
0.8394447565078735,0.7165215611457825,0.8658773303031921
0.8430072069168091,0.7166244387626648,0.865898609161377
0.8391376733779907,0.716766357421875,0.8659125566482544
