accuracy,precision,recall
0.8078742027282715,0.7193602323532104,0.8718805313110352
0.7955285310745239,0.7187585234642029,0.8715432286262512
0.7939316034317017,0.7181899547576904,0.8711869716644287
0.8166574239730835,0.7175789475440979,0.8708733916282654
0.7851483225822449,0.7169995307922363,0.8705426454544067
0.8087955117225647,0.7164296507835388,0.8702104687690735
0.8044960498809814,0.7158503532409668,0.8699119687080383
0.7932559251785278,0.7153168320655823,0.8695762157440186
0.7806645631790161,0.7148029804229736,0.8692322969436646
0.8086726665496826,0.7142572999000549,0.8689863085746765
0.8002579808235168,0.7137436270713806,0.8687129020690918
0.8008107542991638,0.7132764458656311,0.8683865666389465
0.8136478066444397,0.712829053401947,0.8680424690246582
0.7985381484031677,0.7123498916625977,0.8677363395690918
0.7903691530227661,0.711874783039093,0.86744624376297
0.8077513575553894,0.7114037275314331,0.8671653270721436
0.808611273765564,0.7109350562095642,0.8669149279594421
0.8165960311889648,0.7104768753051758,0.8666771054267883
0.800503671169281,0.7100343108177185,0.8663790822029114
0.8118665814399719,0.7095946073532104,0.8660194873809814
0.7930102348327637,0.7091667652130127,0.8656938672065735
0.8104538917541504,0.7087484002113342,0.8653785586357117
0.8197899460792542,0.7083267569541931,0.8650818467140198
0.8028990626335144,0.7079242467880249,0.8647549152374268
0.7984153032302856,0.7075155973434448,0.8644642233848572
0.8166574239730835,0.7071197032928467,0.8641428351402283
0.8118051886558533,0.7067342400550842,0.8638306856155396
0.8201584815979004,0.7063591480255127,0.8635541200637817
0.8140777349472046,0.7059643268585205,0.8632744550704956
0.8234137892723083,0.7055967450141907,0.8629828691482544
