accuracy,precision,recall
0.8245193958282471,0.6977429389953613,0.8572471737861633
0.8271604776382446,0.69744873046875,0.8570855855941772
0.8280203938484192,0.6971712708473206,0.8569251894950867
0.827774703502655,0.696896493434906,0.8567484021186829
0.8196056485176086,0.6966208815574646,0.8566051721572876
0.82924884557724,0.6963500380516052,0.8564457297325134
0.8325655460357666,0.6960947513580322,0.8562923073768616
0.8240280151367188,0.6958306431770325,0.8561685681343079
0.8183772563934326,0.6955772042274475,0.8560442328453064
0.815244734287262,0.6953351497650146,0.8558958768844604
0.8296173214912415,0.6950961351394653,0.8556602597236633
0.8179473280906677,0.6948522329330444,0.855461835861206
0.8322584629058838,0.694610595703125,0.8552467226982117
0.8302315473556519,0.6943851709365845,0.8550347089767456
0.8263620138168335,0.694150447845459,0.8548585176467896
0.8245193958282471,0.6939206123352051,0.8547058701515198
0.8224924802780151,0.6936964988708496,0.8544993996620178
0.8370493054389954,0.6934807896614075,0.8542712330818176
0.822246789932251,0.6932671666145325,0.8540654182434082
0.825072169303894,0.6930549740791321,0.8538800477981567
0.8274061679840088,0.6928442716598511,0.8537076115608215
0.825624942779541,0.6926478147506714,0.8535158038139343
0.8280203938484192,0.692443311214447,0.8533409833908081
0.8297401666641235,0.6922496557235718,0.8531584143638611
0.8280203938484192,0.692050039768219,0.8529900312423706
0.8284503221511841,0.6918625831604004,0.8528141975402832
0.8348381519317627,0.6916752457618713,0.8526378273963928
0.822799563407898,0.6914897561073303,0.8524694442749023
0.829801619052887,0.6913067698478699,0.8523021340370178
0.8243350982666016,0.6911291480064392,0.8521190881729126
