accuracy,precision,recall
0.7995209097862244,0.6743881702423096,0.8402641415596008
0.8145077228546143,0.6728934645652771,0.8393250703811646
0.8094097375869751,0.671364963054657,0.8384481072425842
0.8021620512008667,0.6698821187019348,0.8375243544578552
0.795651376247406,0.6684173941612244,0.8366026878356934
0.817394495010376,0.6669419407844543,0.8357221484184265
0.7984767556190491,0.6646394729614258,0.8348394632339478
0.7997666001319885,0.6622946858406067,0.8339163661003113
0.7976782917976379,0.6600369215011597,0.832970380783081
0.7970640659332275,0.6576653122901917,0.832039475440979
0.8049259781837463,0.6553127765655518,0.8311273455619812
0.815367579460144,0.652957022190094,0.8302305936813354
0.8129721879959106,0.6506034731864929,0.8293458223342896
0.8021620512008667,0.6482759118080139,0.828460693359375
0.7885264754295349,0.6459773182868958,0.8275687098503113
0.8091640472412109,0.6436744928359985,0.8266606330871582
0.7845955491065979,0.6413788795471191,0.8257985711097717
0.8177016377449036,0.6391603350639343,0.8248965740203857
0.8051102757453918,0.6368995904922485,0.8240285515785217
0.8106995820999146,0.6347047686576843,0.8231298327445984
0.7950371503829956,0.6324583292007446,0.8222675323486328
0.803881824016571,0.6302604675292969,0.8213804364204407
0.8076899647712708,0.6280792951583862,0.8204960823059082
0.7987224459648132,0.6259185671806335,0.8196340799331665
0.8076285123825073,0.6237462759017944,0.8187581300735474
0.8040046691894531,0.6216242909431458,0.8178716897964478
0.8114980459213257,0.619519054889679,0.8169956207275391
0.8088569641113281,0.617459237575531,0.8161104321479797
0.8192985653877258,0.6153963208198547,0.8152471780776978
0.7964498400688171,0.6132935881614685,0.814394474029541
