accuracy,precision,recall
0.8456482887268066,0.9880848526954651,0.9814422130584717
0.8456482887268066,0.9819233417510986,0.9756108522415161
0.8456482887268066,0.9762858152389526,0.9702718257904053
0.8456482887268066,0.9711025357246399,0.9653646945953369
0.8456482887268066,0.9663190245628357,0.9608322381973267
0.8456482887268066,0.9619091153144836,0.9566431641578674
0.8456482887268066,0.957804262638092,0.9527609348297119
0.8456482887268066,0.9539937376976013,0.9491379261016846
0.8456482887268066,0.9504427909851074,0.9457722902297974
0.8456482887268066,0.947121262550354,0.9426164627075195
0.8456482887268066,0.9440085887908936,0.9396668672561646
0.8456482887268066,0.9410908818244934,0.936890184879303
0.8456482887268066,0.9383451342582703,0.9342736005783081
0.8456482887268066,0.9357606172561646,0.9318236112594604
0.8456482887268066,0.933319091796875,0.9295000433921814
0.8456482887268066,0.9310028553009033,0.9273048639297485
0.8456482887268066,0.9288149476051331,0.9252195954322815
0.8456482887268066,0.9267467260360718,0.923248827457428
0.8456482887268066,0.9247762560844421,0.9213758707046509
0.8456482887268066,0.9229122996330261,0.9195924997329712
0.8456482887268066,0.9211206436157227,0.9179019927978516
0.8456482887268066,0.9194331765174866,0.9162866473197937
0.8456482887268066,0.9178135991096497,0.9147360920906067
0.8456482887268066,0.9162607789039612,0.91326904296875
0.8456482887268066,0.9149238467216492,0.9120091199874878
0.8456482887268066,0.9137353301048279,0.9108907580375671
0.8456482887268066,0.9126061201095581,0.9098290205001831
0.8456482887268066,0.9115315079689026,0.9088207483291626
0.8456482887268066,0.9105002880096436,0.907861053943634
0.8456482887268066,0.9095174074172974,0.9069298505783081
