accuracy,precision,recall
0.8427000641822815,0.8330517411231995,0.8324259519577026
0.8421472907066345,0.8326961398124695,0.8320618867874146
0.8492721319198608,0.83233642578125,0.8317012190818787
0.8436828255653381,0.83197021484375,0.8313364386558533
0.8481051325798035,0.8316115140914917,0.8309862613677979
0.845586895942688,0.8312613368034363,0.8306276798248291
0.8440513610839844,0.830902099609375,0.8302687406539917
0.8448498249053955,0.8305479884147644,0.8299250602722168
0.8428229093551636,0.8301984667778015,0.8295616507530212
0.8476752042770386,0.8298572301864624,0.829224169254303
0.8391990661621094,0.8295001983642578,0.828877866268158
0.8467538952827454,0.8291552066802979,0.8285223245620728
0.8464467525482178,0.8287946581840515,0.8281627297401428
0.8442970514297485,0.828432023525238,0.8278111219406128
0.8446041345596313,0.8280857801437378,0.8274542093276978
0.8451569080352783,0.8277288675308228,0.8271097540855408
0.8418402075767517,0.8273626565933228,0.8267430663108826
0.8422086834907532,0.8270240426063538,0.8263930082321167
0.8481051325798035,0.8266772031784058,0.8260515928268433
0.8446041345596313,0.8263249397277832,0.8257066607475281
0.8360666036605835,0.82596755027771,0.8253484964370728
0.8430072069168091,0.825613796710968,0.8249839544296265
0.843559980392456,0.825251042842865,0.8246243000030518
0.844112753868103,0.8248950242996216,0.8242794871330261
0.8421472907066345,0.8245550394058228,0.8239403367042542
0.8415945172309875,0.8242106437683105,0.8235853314399719
0.8467538952827454,0.8238544464111328,0.8232404589653015
0.8456482887268066,0.8235098719596863,0.822885274887085
0.8476752042770386,0.823150634765625,0.8225332498550415
0.8417173624038696,0.8227937817573547,0.8221763968467712
