accuracy,precision,recall
0.8454640507698059,0.821807861328125,0.821807861328125
0.8429457545280457,0.8214810490608215,0.8214810490608215
0.846262514591217,0.821166455745697,0.821166455745697
0.8460168242454529,0.8208315968513489,0.8208315968513489
0.8489036560058594,0.820518970489502,0.820518970489502
0.846815288066864,0.8201980590820312,0.8201980590820312
0.8496406674385071,0.81988525390625,0.81988525390625
0.8468767404556274,0.8195726275444031,0.8195726275444031
0.8423315286636353,0.8192449808120728,0.8192449808120728
0.8480437397956848,0.8189398050308228,0.8189398050308228
0.843437135219574,0.8186269998550415,0.8186269998550415
0.8452183604240417,0.8183076977729797,0.8183076977729797
0.842884361743927,0.8179929852485657,0.8179929852485657
0.8451569080352783,0.8176668882369995,0.8176668882369995
0.8462011218070984,0.8173528909683228,0.8173528909683228
0.8465082049369812,0.8170453310012817,0.8170453310012817
0.8441742062568665,0.8167190551757812,0.8167190551757812
0.8436828255653381,0.816415548324585,0.816415548324585
0.8470609784126282,0.8161103129386902,0.8161103129386902
0.8452797532081604,0.8157963752746582,0.8157963752746582
0.8460782766342163,0.8154888153076172,0.8154888153076172
0.8451569080352783,0.815157413482666,0.815157413482666
0.8433142900466919,0.8148426413536072,0.8148426413536072
0.8476752042770386,0.814521849155426,0.814521849155426
0.8484736680984497,0.8142165541648865,0.8142165541648865
0.8417173624038696,0.8139044046401978,0.8139044046401978
0.8470609784126282,0.8135967254638672,0.8135967254638672
0.8459554314613342,0.8132912516593933,0.8132912516593933
0.8482279777526855,0.8129671812057495,0.8129671812057495
0.8446041345596313,0.812654435634613,0.812654435634613
