accuracy,precision,recall
0.8460782766342163,0.8123757243156433,0.8123757243156433
0.8431914448738098,0.8120956420898438,0.8120956420898438
0.8299858570098877,0.811805784702301,0.811805784702301
0.8485351204872131,0.8115163445472717,0.8115163445472717
0.8455254435539246,0.811241626739502,0.811241626739502
0.8320127725601196,0.8109652400016785,0.8109652400016785
0.846262514591217,0.810671329498291,0.810671329498291
0.8452183604240417,0.810394823551178,0.810394823551178
0.8477980494499207,0.8101121187210083,0.8101121187210083
0.840734601020813,0.8098374009132385,0.8098374009132385
0.8471224308013916,0.8095488548278809,0.8095488548278809
0.8302929997444153,0.8092741966247559,0.8092741966247559
0.8446041345596313,0.8089927434921265,0.8089927434921265
0.844112753868103,0.8087157607078552,0.8087157607078552
0.8397518396377563,0.8084338903427124,0.8084338903427124
0.8428229093551636,0.8081510663032532,0.8081510663032532
0.8442970514297485,0.8078690767288208,0.8078690767288208
0.8442355990409851,0.8075961470603943,0.8075961470603943
0.846139669418335,0.8073335886001587,0.8073335886001587
0.8348381519317627,0.8070468902587891,0.8070468902587891
0.8447269797325134,0.8067717552185059,0.8067717552185059
0.8447884321212769,0.8064903020858765,0.8064903020858765
0.8446041345596313,0.8062057495117188,0.8062057495117188
0.8423929810523987,0.8059310913085938,0.8059310913085938
0.8476138114929199,0.8056621551513672,0.8056621551513672
0.8432528972625732,0.8053817749023438,0.8053817749023438
0.8368036150932312,0.8051146268844604,0.8051146268844604
0.8460168242454529,0.804840087890625,0.804840087890625
0.8430685997009277,0.8045636415481567,0.8045636415481567
0.8403046727180481,0.8042746186256409,0.8042746186256409
