accuracy,precision,recall
0.8451569080352783,0.8131390810012817,0.8125311136245728
0.8419630527496338,0.8128643035888672,0.8122560381889343
0.8454025983810425,0.812583863735199,0.811980664730072
0.8456482887268066,0.8122865557670593,0.8116835951805115
0.8423929810523987,0.8120118379592896,0.8114086389541626
0.8393219113349915,0.811737060546875,0.8111340999603271
0.8454640507698059,0.8114604949951172,0.8108528852462769
0.8415330648422241,0.811180591583252,0.8105775117874146
0.8438056707382202,0.8109042048454285,0.8103022575378418
0.8485351204872131,0.8106295466423035,0.8100280165672302
0.8465082049369812,0.8103422522544861,0.8097464442253113
0.84128737449646,0.8100680708885193,0.8094769716262817
0.8455254435539246,0.8097858428955078,0.8091840744018555
0.8462011218070984,0.8095097541809082,0.8089084029197693
0.843559980392456,0.809234619140625,0.8086332678794861
0.8459554314613342,0.8089600205421448,0.8083589673042297
0.8433142900466919,0.8086833953857422,0.808077335357666
0.845586895942688,0.8084112405776978,0.8078145384788513
0.8434985280036926,0.8081445693969727,0.8075543642044067
0.8467538952827454,0.8078661561012268,0.8072744011878967
0.8463853597640991,0.807594358921051,0.8070050477981567
0.8444198966026306,0.8073139190673828,0.8067245483398438
0.8358209133148193,0.807035505771637,0.8064347505569458
0.8427615165710449,0.8067622184753418,0.8061617612838745
0.8436213731765747,0.8064899444580078,0.8059009313583374
0.8440513610839844,0.806215763092041,0.8056311011314392
0.8430072069168091,0.8059511780738831,0.8053598999977112
0.8473681211471558,0.8056873083114624,0.8050876259803772
0.8420244455337524,0.8053989410400391,0.8048101663589478
0.8446041345596313,0.805124044418335,0.8045350313186646
