accuracy,precision,recall
0.8450955152511597,0.8048854470252991,0.8042930364608765
0.8394447565078735,0.8046361207962036,0.8040485978126526
0.8445427417755127,0.8043919205665588,0.8038043975830078
0.8431300520896912,0.8041404485702515,0.8035565614700317
0.842884361743927,0.8039035797119141,0.8033161759376526
0.8427615165710449,0.8036595582962036,0.8030723929405212
0.8428229093551636,0.8034154772758484,0.802828311920166
0.8414716720581055,0.8031849265098572,0.8025909066200256
0.8398132920265198,0.8029271960258484,0.8023400902748108
0.8460168242454529,0.8026966452598572,0.8021029829978943
0.8447269797325134,0.8024559617042542,0.8018590807914734
0.8393833041191101,0.802215576171875,0.8016285300254822
0.845586895942688,0.801969587802887,0.8013826012611389
0.8460782766342163,0.8017200231552124,0.8011265397071838
0.8449112176895142,0.8014795184135437,0.8008919358253479
0.8464467525482178,0.801237165927887,0.8006513118743896
0.8426386713981628,0.8009942770004272,0.8004077076911926
0.8438056707382202,0.800753116607666,0.8001710772514343
0.8422086834907532,0.8005297780036926,0.7999898791313171
0.8391376733779907,0.8002911806106567,0.7999500036239624
0.8415330648422241,0.8000510931015015,0.7999040484428406
0.8427000641822815,0.7999663352966309,0.7998651266098022
0.8415945172309875,0.7999177575111389,0.7998052835464478
0.846139669418335,0.7998663783073425,0.7997651696205139
0.8362508416175842,0.7998279929161072,0.7997155785560608
0.8418402075767517,0.799776554107666,0.7996754050254822
0.8424543738365173,0.7997416853904724,0.7996290922164917
0.8433757424354553,0.799690306186676,0.7995887994766235
0.8434985280036926,0.7996501326560974,0.799537718296051
0.8431914448738098,0.799593448638916,0.7994922399520874
