accuracy,precision,recall
0.8408574461936951,0.7995600700378418,0.7994476556777954
0.8431914448738098,0.7995128035545349,0.7994080185890198
0.8447269797325134,0.7994712591171265,0.7993701100349426
0.842884361743927,0.7994312047958374,0.799318790435791
0.8434985280036926,0.7993984818458557,0.7992859482765198
0.8415330648422241,0.7993491888046265,0.7992480397224426
0.8447884321212769,0.7993141412734985,0.7992016673088074
0.8431300520896912,0.7992650270462036,0.799163818359375
0.8449112176895142,0.7992253303527832,0.7991241812705994
0.8450340628623962,0.799191951751709,0.7990794777870178
0.8391376733779907,0.7991429567337036,0.799041748046875
0.8353909254074097,0.7991050481796265,0.7990038990974426
0.8442355990409851,0.7990649342536926,0.7989524602890015
0.8407959938049316,0.7990185022354126,0.798917293548584
0.8383391499519348,0.7989805936813354,0.7988681793212891
0.8449112176895142,0.7989407181739807,0.7988283038139343
0.8423929810523987,0.7988911271095276,0.798789918422699
0.8437442183494568,0.7988581657409668,0.7987456917762756
0.8438056707382202,0.7988258600234985,0.7987134456634521
0.8395676016807556,0.7987884879112244,0.798676073551178
0.8424543738365173,0.7987443804740906,0.7986432313919067
0.8413488268852234,0.7987059354782104,0.7985934615135193
0.8406117558479309,0.7986541390419006,0.7985529899597168
0.8421472907066345,0.7986167669296265,0.7985155582427979
0.8431300520896912,0.7985838055610657,0.7984713912010193
0.8387691378593445,0.7985443472862244,0.7984319925308228
0.8457711338996887,0.798500120639801,0.7983989715576172
0.8420858383178711,0.7984618544578552,0.7983494400978088
0.8450340628623962,0.798423707485199,0.7983112931251526
0.8406117558479309,0.7983723282814026,0.7982714176177979
