accuracy,precision,recall
0.8447269797325134,0.7983403205871582,0.7982391715049744
0.8452183604240417,0.7983092069625854,0.7981967926025391
0.8454025983810425,0.7982765436172485,0.7981641292572021
0.8406117558479309,0.7982388138771057,0.7981263995170593
0.8360051512718201,0.7982082962989807,0.7980961799621582
0.8360666036605835,0.7981641292572021,0.7980632185935974
0.8368650674819946,0.798126757144928,0.7980256080627441
0.8420858383178711,0.7980955243110657,0.7979831099510193
0.8411645293235779,0.798057496547699,0.7979450821876526
0.8437442183494568,0.7980268597602844,0.797914445400238
0.8466310501098633,0.7979831099510193,0.7978820204734802
0.8313985466957092,0.797950804233551,0.797849714756012
0.8394447565078735,0.7979130744934082,0.7978119850158691
0.8423929810523987,0.7978820204734802,0.7977696061134338
0.8447884321212769,0.7978497743606567,0.7977384924888611
0.8436828255653381,0.7978187799453735,0.7977063655853271
0.8447884321212769,0.7977832555770874,0.797670841217041
0.838032066822052,0.7977522015571594,0.797639787197113
0.8320127725601196,0.7977221012115479,0.7976096868515015
0.8415330648422241,0.7976899743080139,0.797578752040863
0.839260458946228,0.7976593375205994,0.797546923160553
0.8420244455337524,0.7976168990135193,0.7975156903266907
0.8395061492919922,0.7975773811340332,0.7974762916564941
0.8453412055969238,0.7975464463233948,0.7974452972412109
0.8419630527496338,0.7975163459777832,0.7974151372909546
0.839260458946228,0.7974853515625,0.797375500202179
0.8425158262252808,0.7974546551704407,0.7973423004150391
0.8408574461936951,0.797422468662262,0.7973101139068604
0.8410416841506958,0.7973865270614624,0.797274112701416
0.8449112176895142,0.7973419427871704,0.7972407341003418
