accuracy,precision,recall
0.8459554314613342,0.798067569732666,0.798067569732666
0.8465082049369812,0.7980351448059082,0.7980351448059082
0.8367422223091125,0.7980022430419922,0.7980022430419922
0.8436828255653381,0.7979527115821838,0.7979527115821838
0.846139669418335,0.7979217171669006,0.7979217171669006
0.8463853597640991,0.7978839874267578,0.7978839874267578
0.8473066687583923,0.7978510856628418,0.7978510856628418
0.8391990661621094,0.7978137731552124,0.7978137731552124
0.8422086834907532,0.7977694869041443,0.7977694869041443
0.843559980392456,0.7977368235588074,0.7977368235588074
0.8452797532081604,0.7976990342140198,0.7976990342140198
0.8396904468536377,0.7976665496826172,0.7976665496826172
0.8388305306434631,0.7976284623146057,0.7976284623146057
0.8439285159111023,0.7975847125053406,0.7975847125053406
0.840734601020813,0.797548770904541,0.797548770904541
0.8447269797325134,0.7975164651870728,0.7975164651870728
0.8446041345596313,0.7974847555160522,0.7974847555160522
0.8442970514297485,0.7974525690078735,0.7974525690078735
0.8453412055969238,0.7974170446395874,0.7974170446395874
0.8377863764762878,0.7973859906196594,0.7973859906196594
0.8464467525482178,0.7973538041114807,0.7973538041114807
0.8383391499519348,0.7973100543022156,0.7973100543022156
0.8390762209892273,0.7972716093063354,0.7972716093063354
0.8474295139312744,0.7972406148910522,0.7972406148910522
0.8458325862884521,0.7972102165222168,0.7972102165222168
0.8397518396377563,0.7971729040145874,0.7971729040145874
0.8361894488334656,0.7971422672271729,0.7971422672271729
0.8427000641822815,0.79709792137146,0.79709792137146
0.8402432203292847,0.7970654964447021,0.7970654964447021
0.8347153067588806,0.797025740146637,0.797025740146637
