accuracy,precision,recall
0.8434985280036926,0.8085663914680481,0.8085663318634033
0.8443584442138672,0.8083823919296265,0.8083823919296265
0.8321356177330017,0.8081970810890198,0.8081970810890198
0.8452797532081604,0.808006227016449,0.808006227016449
0.8472452759742737,0.807823657989502,0.807823657989502
0.8462011218070984,0.8076311349868774,0.8076308965682983
0.8479208946228027,0.8074423670768738,0.8074423670768738
0.84128737449646,0.8072574734687805,0.807257354259491
0.8417787551879883,0.8070679903030396,0.8070679903030396
0.8436213731765747,0.8068848252296448,0.8068848252296448
0.8450955152511597,0.8066945672035217,0.8066945672035217
0.8416559100151062,0.8065096735954285,0.8065096735954285
0.8409802913665771,0.8063122630119324,0.8063122630119324
0.8433757424354553,0.8061248064041138,0.8061246871948242
0.8397518396377563,0.8059450387954712,0.8059449791908264
0.8463239073753357,0.805757999420166,0.805757999420166
0.8442355990409851,0.8055748343467712,0.8055748343467712
0.8443584442138672,0.805391788482666,0.805391788482666
0.8463239073753357,0.8052140474319458,0.8052140474319458
0.8371107578277588,0.8050322532653809,0.8050322532653809
0.846815288066864,0.8048495650291443,0.8048495650291443
0.837356448173523,0.8046659827232361,0.8046659827232361
0.835882306098938,0.8044739961624146,0.8044739961624146
0.846262514591217,0.8042923212051392,0.8042923212051392
0.8444198966026306,0.8041172027587891,0.8041172027587891
0.8436213731765747,0.8039335608482361,0.8039335608482361
0.8360666036605835,0.8037509918212891,0.8037509918212891
0.8443584442138672,0.8035674691200256,0.8035674691200256
0.8420858383178711,0.8033847212791443,0.8033847212791443
0.8387691378593445,0.803192675113678,0.803192675113678
