accuracy,precision,recall
0.8427615165710449,0.8493126630783081,0.8493126630783081
0.8391376733779907,0.849334180355072,0.849334180355072
0.8458325862884521,0.8493127822875977,0.8493127822875977
0.8430072069168091,0.849280595779419,0.849280595779419
0.8427000641822815,0.849306046962738,0.849306046962738
0.8405503630638123,0.8492968678474426,0.8492968678474426
0.8452183604240417,0.849280595779419,0.849280595779419
0.8423315286636353,0.849266767501831,0.849266767501831
0.8450340628623962,0.8492195010185242,0.8492195010185242
0.8463239073753357,0.8492119312286377,0.8492119312286377
0.8396904468536377,0.8492017984390259,0.8492017984390259
0.8405503630638123,0.8491911888122559,0.8491911888122559
0.8412259817123413,0.8491601943969727,0.8491601943969727
0.8422086834907532,0.8491823077201843,0.8491823077201843
0.8447884321212769,0.8491816520690918,0.8491816520690918
0.8423929810523987,0.8491799235343933,0.8491799235343933
0.8411031365394592,0.8491799831390381,0.8491799831390381
0.8409188389778137,0.8492053151130676,0.8492053151130676
0.8395061492919922,0.8492217063903809,0.8492217063903809
0.8309071660041809,0.8492503762245178,0.8492503762245178
0.8398132920265198,0.8492715358734131,0.8492715358734131
0.8433757424354553,0.8492732048034668,0.8492732048034668
0.8389533758163452,0.8492216467857361,0.8492216467857361
0.8450340628623962,0.8492512702941895,0.8492512702941895
0.8438056707382202,0.8492808938026428,0.8492808938026428
0.8423929810523987,0.849280595779419,0.849280595779419
0.8387691378593445,0.8492956161499023,0.8492956161499023
0.8356366157531738,0.849273145198822,0.849273145198822
0.8449112176895142,0.8492449522018433,0.8492449522018433
0.8438670635223389,0.8492040634155273,0.8492040634155273
