accuracy,precision,recall
0.8404889106750488,0.7973119616508484,0.7972107529640198
0.8381549119949341,0.7972931861877441,0.797182023525238
0.8350838422775269,0.7972639799118042,0.7971516251564026
0.8368036150932312,0.7972320318222046,0.7971197366714478
0.8416559100151062,0.7972034215927124,0.797091007232666
0.8427615165710449,0.7971729040145874,0.7970653772354126
0.8444198966026306,0.797147274017334,0.7970349788665771
0.843559980392456,0.7971168756484985,0.797004759311676
0.8376635313034058,0.7970813512802124,0.7969689965248108
0.8470609784126282,0.7970507144927979,0.7969383597373962
0.8412259817123413,0.7970201373100281,0.7969077825546265
0.8432528972625732,0.796994686126709,0.7968822717666626
0.8400589823722839,0.7969587445259094,0.7968463897705078
0.8452797532081604,0.7969337701797485,0.7968213558197021
0.8402432203292847,0.7968982458114624,0.796785831451416
0.8387691378593445,0.7968676090240479,0.7967551946640015
0.8415945172309875,0.7968422174453735,0.796730101108551
0.8317056894302368,0.79681396484375,0.7967128753662109
0.8390762209892273,0.7967857122421265,0.7966846227645874
0.8297401666641235,0.7967606782913208,0.7966595888137817
0.8364965319633484,0.7967315912246704,0.7966306805610657
0.8438056707382202,0.7967014908790588,0.7966002821922302
0.8430072069168091,0.7966691255569458,0.796567976474762
0.8343467712402344,0.7966441512107849,0.7965394258499146
0.846139669418335,0.7966235876083374,0.7965160608291626
0.8382163047790527,0.796597957611084,0.7964856624603271
0.8449726700782776,0.7965680360794067,0.7964568138122559
0.8396289944648743,0.7965388298034668,0.7964267134666443
0.8414716720581055,0.796506941318512,0.7963957786560059
0.8411031365394592,0.7964704632759094,0.7963581681251526
