accuracy,precision,recall
0.8403660655021667,0.7953191995620728,0.7953191995620728
0.8384619951248169,0.7953090667724609,0.7953090667724609
0.8407959938049316,0.7952874898910522,0.7952874898910522
0.8358209133148193,0.795259952545166,0.795259952545166
0.8438056707382202,0.7952501773834229,0.7952501773834229
0.8214483261108398,0.7952271103858948,0.7952271103858948
0.8300473093986511,0.7952055931091309,0.7952055931091309
0.8418402075767517,0.7951887249946594,0.7951887249946594
0.8404889106750488,0.7951659560203552,0.7951659560203552
0.8454025983810425,0.7951433658599854,0.7951433658599854
0.8381549119949341,0.7951264381408691,0.7951264381408691
0.8420858383178711,0.795102596282959,0.795102596282959
0.838584840297699,0.7950749397277832,0.7950749397277832
0.838707685470581,0.7950531244277954,0.7950531244277954
0.8302929997444153,0.7950367331504822,0.7950367331504822
0.84128737449646,0.7950139045715332,0.7950139045715332
0.836557924747467,0.7949924468994141,0.7949924468994141
0.8379092216491699,0.794981062412262,0.794981062412262
0.8301087021827698,0.7949560284614563,0.7949560284614563
0.8341010808944702,0.7949450612068176,0.7949450612068176
0.8322584629058838,0.794921875,0.794921875
0.8411645293235779,0.7949008941650391,0.7949008941650391
0.8354523777961731,0.7948891520500183,0.7948891520500183
0.8425772190093994,0.7948682308197021,0.7948682308197021
0.8405503630638123,0.7948588728904724,0.7948588728904724
0.8393833041191101,0.7948365211486816,0.7948365211486816
0.8410416841506958,0.7948212027549744,0.7948212027549744
0.8411031365394592,0.7947993278503418,0.7947993278503418
0.8386462926864624,0.7947716116905212,0.7947716116905212
0.8421472907066345,0.7947479486465454,0.7947479486465454
