accuracy,precision,recall
0.8321356177330017,0.7979336380958557,0.7979336380958557
0.8137092590332031,0.7979148626327515,0.7979148626327515
0.8183772563934326,0.7979113459587097,0.7979113459587097
0.8352066874504089,0.7979031205177307,0.7979031205177307
0.8374178409576416,0.7978894710540771,0.7978894710540771
0.8357594609260559,0.7978822588920593,0.7978822588920593
0.8328112363815308,0.7978798151016235,0.7978798151016235
0.829801619052887,0.7978611588478088,0.7978611588478088
0.8345310688018799,0.797853946685791,0.797853946685791
0.8299858570098877,0.7978515625,0.7978515625
0.8231680989265442,0.7978443503379822,0.7978443503379822
0.8313371539115906,0.7978301048278809,0.7978301048278809
0.8258092403411865,0.7978229522705078,0.7978229522705078
0.8244579434394836,0.797820508480072,0.797820508480072
0.8175173401832581,0.7978120446205139,0.7978120446205139
0.818070113658905,0.7977930307388306,0.7977930307388306
0.8340396881103516,0.7977904677391052,0.7977904677391052
0.8380934596061707,0.7977833151817322,0.7977833151817322
0.7856397032737732,0.7977690696716309,0.7977690696716309
0.8311528563499451,0.7977606058120728,0.7977606058120728
0.8328112363815308,0.797757625579834,0.797757625579834
0.8342853784561157,0.7977505326271057,0.7977505326271057
0.8046188950538635,0.7977301478385925,0.7977301478385925
0.8343467712402344,0.7977275848388672,0.7977275848388672
0.8450955152511597,0.7977204322814941,0.7977204322814941
0.8352066874504089,0.797706663608551,0.797706663608551
0.822246789932251,0.7976991534233093,0.7976991534233093
0.8294330835342407,0.797696590423584,0.797696590423584
0.8291873931884766,0.7976780533790588,0.7976780533790588
0.8409802913665771,0.7976694107055664,0.7976694107055664
