accuracy,precision,recall
0.8473066687583923,0.849335253238678,0.849335253238678
0.8465695977210999,0.8493127822875977,0.8493127226829529
0.8485965132713318,0.849311113357544,0.849311113357544
0.8469995856285095,0.8492427468299866,0.8492427468299866
0.8483508229255676,0.8492413759231567,0.8492413759231567
0.8477365970611572,0.8492363095283508,0.8492363095283508
0.8506234288215637,0.8492212295532227,0.8492212295532227
0.8469381332397461,0.8492194414138794,0.8492194414138794
0.8471224308013916,0.8491804003715515,0.8491804003715515
0.8448498249053955,0.8491839170455933,0.8491839170455933
0.8487808108329773,0.849181592464447,0.849181592464447
0.8483508229255676,0.8491804003715515,0.8491804003715515
0.8477365970611572,0.8491779565811157,0.8491779565811157
0.8483508229255676,0.8491819500923157,0.8491819500923157
0.848842203617096,0.8491732478141785,0.8491732478141785
0.8480437397956848,0.8491426706314087,0.8491426706314087
0.8463239073753357,0.8491296768188477,0.8491296768188477
0.8428229093551636,0.8491588234901428,0.8491588234901428
0.8481665849685669,0.8491510152816772,0.8491510152816772
0.8473066687583923,0.8491491079330444,0.8491491079330444
0.8472452759742737,0.8491193056106567,0.8491193056106567
0.8464467525482178,0.8491137623786926,0.8491137623786926
0.8450955152511597,0.8494240045547485,0.8494240045547485
0.848842203617096,0.8497549295425415,0.8497549295425415
0.8467538952827454,0.8500674366950989,0.8500674366950989
0.8469381332397461,0.8503744602203369,0.8503744602203369
0.8493949770927429,0.8506863117218018,0.8506863117218018
0.8476138114929199,0.8509753346443176,0.8509753346443176
0.8476138114929199,0.8512246012687683,0.8512246012687683
0.8498863577842712,0.851492702960968,0.851492702960968
