accuracy,precision,recall
0.8476138114929199,0.8517168760299683,0.8517168760299683
0.8463239073753357,0.8519592881202698,0.8519592881202698
0.8486579656600952,0.8521727919578552,0.8521727919578552
0.8497021198272705,0.8523859977722168,0.8523859977722168
0.8497635126113892,0.8525999188423157,0.8525999188423157
0.8465082049369812,0.8528047204017639,0.8528047204017639
0.8485965132713318,0.8529946804046631,0.8529946804046631
0.8458325862884521,0.8531804084777832,0.8531804084777832
0.8487193584442139,0.8533546328544617,0.8533546328544617
0.8509305119514465,0.8535478711128235,0.8535478711128235
0.8503777384757996,0.8537206649780273,0.8537206649780273
0.8472452759742737,0.8538891077041626,0.8538891077041626
0.846815288066864,0.8540416955947876,0.8540416955947876
0.8479822874069214,0.8542086482048035,0.8542086482048035
0.8486579656600952,0.8543701767921448,0.8543701767921448
0.8466924428939819,0.8545209765434265,0.8545209765434265
0.8493335843086243,0.8546468615531921,0.8546468615531921
0.8460782766342163,0.8547953963279724,0.8547953963279724
0.8465082049369812,0.8549282550811768,0.8549282550811768
0.8486579656600952,0.8550652265548706,0.8550652265548706
0.8443584442138672,0.8551939129829407,0.8551939129829407
0.848289430141449,0.855309247970581,0.855309247970581
0.8485351204872131,0.8554076552391052,0.8554076552391052
0.8479822874069214,0.8555080890655518,0.8555080890655518
0.8496406674385071,0.8556230664253235,0.8556230664253235
0.846139669418335,0.8557428121566772,0.8557428121566772
0.8499478101730347,0.8558650016784668,0.8558650016784668
0.8485351204872131,0.8559658527374268,0.8559658527374268
0.8484736680984497,0.8560701608657837,0.8560701608657837
0.8485965132713318,0.8561698794364929,0.8561698794364929
