accuracy,precision,recall
0.8444198966026306,0.8611538410186768,0.8611538410186768
0.8458939790725708,0.8611828088760376,0.8611828088760376
0.8479822874069214,0.8612043261528015,0.8612043261528015
0.8477365970611572,0.8612343668937683,0.8612343668937683
0.8446041345596313,0.8612650036811829,0.8612650036811829
0.8489036560058594,0.8612892031669617,0.8612892031669617
0.8506234288215637,0.8613060116767883,0.8613060116767883
0.8473681211471558,0.8613369464874268,0.8613369464874268
0.8453412055969238,0.8613670468330383,0.8613670468330383
0.8484736680984497,0.8614112138748169,0.8614112138748169
0.8437442183494568,0.861420214176178,0.861420214176178
0.8477980494499207,0.8614574670791626,0.8614574670791626
0.8458325862884521,0.8614802956581116,0.8614802956581116
0.842884361743927,0.8615114092826843,0.8615114092826843
0.846815288066864,0.8615416884422302,0.8615416884422302
0.848289430141449,0.8615723252296448,0.8615723252296448
0.8493335843086243,0.861595630645752,0.861595630645752
0.8476138114929199,0.8616310954093933,0.8616310954093933
0.848412275314331,0.8616570830345154,0.8616570830345154
0.8459554314613342,0.8616876006126404,0.8616876006126404
0.8473681211471558,0.861701488494873,0.861701488494873
0.8473066687583923,0.8617176413536072,0.8617176413536072
0.8499478101730347,0.8617247343063354,0.8617247343063354
0.8422701358795166,0.861746609210968,0.861746609210968
0.8454025983810425,0.8617770075798035,0.8617770075798035
0.8471224308013916,0.8617926239967346,0.8617926239967346
0.8465082049369812,0.8618183135986328,0.8618183135986328
0.8433757424354553,0.8618469834327698,0.8618469834327698
0.8460168242454529,0.861855685710907,0.861855685710907
0.8473681211471558,0.8618769645690918,0.8618769645690918
