accuracy,precision,recall
0.8472452759742737,0.8589178323745728,0.8589178323745728
0.8477365970611572,0.8589866757392883,0.8589866757392883
0.8483508229255676,0.8590478301048279,0.8590478301048279
0.8476752042770386,0.8591241240501404,0.8591241240501404
0.8492107391357422,0.859192430973053,0.859192430973053
0.8475523591041565,0.8592597842216492,0.8592597842216492
0.85099196434021,0.8593356013298035,0.8593356013298035
0.8460168242454529,0.8594034314155579,0.8594034314155579
0.8477980494499207,0.8594660758972168,0.8594660758972168
0.8492107391357422,0.8595344424247742,0.8595344424247742
0.8444812893867493,0.8595892190933228,0.8595892190933228
0.8471224308013916,0.859671413898468,0.859671413898468
0.8449726700782776,0.8597190976142883,0.8597190976142883
0.8492721319198608,0.8597939014434814,0.8597939014434814
0.8449112176895142,0.8598610758781433,0.8598610758781433
0.8474909663200378,0.8599223494529724,0.8599222302436829
0.8486579656600952,0.8599769473075867,0.8599769473075867
0.8496406674385071,0.8600441813468933,0.8600441813468933
0.8487808108329773,0.8601052165031433,0.8601052165031433
0.8471224308013916,0.8601667284965515,0.8601666688919067
0.8484736680984497,0.860220730304718,0.860220730304718
0.846815288066864,0.8602620959281921,0.8602620959281921
0.8494564294815063,0.860313892364502,0.860313892364502
0.8450340628623962,0.8603582978248596,0.8603582978248596
0.8437442183494568,0.8604143857955933,0.8604143261909485
0.8479208946228027,0.8604734539985657,0.8604734539985657
0.8473681211471558,0.8605329394340515,0.8605329394340515
0.8466924428939819,0.8605873584747314,0.8605873584747314
0.8463853597640991,0.8606263995170593,0.8606263995170593
0.8485351204872131,0.8606783747673035,0.8606783747673035
