accuracy,precision,recall
0.8478594422340393,0.8618842363357544,0.8618842363357544
0.8474295139312744,0.8619057536125183,0.8619057536125183
0.848965048789978,0.8619163036346436,0.8619163036346436
0.8444812893867493,0.8619367480278015,0.8619367480278015
0.8477980494499207,0.8619606494903564,0.8619606494903564
0.8474909663200378,0.861969530582428,0.861969530582428
0.848412275314331,0.8619974255561829,0.8619974255561829
0.8467538952827454,0.8620211482048035,0.8620211482048035
0.848289430141449,0.8620319366455078,0.8620319366455078
0.846139669418335,0.8620606660842896,0.8620606660842896
0.8498249650001526,0.8620690107345581,0.8620690107345581
0.8492107391357422,0.862091600894928,0.862091600894928
0.8517904281616211,0.8620982766151428,0.8620982766151428
0.8492107391357422,0.8621209859848022,0.8621209859848022
0.8480437397956848,0.8621432185173035,0.8621432185173035
0.8481665849685669,0.862152636051178,0.862152636051178
0.8460782766342163,0.862173855304718,0.862173855304718
0.8445427417755127,0.8621847033500671,0.8621847033500671
0.8471838235855103,0.8622152209281921,0.8622152209281921
0.8465695977210999,0.862244188785553,0.862244188785553
0.8495792746543884,0.8622657060623169,0.8622657060623169
0.8474295139312744,0.8620827198028564,0.8620827198028564
0.8492721319198608,0.8615795373916626,0.8615795373916626
0.8457711338996887,0.8610845804214478,0.8610845804214478
0.8489036560058594,0.8605979681015015,0.8605979681015015
0.8444812893867493,0.860110342502594,0.860110342502594
0.84128737449646,0.8596280217170715,0.8596280217170715
0.8463853597640991,0.8591398000717163,0.8591398000717163
0.8452797532081604,0.8586498498916626,0.8586498498916626
0.8454025983810425,0.8581546545028687,0.8581546545028687
