accuracy,precision,recall
0.8467538952827454,0.872642993927002,0.8719465732574463
0.8455254435539246,0.8721335530281067,0.8714382648468018
0.8480437397956848,0.8716431856155396,0.8709481954574585
0.843989908695221,0.8711465001106262,0.8704524636268616
0.8474295139312744,0.8706448078155518,0.8699626922607422
0.8455254435539246,0.8701485991477966,0.8694546222686768
0.8447884321212769,0.8696594834327698,0.8689659237861633
0.8447269797325134,0.8691699504852295,0.8684743642807007
0.8402432203292847,0.8686757683753967,0.867981493473053
0.8477365970611572,0.8681825399398804,0.8674927949905396
0.8454025983810425,0.8676759600639343,0.8669828772544861
0.8485965132713318,0.8671875,0.8664944767951965
0.8468767404556274,0.866693377494812,0.8660041093826294
0.8420244455337524,0.8662042617797852,0.8655123710632324
0.8498249650001526,0.8657143115997314,0.8650228381156921
0.8474909663200378,0.8652128577232361,0.8645342588424683
0.8429457545280457,0.8647178411483765,0.8640437126159668
0.8459554314613342,0.8642356395721436,0.8635561466217041
0.8459554314613342,0.8637675046920776,0.8630765080451965
0.8447884321212769,0.863281786441803,0.8626071810722351
0.843437135219574,0.8627950549125671,0.8621212244033813
0.8468767404556274,0.8623046278953552,0.8616265654563904
0.8458325862884521,0.8618096709251404,0.8611234426498413
0.8427000641822815,0.8613213300704956,0.8606351613998413
0.8460782766342163,0.860840380191803,0.8601680397987366
0.8433757424354553,0.8603554964065552,0.8596817255020142
0.8428229093551636,0.859886646270752,0.8592009544372559
0.843559980392456,0.8594034314155579,0.8587273955345154
0.849517822265625,0.8589152693748474,0.8582391142845154
0.8463239073753357,0.858428955078125,0.8577575087547302
