accuracy,precision,recall
0.8471838235855103,0.8616617321968079,0.8616617321968079
0.843989908695221,0.8616710305213928,0.8616710305213928
0.8484736680984497,0.8616942167282104,0.8616942167282104
0.8477980494499207,0.8617159724235535,0.8617159724235535
0.8483508229255676,0.8617333173751831,0.8617333173751831
0.8467538952827454,0.8617553114891052,0.8617553114891052
0.8496406674385071,0.8617791533470154,0.8617791533470154
0.845586895942688,0.8617942929267883,0.8617942929267883
0.8423315286636353,0.8618146181106567,0.861814558506012
0.8454025983810425,0.8618385791778564,0.8618385791778564
0.843989908695221,0.8618537783622742,0.8618537783622742
0.8486579656600952,0.8618776202201843,0.8618776202201843
0.8450340628623962,0.8619057536125183,0.8619057536125183
0.8506234288215637,0.8619151711463928,0.861915111541748
0.8490878939628601,0.8619384169578552,0.8619384169578552
0.8452797532081604,0.861960232257843,0.861960232257843
0.8493335843086243,0.861968457698822,0.861968457698822
0.8481665849685669,0.8619974255561829,0.8619974255561829
0.8479822874069214,0.8620278835296631,0.8620278835296631
0.8439285159111023,0.8620388507843018,0.8620388507843018
0.8438056707382202,0.8620603680610657,0.8620603680610657
0.8459554314613342,0.8620677590370178,0.8620677590370178
0.8440513610839844,0.8620839715003967,0.8620839715003967
0.8441742062568665,0.8620911240577698,0.8620911240577698
0.8445427417755127,0.8621194958686829,0.8621194958686829
0.8470609784126282,0.8621286749839783,0.8621286749839783
0.849517822265625,0.8621526956558228,0.8621526956558228
0.8456482887268066,0.8621753454208374,0.8621752858161926
0.8470609784126282,0.8621825575828552,0.8621825575828552
0.8441742062568665,0.862191379070282,0.862191379070282
