accuracy,precision,recall
0.8485351204872131,0.8576983213424683,0.8576983213424683
0.8447269797325134,0.8572408556938171,0.8572408556938171
0.8496406674385071,0.8567895293235779,0.8567895293235779
0.8490265011787415,0.8563351035118103,0.8563351035118103
0.8508691191673279,0.8558961153030396,0.8558961153030396
0.8481051325798035,0.8554404377937317,0.8554404377937317
0.8503777384757996,0.8549894690513611,0.8549894690513611
0.8451569080352783,0.8545511364936829,0.8545511364936829
0.8446655869483948,0.854095995426178,0.854095995426178
0.8462011218070984,0.8536609411239624,0.8536609411239624
0.8451569080352783,0.8532109260559082,0.8532109260559082
0.8475523591041565,0.8527616858482361,0.8527616858482361
0.8479822874069214,0.8523253798484802,0.8523253798484802
0.8505619764328003,0.8518757224082947,0.8518757224082947
0.848965048789978,0.8514379262924194,0.8514379262924194
0.8468767404556274,0.8509849905967712,0.8509849905967712
0.8476752042770386,0.8505337834358215,0.8505337834358215
0.846262514591217,0.850099503993988,0.850099503993988
0.8445427417755127,0.8496704697608948,0.8496704697608948
0.8437442183494568,0.8492363691329956,0.8492363691329956
0.8425772190093994,0.848787248134613,0.848787248134613
0.8446041345596313,0.8483368158340454,0.8483368158340454
0.8442970514297485,0.8478986024856567,0.8478986024856567
0.8479208946228027,0.8474432229995728,0.8474432229995728
0.8446041345596313,0.8470136523246765,0.8470136523246765
0.8437442183494568,0.8465665578842163,0.8465665578842163
0.8477365970611572,0.8461377620697021,0.8461377620697021
0.8471838235855103,0.8457026481628418,0.8457026481628418
0.8481051325798035,0.8452523350715637,0.8452523350715637
0.8469381332397461,0.8448163270950317,0.8448163270950317
