accuracy,precision,recall
0.8463239073753357,0.8448485732078552,0.8441992402076721
0.8439285159111023,0.8444501161575317,0.8437896370887756
0.8474295139312744,0.8440482020378113,0.843392014503479
0.8485351204872131,0.8436369895935059,0.8429892063140869
0.8477980494499207,0.8432523608207703,0.8425976634025574
0.8457097411155701,0.8428435921669006,0.8421958684921265
0.8483508229255676,0.8424463868141174,0.841798722743988
0.8442970514297485,0.8420641422271729,0.8414091467857361
0.8398132920265198,0.8416520357131958,0.8410055637359619
0.8409188389778137,0.8412712216377258,0.8406233787536621
0.8383391499519348,0.8408793807029724,0.8402332067489624
0.8474295139312744,0.8404845595359802,0.8398419618606567
0.8444198966026306,0.8400877714157104,0.8394452929496765
0.8490878939628601,0.8396857380867004,0.8390432000160217
0.848289430141449,0.8392879962921143,0.8386465311050415
0.8486579656600952,0.8388976454734802,0.8382566571235657
0.8401203751564026,0.8385007977485657,0.8378596305847168
0.8468767404556274,0.8381065130233765,0.8374656438827515
0.8378477692604065,0.8377310037612915,0.8370901346206665
0.8438670635223389,0.837339460849762,0.8366987109184265
0.8463853597640991,0.8369418382644653,0.8363019227981567
0.8438670635223389,0.8365266919136047,0.8358983993530273
0.8447884321212769,0.8361299633979797,0.8355026245117188
0.8425772190093994,0.8357457518577576,0.8351065516471863
0.8459554314613342,0.8353577852249146,0.834718644618988
0.8430072069168091,0.8349683284759521,0.8343292474746704
0.8396289944648743,0.8345942497253418,0.8339543342590332
0.8447884321212769,0.8341984748840332,0.8335594534873962
0.843437135219574,0.8338031768798828,0.8331689834594727
0.8498249650001526,0.8334119915962219,0.8327803611755371
