accuracy,precision,recall
0.8414716720581055,0.748262882232666,0.888512372970581
0.8436213731765747,0.7478356957435608,0.888397216796875
0.8436213731765747,0.7474287152290344,0.8882772922515869
0.844112753868103,0.7470014095306396,0.888153612613678
0.8379092216491699,0.7466101050376892,0.8880398273468018
0.8457097411155701,0.7461852431297302,0.8879331946372986
0.8458939790725708,0.7457484006881714,0.8878167867660522
0.8413488268852234,0.7453516721725464,0.8876954317092896
0.8437442183494568,0.7449113726615906,0.8875750303268433
0.8449726700782776,0.744534969329834,0.8874590992927551
0.8441742062568665,0.7441198229789734,0.8873361349105835
0.8430072069168091,0.7437114119529724,0.8872309327125549
0.8466924428939819,0.7432861328125,0.8871089816093445
0.8419630527496338,0.7428491711616516,0.8869935274124146
0.8475523591041565,0.742431640625,0.8868730664253235
0.8451569080352783,0.7420050501823425,0.8867579102516174
0.8465695977210999,0.7415568232536316,0.8866556882858276
0.8471224308013916,0.7411498427391052,0.8865426778793335
0.8464467525482178,0.7407557368278503,0.8864368796348572
0.8348381519317627,0.740356981754303,0.8863202929496765
0.8414716720581055,0.7399311661720276,0.8861967921257019
0.8427615165710449,0.7394936084747314,0.886078417301178
0.8428229093551636,0.7390429973602295,0.8859630823135376
0.840181827545166,0.7386271357536316,0.8858569264411926
0.8417787551879883,0.7382723093032837,0.8857295513153076
0.8438056707382202,0.7378560900688171,0.8856185078620911
0.8442355990409851,0.7374475002288818,0.8855002522468567
0.8438670635223389,0.7370306253433228,0.8853994607925415
0.8393833041191101,0.7366248369216919,0.8852757215499878
0.843437135219574,0.7361853122711182,0.885162353515625
