accuracy,precision,recall
0.8414716720581055,0.7571386098861694,0.9024962782859802
0.8426386713981628,0.7566934823989868,0.9022824168205261
0.8443584442138672,0.7562788724899292,0.902062714099884
0.8430072069168091,0.7558383941650391,0.901831865310669
0.8415945172309875,0.7554402351379395,0.9016149640083313
0.8468767404556274,0.7550050616264343,0.9013981819152832
0.8467538952827454,0.7545775771141052,0.90118408203125
0.8409188389778137,0.7541731595993042,0.900964081287384
0.8466924428939819,0.7537312507629395,0.9007436037063599
0.8447884321212769,0.7533364295959473,0.9005212783813477
0.840181827545166,0.752920925617218,0.9003012180328369
0.8448498249053955,0.7524996995925903,0.9000873565673828
0.8437442183494568,0.752075731754303,0.8998668789863586
0.8472452759742737,0.7516379356384277,0.899654746055603
0.8432528972625732,0.7511999011039734,0.8994381427764893
0.8449726700782776,0.7507711052894592,0.8992245197296143
0.8396289944648743,0.7503046989440918,0.8990118503570557
0.8438670635223389,0.7498753666877747,0.8988025784492493
0.8458939790725708,0.7494588494300842,0.8985900282859802
0.8437442183494568,0.7490519881248474,0.8983759880065918
0.8415945172309875,0.7486170530319214,0.8981559872627258
0.843989908695221,0.7481610774993896,0.897947371006012
0.8449726700782776,0.7476890087127686,0.8977338671684265
0.8456482887268066,0.747261643409729,0.8975214958190918
0.8456482887268066,0.7468774318695068,0.8973014950752258
0.8377249836921692,0.746459424495697,0.8970881700515747
0.8422086834907532,0.7460475564002991,0.8968746066093445
0.8427615165710449,0.745644211769104,0.8966606259346008
0.8439285159111023,0.7452111840248108,0.8964319229125977
0.8334869146347046,0.7447813153266907,0.8962336778640747
