accuracy,precision,recall
0.8458939790725708,0.7443445920944214,0.8960201740264893
0.8413488268852234,0.7439554333686829,0.8958151936531067
0.8409188389778137,0.7435816526412964,0.8956294655799866
0.840181827545166,0.7431944012641907,0.8954231142997742
0.8380934596061707,0.7428367733955383,0.8952332735061646
0.8457097411155701,0.7424718737602234,0.8950434327125549
0.8465695977210999,0.7420961260795593,0.8948383927345276
0.8448498249053955,0.7417394518852234,0.8946444988250732
0.837356448173523,0.7413557171821594,0.8944441676139832
0.8449726700782776,0.7410200238227844,0.8942549228668213
0.8438056707382202,0.7406616806983948,0.8940446972846985
0.8416559100151062,0.7402752637863159,0.8938594460487366
0.8411031365394592,0.7398988604545593,0.8936547040939331
0.8456482887268066,0.7395123243331909,0.893463671207428
0.8421472907066345,0.7391441464424133,0.8932649493217468
0.8451569080352783,0.7387744784355164,0.893066942691803
0.8407959938049316,0.7383727431297302,0.89288330078125
0.8477365970611572,0.7380144596099854,0.8926977515220642
0.8423315286636353,0.7376708388328552,0.8925090432167053
0.845586895942688,0.7373072504997253,0.8923051953315735
0.8417787551879883,0.7369463443756104,0.8921186923980713
0.8419630527496338,0.7365515232086182,0.8919307589530945
0.8383391499519348,0.7361530065536499,0.8917321562767029
0.8420244455337524,0.7357781529426575,0.8915427327156067
0.8452183604240417,0.7354328632354736,0.8913553953170776
0.8400589823722839,0.7350543737411499,0.8911524415016174
0.8426386713981628,0.7346881628036499,0.8909624218940735
0.8419630527496338,0.7343342304229736,0.8907759785652161
0.8403660655021667,0.7339478135108948,0.8905726075172424
0.8404275178909302,0.7335716485977173,0.8903873562812805
