accuracy,precision,recall
0.8423315286636353,0.7249171733856201,0.881966233253479
0.8377863764762878,0.7246094346046448,0.8818728923797607
0.8471224308013916,0.7242763042449951,0.8817817568778992
0.8453412055969238,0.7239386439323425,0.8816828727722168
0.8417173624038696,0.7236349582672119,0.8815916776657104
0.8421472907066345,0.723328173160553,0.8814997673034668
0.8422701358795166,0.7229939699172974,0.8814056515693665
0.8436213731765747,0.7226861119270325,0.8812984228134155
0.8425772190093994,0.7223536968231201,0.8812033534049988
0.8420244455337524,0.722055971622467,0.8811066746711731
0.8447269797325134,0.7217493057250977,0.8810102343559265
0.8452183604240417,0.7214270830154419,0.8809187412261963
0.838584840297699,0.7210977077484131,0.8808165788650513
0.8463239073753357,0.7207635045051575,0.8807300925254822
0.8467538952827454,0.7204366326332092,0.8806223273277283
0.844112753868103,0.7201146483421326,0.880524218082428
0.8460782766342163,0.7197591066360474,0.8804404139518738
0.8479208946228027,0.7194520831108093,0.8803492784500122
0.845586895942688,0.7191488742828369,0.8802728652954102
0.840734601020813,0.7188394069671631,0.8801798224449158
0.8410416841506958,0.7185261845588684,0.8800747990608215
0.8348996043205261,0.718180775642395,0.8799832463264465
0.8238437175750732,0.7178339958190918,0.8798916339874268
0.8437442183494568,0.7175212502479553,0.8798001408576965
0.8460782766342163,0.7172266840934753,0.879708468914032
0.843559980392456,0.7169167995452881,0.879616916179657
0.8404889106750488,0.7166337370872498,0.8795244693756104
0.8418402075767517,0.7163390517234802,0.8794321417808533
0.8410416841506958,0.7160319089889526,0.8793405294418335
0.8386462926864624,0.7157084345817566,0.8792484402656555
