accuracy,precision,recall
0.8422086834907532,0.7150905728340149,0.8842485547065735
0.84128737449646,0.714851975440979,0.8841792941093445
0.8452797532081604,0.7146077156066895,0.8841024041175842
0.8379706144332886,0.7143660187721252,0.8840315937995911
0.8410416841506958,0.7141445279121399,0.8839504718780518
0.8350838422775269,0.713905930519104,0.883880615234375
0.8440513610839844,0.7136593461036682,0.8837975859642029
0.8425158262252808,0.7134121060371399,0.88372802734375
0.8358209133148193,0.713165283203125,0.883644700050354
0.8471838235855103,0.712931752204895,0.8835753202438354
0.8458939790725708,0.7126994132995605,0.8834921717643738
0.8436213731765747,0.7124531269073486,0.8834245800971985
0.8375406861305237,0.7121914029121399,0.883354902267456
0.840734601020813,0.7119470834732056,0.8832772970199585
0.8429457545280457,0.7117025852203369,0.8832052946090698
0.8399361371994019,0.7114561200141907,0.8831212520599365
0.8412259817123413,0.7111921906471252,0.8830571174621582
0.8485351204872131,0.7109593749046326,0.8829827308654785
0.8367422223091125,0.710732638835907,0.8829134106636047
0.8382777571678162,0.7105101943016052,0.8828451037406921
0.8423315286636353,0.7102879881858826,0.8827738761901855
0.8391376733779907,0.7100518941879272,0.8826924562454224
0.8419630527496338,0.7097805142402649,0.8826131820678711
0.843437135219574,0.7095540761947632,0.8825399279594421
0.8432528972625732,0.7093302607536316,0.8824698328971863
0.8395676016807556,0.7090956568717957,0.8823873996734619
0.8399361371994019,0.7088622450828552,0.882322371006012
0.8422086834907532,0.7086269855499268,0.8822396397590637
0.8422701358795166,0.7083747386932373,0.882172167301178
0.8398132920265198,0.7081217169761658,0.8821040391921997
