accuracy,precision,recall
0.8384006023406982,0.7079188227653503,0.8820388913154602
0.8356980681419373,0.7077224850654602,0.8819815516471863
0.8406117558479309,0.7075093388557434,0.8819193243980408
0.8398746848106384,0.7073037028312683,0.8818433284759521
0.8434985280036926,0.7071141004562378,0.8817819952964783
0.8419630527496338,0.7069005370140076,0.8817200660705566
0.8335483074188232,0.7067043781280518,0.8816524147987366
0.8431914448738098,0.7065036296844482,0.8815901279449463
0.8445427417755127,0.706298291683197,0.881521463394165
0.8445427417755127,0.7061069011688232,0.8814479112625122
0.8416559100151062,0.705901563167572,0.8813826441764832
0.8411645293235779,0.7056905627250671,0.8813193440437317
0.8405503630638123,0.7054750323295593,0.8812562227249146
0.843989908695221,0.7052815556526184,0.8811950087547302
0.8390762209892273,0.7050808072090149,0.8811270594596863
0.8423929810523987,0.7048866748809814,0.8810648322105408
0.8393833041191101,0.7046820521354675,0.8810042142868042
0.8389533758163452,0.704497754573822,0.8809309601783752
0.8404275178909302,0.704306960105896,0.8808882236480713
0.8294944763183594,0.7041237354278564,0.8808223009109497
0.8379092216491699,0.7039467692375183,0.8807461857795715
0.839260458946228,0.7037551403045654,0.8806850910186768
0.8353909254074097,0.7035305500030518,0.8806239366531372
0.8447884321212769,0.7033582329750061,0.8805616497993469
0.843989908695221,0.703186571598053,0.8804953694343567
0.8406117558479309,0.7029941082000732,0.8804326057434082
0.841410219669342,0.7027920484542847,0.8803716897964478
0.8303543925285339,0.7026062607765198,0.8803096413612366
0.8374178409576416,0.702400803565979,0.8802486062049866
0.8390762209892273,0.7021812200546265,0.8801819682121277
