accuracy,precision,recall
0.8359437584877014,0.7079189419746399,0.8820491433143616
0.8374178409576416,0.7077248692512512,0.8819884061813354
0.843989908695221,0.7075175046920776,0.8819258213043213
0.8393833041191101,0.707305908203125,0.8818596601486206
0.8439285159111023,0.7071226239204407,0.8817984461784363
0.8433757424354553,0.7069005370140076,0.8817289471626282
0.833732545375824,0.7066977620124817,0.8816598057746887
0.8449112176895142,0.7064927816390991,0.8815940022468567
0.8395061492919922,0.7062935829162598,0.8815308809280396
0.8427615165710449,0.7061069011688232,0.8814681172370911
0.845586895942688,0.7058995366096497,0.8814020156860352
0.8450340628623962,0.7056886553764343,0.8813406825065613
0.8384006023406982,0.7054747939109802,0.8812648057937622
0.8402432203292847,0.7052809596061707,0.8812036514282227
0.8372336030006409,0.705078125,0.8811346292495728
0.8391376733779907,0.704872727394104,0.881073534488678
0.8409188389778137,0.7046793699264526,0.8810124397277832
0.846262514591217,0.7044879198074341,0.8809510469436646
0.8355752229690552,0.7043064832687378,0.8808932304382324
0.8334869146347046,0.7041268348693848,0.8808309435844421
0.8385234475135803,0.7039386034011841,0.8807684183120728
0.840181827545166,0.7037379145622253,0.8807080984115601
0.8381549119949341,0.7035195231437683,0.8806462287902832
0.844112753868103,0.7033360600471497,0.8805846571922302
0.8431300520896912,0.7031642198562622,0.8805219531059265
0.8383391499519348,0.7029703259468079,0.8804558515548706
0.8406117558479309,0.7027696967124939,0.8803950548171997
0.8361894488334656,0.7025840282440186,0.880318820476532
0.8442355990409851,0.7023817300796509,0.8802579045295715
0.8364965319633484,0.7021592855453491,0.8801959156990051
