accuracy,precision,recall
0.8388305306434631,0.6944248676300049,0.872628390789032
0.8355752229690552,0.6942726373672485,0.8725886940956116
0.8432528972625732,0.694102942943573,0.8725298643112183
0.8384006023406982,0.6939303874969482,0.8724777102470398
0.8397518396377563,0.6937888264656067,0.8724361658096313
0.83262699842453,0.6936230063438416,0.8723776340484619
0.8420244455337524,0.6934598088264465,0.8723215460777283
0.8350223898887634,0.693298876285553,0.8722769021987915
0.8397518396377563,0.6931367516517639,0.8722203373908997
0.8479822874069214,0.6929730772972107,0.8721620440483093
0.8411645293235779,0.6928121447563171,0.872107207775116
0.8411031365394592,0.6926519870758057,0.8720521926879883
0.8377863764762878,0.6924747824668884,0.8720067739486694
0.8469995856285095,0.6923238635063171,0.871948778629303
0.8356980681419373,0.6921588182449341,0.8718876838684082
0.8409802913665771,0.6920055747032166,0.8718339204788208
0.8403660655021667,0.6918362379074097,0.8717886209487915
0.8371721506118774,0.6917092204093933,0.8717345595359802
0.843559980392456,0.6915581226348877,0.8716819882392883
0.839260458946228,0.6914060711860657,0.8716364502906799
0.8409188389778137,0.6912558674812317,0.8715817332267761
0.8414716720581055,0.6911019086837769,0.8715232014656067
0.836435079574585,0.6909375190734863,0.8714689016342163
0.8405503630638123,0.6907951831817627,0.8714228272438049
0.8431914448738098,0.6906710863113403,0.8713685274124146
0.8382777571678162,0.6905185580253601,0.8713095784187317
0.8386462926864624,0.6903597712516785,0.871268630027771
0.8388305306434631,0.6902139782905579,0.8712141513824463
0.8411645293235779,0.6900524497032166,0.8711569905281067
0.8363736867904663,0.6898714900016785,0.871102511882782
