accuracy,precision,recall
0.8436213731765747,0.6979058384895325,0.878631591796875
0.8409188389778137,0.6977842450141907,0.878593385219574
0.8427615165710449,0.6976426243782043,0.8785418272018433
0.8388919830322266,0.6975091695785522,0.8785028457641602
0.8381549119949341,0.6973965167999268,0.8784571886062622
0.8402432203292847,0.6972683072090149,0.8784180879592896
0.8430072069168091,0.6971436142921448,0.8783697485923767
0.8404889106750488,0.6970111727714539,0.8783286213874817
0.8341625332832336,0.6968967318534851,0.8782892823219299
0.8419630527496338,0.6967689394950867,0.8782365322113037
0.8442970514297485,0.6966444253921509,0.8781976699829102
0.8403046727180481,0.6965049505233765,0.8781512379646301
0.8291260004043579,0.6963779330253601,0.8781111836433411
0.837479293346405,0.696258544921875,0.8780606389045715
0.8366193771362305,0.6961275339126587,0.8780213594436646
0.8356980681419373,0.6959947347640991,0.8779691457748413
0.8411645293235779,0.6958639025688171,0.877930223941803
0.8348381519317627,0.6957618594169617,0.8778891563415527
0.839260458946228,0.6956481337547302,0.8778464794158936
0.838584840297699,0.6955283880233765,0.8778080940246582
0.8386462926864624,0.6954061388969421,0.8777700066566467
0.8376021385192871,0.695282518863678,0.8777231574058533
0.8399975299835205,0.6951597332954407,0.8776808977127075
0.8401203751564026,0.6950487494468689,0.877631664276123
0.8380934596061707,0.6949566602706909,0.8775938153266907
0.8369264602661133,0.6948325634002686,0.8775413632392883
0.8327498435974121,0.6947126388549805,0.8775025606155396
0.8409802913665771,0.6945888996124268,0.8774569034576416
0.837479293346405,0.6944602727890015,0.8774130940437317
0.8396289944648743,0.6943255662918091,0.8773729205131531
