accuracy,precision,recall
0.8477980494499207,0.8191739916801453,0.8932821750640869
0.8478594422340393,0.8188180327415466,0.8938379883766174
0.8406117558479309,0.8184791207313538,0.8943868279457092
0.846815288066864,0.8181361556053162,0.8948993682861328
0.846815288066864,0.8178170919418335,0.8953944444656372
0.8474295139312744,0.8174955248832703,0.8959066271781921
0.8469381332397461,0.8171907663345337,0.8963924050331116
0.8465695977210999,0.8168939352035522,0.8968403935432434
0.8393833041191101,0.8166174292564392,0.8972762227058411
0.8410416841506958,0.8163467645645142,0.8977055549621582
0.8471838235855103,0.8161082863807678,0.8981031179428101
0.8404275178909302,0.8158566951751709,0.8985158205032349
0.8452797532081604,0.81561279296875,0.8989033102989197
0.8447269797325134,0.8154009580612183,0.899284303188324
0.8436828255653381,0.8152138590812683,0.8996293544769287
0.8477365970611572,0.8150001168251038,0.8999881148338318
0.843437135219574,0.8148097395896912,0.9003075957298279
0.8444198966026306,0.8146053552627563,0.9006432890892029
0.8466310501098633,0.8144133687019348,0.900977373123169
0.8456482887268066,0.8142330646514893,0.9012824892997742
0.8457711338996887,0.814055860042572,0.9015792012214661
0.8446655869483948,0.8138962388038635,0.9018556475639343
0.8489036560058594,0.813690185546875,0.9021605253219604
0.8442355990409851,0.8135145902633667,0.9024364352226257
0.8422701358795166,0.8133774399757385,0.902703583240509
0.8472452759742737,0.8132192492485046,0.9029622077941895
0.849517822265625,0.8130803108215332,0.903228759765625
0.846262514591217,0.8129343390464783,0.9034748673439026
0.8462011218070984,0.8127816915512085,0.9037172198295593
0.8454025983810425,0.8126435875892639,0.9039544463157654
