accuracy,precision,recall
0.8169645667076111,0.689238965511322,0.875485897064209
0.8248264789581299,0.6892091631889343,0.8754652738571167
0.8337939977645874,0.6891786456108093,0.8754560947418213
0.8337939977645874,0.6891486048698425,0.875434398651123
0.8323198556900024,0.6891263723373413,0.8754268288612366
0.8210183382034302,0.6891070008277893,0.8754050731658936
0.8307229280471802,0.6890841722488403,0.8753966689109802
0.8356980681419373,0.6890542507171631,0.875374972820282
0.8333640694618225,0.68902587890625,0.8753662109375
0.8332412242889404,0.6890037655830383,0.8753446340560913
0.8188071846961975,0.688975989818573,0.875336229801178
0.832504153251648,0.6889538764953613,0.8753242492675781
0.8344082236289978,0.6889341473579407,0.8753069639205933
0.833855390548706,0.6889060735702515,0.8752985596656799
0.8307843208312988,0.6888822317123413,0.8752764463424683
0.8281432390213013,0.6888537406921387,0.8752676248550415
0.8355752229690552,0.6888343691825867,0.8752462267875671
0.8372949957847595,0.6888124346733093,0.8752374053001404
0.8228610157966614,0.6887810826301575,0.8752158284187317
0.8348996043205261,0.6887538433074951,0.8752073645591736
0.8361894488334656,0.68873131275177,0.8751853704452515
0.8375406861305237,0.6887121796607971,0.8751814365386963
0.8262391686439514,0.688679575920105,0.8751604557037354
0.8359437584877014,0.6886570453643799,0.8751521706581116
0.8383391499519348,0.6886298656463623,0.8751308917999268
0.8336711525917053,0.6885988116264343,0.8751225471496582
0.8303543925285339,0.6885770559310913,0.875113844871521
0.8293716311454773,0.6885486841201782,0.8750929832458496
0.8360051512718201,0.6885181665420532,0.8750847578048706
0.8366193771362305,0.6884856224060059,0.8750623464584351
