accuracy,precision,recall
0.8462011218070984,0.7966380715370178,0.9203184247016907
0.8476752042770386,0.7966614365577698,0.9203474521636963
0.8438056707382202,0.7966923713684082,0.9203574657440186
0.8451569080352783,0.796720027923584,0.9203879833221436
0.8430072069168091,0.7967528104782104,0.9204168319702148
0.8446041345596313,0.7967787981033325,0.9204639196395874
0.8411645293235779,0.7968016266822815,0.9205000996589661
0.8449726700782776,0.7968211770057678,0.9205254912376404
0.8444198966026306,0.7968440651893616,0.9205343723297119
0.8474295139312744,0.796874463558197,0.9205710887908936
0.8449726700782776,0.7968959808349609,0.9205953478813171
0.843437135219574,0.7969264388084412,0.9206255078315735
0.8453412055969238,0.7969377040863037,0.9206522703170776
0.8483508229255676,0.7969642877578735,0.9206784963607788
0.846139669418335,0.7969946265220642,0.9206921458244324
0.846139669418335,0.7969989776611328,0.920725405216217
0.8472452759742737,0.7970256209373474,0.9207696914672852
0.8459554314613342,0.7970598340034485,0.9207830429077148
0.8361279964447021,0.7970905303955078,0.920806884765625
0.8466310501098633,0.7971185445785522,0.9208310842514038
0.8449726700782776,0.7971476912498474,0.92083740234375
0.8448498249053955,0.7971569299697876,0.9208600521087646
0.8465082049369812,0.7971709966659546,0.9208698868751526
0.8466924428939819,0.7971802949905396,0.9208984375
0.8489036560058594,0.7972106337547302,0.920904815196991
0.8449726700782776,0.7972333431243896,0.9209280014038086
0.8465082049369812,0.7972683310508728,0.9209526777267456
0.8478594422340393,0.7972924709320068,0.9209611415863037
0.8438056707382202,0.7973040342330933,0.9209674000740051
0.8394447565078735,0.7973231673240662,0.9209920763969421
