accuracy,precision,recall
0.8448498249053955,0.7973346710205078,0.921013593673706
0.8389533758163452,0.7973626852035522,0.9210221767425537
0.845586895942688,0.7973841428756714,0.9210288524627686
0.8438056707382202,0.7973936796188354,0.9210447669029236
0.8471838235855103,0.7974220514297485,0.9210526943206787
0.8473681211471558,0.7974315285682678,0.9210748672485352
0.8457711338996887,0.7974456548690796,0.9210893511772156
0.840181827545166,0.7974621057510376,0.9211137294769287
0.8492107391357422,0.7974775433540344,0.9211359024047852
0.8483508229255676,0.7974931001663208,0.9211505055427551
0.8467538952827454,0.7975068092346191,0.921173632144928
0.8446041345596313,0.7975230813026428,0.9211969375610352
0.8484736680984497,0.797544002532959,0.9212040305137634
0.8460782766342163,0.7975541949272156,0.9212324619293213
0.8457711338996887,0.7975769639015198,0.921241283416748
0.8410416841506958,0.7975860238075256,0.9212889075279236
0.8446655869483948,0.7975997924804688,0.9213258624076843
0.8411645293235779,0.7976096868515015,0.9213644862174988
0.8478594422340393,0.7976359724998474,0.921410858631134
0.8454025983810425,0.7976470589637756,0.921441376209259
0.8442970514297485,0.7976595163345337,0.9214715957641602
0.8452797532081604,0.7976679801940918,0.9214995503425598
0.8407959938049316,0.7976703643798828,0.921532928943634
0.8448498249053955,0.797676146030426,0.9215694069862366
0.8433757424354553,0.797698974609375,0.9215925335884094
0.8402432203292847,0.7977039217948914,0.921624481678009
0.8483508229255676,0.7977270483970642,0.9216392636299133
0.8465082049369812,0.7977317571640015,0.9216696619987488
0.8406117558479309,0.7977376580238342,0.921698272228241
0.8459554314613342,0.7977505326271057,0.9217240214347839
