accuracy,precision,recall
0.8448498249053955,0.807493269443512,0.9124078154563904
0.8424543738365173,0.8074431419372559,0.9124996662139893
0.8446041345596313,0.8074012398719788,0.9125751256942749
0.8465695977210999,0.807342529296875,0.9126591086387634
0.8469995856285095,0.8073043823242188,0.9127482771873474
0.8470609784126282,0.8072490692138672,0.9128196835517883
0.8431300520896912,0.807197093963623,0.9129095673561096
0.8433757424354553,0.8071588277816772,0.9129976034164429
0.8463239073753357,0.8071063160896301,0.9130839705467224
0.8469995856285095,0.8070679306983948,0.9131552577018738
0.8450340628623962,0.807014524936676,0.9132384657859802
0.8436828255653381,0.8069781064987183,0.9133079648017883
0.8444812893867493,0.8069452047348022,0.9133891463279724
0.8483508229255676,0.8069061636924744,0.9134590029716492
0.8457711338996887,0.8068752884864807,0.9135363101959229
0.8476138114929199,0.8068255186080933,0.9136064648628235
0.8459554314613342,0.8067895770072937,0.913688063621521
0.8439285159111023,0.8067536354064941,0.913763701915741
0.8463239073753357,0.8067092895507812,0.9138469099998474
0.8458939790725708,0.8066716194152832,0.9139116406440735
0.8442355990409851,0.806632936000824,0.9139773845672607
0.8449112176895142,0.8065818548202515,0.9140388369560242
0.8471224308013916,0.8065414428710938,0.9141215085983276
0.8445427417755127,0.806495189666748,0.9141849875450134
0.843437135219574,0.8064782619476318,0.9142457842826843
0.8436828255653381,0.8064343333244324,0.9143082499504089
0.8414716720581055,0.8064036965370178,0.9143741130828857
0.8474295139312744,0.8063731789588928,0.9144351482391357
0.8400589823722839,0.8063352704048157,0.9144907593727112
0.843989908695221,0.8062958717346191,0.9145572185516357
