accuracy,precision,recall
0.8475523591041565,0.7977598905563354,0.9217466115951538
0.8476138114929199,0.7977809309959412,0.9217755198478699
0.840734601020813,0.7977885007858276,0.9217902421951294
0.8469381332397461,0.7977923154830933,0.9218140840530396
0.8447884321212769,0.7978119254112244,0.9218438863754272
0.8474295139312744,0.7978186011314392,0.9218733310699463
0.8406117558479309,0.7978205680847168,0.9219035506248474
0.8447269797325134,0.7978418469429016,0.9219138026237488
0.8398132920265198,0.7978492975234985,0.9219380021095276
0.8411031365394592,0.797859787940979,0.9219669699668884
0.8468767404556274,0.7978724241256714,0.9219900965690613
0.8388305306434631,0.797882080078125,0.9220053553581238
0.84128737449646,0.7979030609130859,0.9220259189605713
0.8473681211471558,0.7979126572608948,0.9220502972602844
0.8463853597640991,0.7979339957237244,0.922058641910553
0.842884361743927,0.797943651676178,0.9220890402793884
0.848965048789978,0.7979504466056824,0.9221190214157104
0.844112753868103,0.7979713678359985,0.9221476912498474
0.8442355990409851,0.7979737520217896,0.9221786260604858
0.8438670635223389,0.797996461391449,0.9221877455711365
0.8437442183494568,0.7980035543441772,0.9222106337547302
0.8445427417755127,0.7980059385299683,0.9222173094749451
0.848412275314331,0.798004686832428,0.9222412109375
0.8416559100151062,0.7980088591575623,0.9222650527954102
0.8476138114929199,0.7980266213417053,0.922278106212616
0.8477365970611572,0.798026978969574,0.9223018288612366
0.8409188389778137,0.7980424761772156,0.922310471534729
0.8442970514297485,0.7980577945709229,0.9223343729972839
0.8413488268852234,0.7980650663375854,0.9223553538322449
0.8450955152511597,0.7980670928955078,0.9223652482032776
