accuracy,precision,recall
0.8434985280036926,0.798088014125824,0.922387421131134
0.842884361743927,0.7980956435203552,0.922394335269928
0.8430685997009277,0.7980976104736328,0.9224180579185486
0.838707685470581,0.7981165647506714,0.9224244356155396
0.8454025983810425,0.7981260418891907,0.922448456287384
0.8456482887268066,0.7981260418891907,0.9224631786346436
0.8466924428939819,0.7981268167495728,0.9224874377250671
0.8432528972625732,0.7981439232826233,0.9225139021873474
0.8452183604240417,0.7981547713279724,0.9225206971168518
0.8417787551879883,0.7981639504432678,0.9225444197654724
0.8415945172309875,0.7982091903686523,0.9225530624389648
0.8460168242454529,0.7982763648033142,0.9225773215293884
0.8438670635223389,0.7983416318893433,0.9225851893424988
0.843559980392456,0.7979336380958557,0.9223806262016296
0.8428229093551636,0.7973400354385376,0.9220882058143616
0.8443584442138672,0.7967523336410522,0.9217913746833801
0.8465695977210999,0.796110212802887,0.9215108752250671
0.8450340628623962,0.7955016493797302,0.9212340712547302
0.8450955152511597,0.7949126958847046,0.9209578633308411
0.8416559100151062,0.7943443655967712,0.9206622242927551
0.8402432203292847,0.7937340140342712,0.9203797578811646
0.8446655869483948,0.7930998802185059,0.9200828075408936
0.844112753868103,0.7924574017524719,0.9198077321052551
0.8438056707382202,0.7918415069580078,0.919525682926178
0.8491492867469788,0.7912688851356506,0.9192319512367249
0.846139669418335,0.7906567454338074,0.9189474582672119
0.8379092216491699,0.7900921702384949,0.9186691045761108
0.8457711338996887,0.7894806265830994,0.9183881878852844
0.8454025983810425,0.7888580560684204,0.9180914759635925
0.8438670635223389,0.788266658782959,0.9178098440170288
