accuracy,precision,recall
0.8466924428939819,0.7980974912643433,0.9223875403404236
0.8454640507698059,0.7981116771697998,0.9223951697349548
0.8427615165710449,0.7981170415878296,0.922419548034668
0.8396904468536377,0.7981257438659668,0.9224226474761963
0.8469381332397461,0.7981340289115906,0.9224480986595154
0.8458325862884521,0.7981336712837219,0.922463059425354
0.8470609784126282,0.7981489300727844,0.9224854707717896
0.8470609784126282,0.7981547713279724,0.9225142598152161
0.8471838235855103,0.7981606721878052,0.9225233793258667
0.8457097411155701,0.7981777787208557,0.92254638671875
0.8421472907066345,0.7982178330421448,0.9225534796714783
0.8452183604240417,0.7982863783836365,0.9225788712501526
0.8431300520896912,0.7983678579330444,0.9225851893424988
0.8440513610839844,0.7979336380958557,0.9223716855049133
0.843559980392456,0.7973327040672302,0.9220885038375854
0.8459554314613342,0.7967246770858765,0.9217917919158936
0.8468767404556274,0.79608154296875,0.9215108752250671
0.8468767404556274,0.7954617142677307,0.9212342500686646
0.8449112176895142,0.7948681116104126,0.9209532141685486
0.8396289944648743,0.7943042516708374,0.9206564426422119
0.8411645293235779,0.7937011122703552,0.9203775525093079
0.8421472907066345,0.7930693626403809,0.920074999332428
0.8454025983810425,0.7924425601959229,0.9197964668273926
0.8429457545280457,0.7918091416358948,0.9195064902305603
0.8456482887268066,0.791231095790863,0.919219970703125
0.837479293346405,0.7906253337860107,0.9189382195472717
0.8388919830322266,0.7900413274765015,0.9186468124389648
0.8458939790725708,0.7894366383552551,0.9183655977249146
0.8498863577842712,0.7888275980949402,0.9180706143379211
0.8467538952827454,0.7882153391838074,0.9177923202514648
