accuracy,precision,recall
0.8434985280036926,0.7959080338478088,0.9111327528953552
0.8447884321212769,0.7953107953071594,0.9108361601829529
0.844112753868103,0.7946854829788208,0.9105547070503235
0.8457711338996887,0.794097900390625,0.9102665781974792
0.8481051325798035,0.7935160994529724,0.9099816083908081
0.8423315286636353,0.7928776741027832,0.9097053408622742
0.8482279777526855,0.7922760844230652,0.9094251990318298
0.8450955152511597,0.7916947603225708,0.9091489911079407
0.8411645293235779,0.791104793548584,0.9088542461395264
0.8442355990409851,0.7905046939849854,0.9085869789123535
0.8447884321212769,0.789884626865387,0.9082991480827332
0.8471224308013916,0.7892741560935974,0.9080268740653992
0.8453412055969238,0.7886732220649719,0.907745361328125
0.8465082049369812,0.7880766987800598,0.9074706435203552
0.8451569080352783,0.78749680519104,0.907189667224884
0.8465695977210999,0.7869032621383667,0.9069043397903442
0.8453412055969238,0.786283016204834,0.9066245555877686
0.843559980392456,0.7856980562210083,0.906349778175354
0.8457711338996887,0.7851234078407288,0.9060752987861633
0.8437442183494568,0.7845534086227417,0.9058002829551697
0.8444198966026306,0.7839660048484802,0.9055197238922119
0.8482279777526855,0.7833555936813354,0.9052426815032959
0.8454025983810425,0.7827129364013672,0.9049681425094604
0.8433757424354553,0.7820759415626526,0.904693603515625
0.8398132920265198,0.7815269827842712,0.9044124484062195
0.8452797532081604,0.7809540629386902,0.9041221737861633
0.8417787551879883,0.780401349067688,0.9038447141647339
0.8442355990409851,0.7798161506652832,0.9035665392875671
0.8450955152511597,0.7792133092880249,0.9032902121543884
0.8469995856285095,0.7786250114440918,0.9030135273933411
