accuracy,precision,recall
0.8422701358795166,0.7715124487876892,0.9096530079841614
0.8454025983810425,0.7710055708885193,0.909417450428009
0.845586895942688,0.7705360054969788,0.9091733694076538
0.846262514591217,0.7700480222702026,0.9089291095733643
0.8446041345596313,0.7695947289466858,0.9086758494377136
0.8449726700782776,0.7691015601158142,0.9084409475326538
0.8409802913665771,0.7685931921005249,0.908203125
0.8421472907066345,0.768129825592041,0.9079608917236328
0.8358209133148193,0.7676471471786499,0.9077226519584656
0.8446041345596313,0.7671908140182495,0.9074787497520447
0.8460782766342163,0.7667217254638672,0.9072346091270447
0.8455254435539246,0.7662360072135925,0.9069980978965759
0.8454025983810425,0.7657676935195923,0.9067620038986206
0.8438670635223389,0.765256404876709,0.9065242409706116
0.8464467525482178,0.7647629380226135,0.906281054019928
0.8460168242454529,0.764312207698822,0.906036376953125
0.8374178409576416,0.7638015747070312,0.9057943820953369
0.8458325862884521,0.7633355259895325,0.9055565595626831
0.8418402075767517,0.762870728969574,0.9053328037261963
0.8437442183494568,0.7623980045318604,0.90509033203125
0.8436828255653381,0.761909544467926,0.904846727848053
0.8406731486320496,0.7614040970802307,0.9046100974082947
0.8450955152511597,0.7608866691589355,0.904382050037384
0.8427615165710449,0.760376513004303,0.9041441679000854
0.8446041345596313,0.7599462270736694,0.9039000868797302
0.843437135219574,0.75946044921875,0.9036580920219421
0.8463853597640991,0.7590051889419556,0.903418779373169
0.8444198966026306,0.758542537689209,0.9031914472579956
0.8457711338996887,0.758056104183197,0.9029524922370911
0.8408574461936951,0.7575682997703552,0.9027098417282104
