accuracy,precision,recall
0.8417173624038696,0.7714923024177551,0.909637987613678
0.8431914448738098,0.7709937691688538,0.9094001650810242
0.8484736680984497,0.7705153226852417,0.9091566205024719
0.8440513610839844,0.7700190544128418,0.9089118838310242
0.8440513610839844,0.7695697546005249,0.9086661338806152
0.8446041345596313,0.7690641283988953,0.9084252119064331
0.838032066822052,0.7685546278953552,0.9082015156745911
0.8427615165710449,0.7680874466896057,0.907959520816803
0.8369264602661133,0.7675874829292297,0.9077168703079224
0.8425158262252808,0.7671279907226562,0.9074745178222656
0.8420244455337524,0.766654908657074,0.907233476638794
0.8439285159111023,0.7661744952201843,0.9069907665252686
0.8460782766342163,0.7656956911087036,0.906746506690979
0.8449726700782776,0.7651917338371277,0.9065183401107788
0.846262514591217,0.7646995782852173,0.9062801003456116
0.8473066687583923,0.7642515301704407,0.9060347080230713
0.8378477692604065,0.7637324333190918,0.9057939648628235
0.8486579656600952,0.7632466554641724,0.9055564403533936
0.8433757424354553,0.7627869844436646,0.9053281545639038
0.8431914448738098,0.7623271942138672,0.9050902724266052
0.8440513610839844,0.7618312239646912,0.9048479199409485
0.8438670635223389,0.7613199949264526,0.9046105146408081
0.84128737449646,0.7608108520507812,0.904382050037384
0.843559980392456,0.7603129148483276,0.9041438698768616
0.8467538952827454,0.7598777413368225,0.9039000868797302
0.8426386713981628,0.759391188621521,0.9036627411842346
0.8447269797325134,0.7589339017868042,0.9034204483032227
0.8431300520896912,0.7584514617919922,0.9031981825828552
0.8463239073753357,0.7579727172851562,0.9029541015625
0.8411031365394592,0.7575048208236694,0.9027102589607239
