accuracy,precision,recall
0.6051502227783203,0.6949007511138916,0.6995009183883667
0.8669527769088745,0.6925380229949951,0.6985622048377991
0.6866952776908875,0.6885671615600586,0.7000827789306641
0.6309012770652771,0.6875861883163452,0.6978827714920044
0.45922747254371643,0.6849053502082825,0.6980628371238708
0.7467811107635498,0.6825562715530396,0.6985441446304321
0.8369098901748657,0.6792205572128296,0.700537919998169
0.6652360558509827,0.6793502569198608,0.6986650228500366
0.8497853875160217,0.6792700886726379,0.6970062255859375
0.8025751113891602,0.6785970330238342,0.6958865523338318
0.8927038908004761,0.6779194474220276,0.6943489909172058
0.832617998123169,0.6764729619026184,0.694063663482666
0.4721029996871948,0.6752769947052002,0.6934067010879517
0.6437768340110779,0.6723804473876953,0.695568859577179
0.7682403326034546,0.670498251914978,0.6959120631217957
0.4163089990615845,0.6702432632446289,0.6954700946807861
0.5236051678657532,0.6692695021629333,0.6942005753517151
0.7639485001564026,0.6696257591247559,0.6928727030754089
0.8412017226219177,0.6674820184707642,0.6956298351287842
0.8712446093559265,0.6668927073478699,0.6937046051025391
0.8025751113891602,0.6662377715110779,0.6914586424827576
0.8412017226219177,0.6655169725418091,0.6894464492797852
0.8197425007820129,0.6655153036117554,0.6884391903877258
0.7424892783164978,0.6642752885818481,0.6887778043746948
0.7510729432106018,0.663421094417572,0.6887490749359131
0.6952789425849915,0.662115752696991,0.6891806125640869
0.7467811107635498,0.6619071960449219,0.6880955696105957
0.8626609444618225,0.6620979309082031,0.6876209378242493
0.8412017226219177,0.6618457436561584,0.6862195134162903
0.8283261656761169,0.6615607738494873,0.6854332685470581
