accuracy,precision,recall
0.5793991684913635,0.6608019471168518,0.6858084797859192
0.6223176121711731,0.6594014167785645,0.6861927509307861
0.40772533416748047,0.6589348912239075,0.6860901713371277
0.7682403326034546,0.6586439609527588,0.6847116947174072
0.6781116127967834,0.6572826504707336,0.6852619051933289
0.4935622215270996,0.6568865776062012,0.6844002604484558
0.7510729432106018,0.6570858359336853,0.6839300394058228
0.8497853875160217,0.6572388410568237,0.6831659078598022
0.44635194540023804,0.6564948558807373,0.6834664940834045
0.9141631126403809,0.6561788320541382,0.6823533773422241
0.32618024945259094,0.655586838722229,0.6827330589294434
0.1373390555381775,0.6546491980552673,0.6821628212928772
0.32618024945259094,0.6545658111572266,0.6812836527824402
0.7124463319778442,0.653733491897583,0.6816906332969666
0.6909871101379395,0.6532795429229736,0.6813871264457703
0.497854083776474,0.6527206301689148,0.6814261078834534
0.7510729432106018,0.652032196521759,0.681357741355896
0.7038626670837402,0.6512197852134705,0.6826426982879639
0.4763948619365692,0.6504682302474976,0.6828907132148743
0.5364806652069092,0.6503728032112122,0.6818963289260864
0.3862660825252533,0.6493223905563354,0.6818769574165344
0.4163089990615845,0.6487534046173096,0.6816647052764893
0.7038626670837402,0.6477550864219666,0.6819437146186829
0.729613721370697,0.6476048827171326,0.6823766231536865
0.6866952776908875,0.6470041871070862,0.6833681464195251
0.6824034452438354,0.647113561630249,0.6832857728004456
0.6652360558509827,0.6464896202087402,0.6846506595611572
0.5708154439926147,0.6457284092903137,0.684665322303772
0.5107296109199524,0.6454395055770874,0.6846566796302795
0.733905553817749,0.645379900932312,0.6837055683135986
