accuracy,precision,recall
0.557330846786499,0.9720504879951477,0.9590227603912354
0.5723684430122375,0.9719815850257874,0.9588799476623535
0.5986841917037964,0.9719125032424927,0.9587587714195251
0.5874060392379761,0.9718480110168457,0.9586252570152283
0.594924807548523,0.9717778563499451,0.9584936499595642
0.6109022498130798,0.9716991186141968,0.9583572149276733
0.5244361162185669,0.9716224670410156,0.958215057849884
0.5883458852767944,0.9715449213981628,0.9580664038658142
0.5808270573616028,0.9714804291725159,0.957940936088562
0.567669153213501,0.9714142084121704,0.9578109979629517
0.6005638837814331,0.9713515043258667,0.9577012062072754
0.576127827167511,0.971290111541748,0.957573413848877
0.6447368264198303,0.9712271094322205,0.957455039024353
0.6174812316894531,0.9711627960205078,0.9573349952697754
0.6099624037742615,0.9710953831672668,0.9571950435638428
0.5657894611358643,0.9710385799407959,0.9570778012275696
0.6090225577354431,0.9709665775299072,0.9569388031959534
0.5864661931991577,0.9708965420722961,0.9568129181861877
0.5714285969734192,0.9708204865455627,0.9566835761070251
0.6024436354637146,0.9707598686218262,0.9565756320953369
0.6090225577354431,0.970697283744812,0.9564647674560547
0.6015037298202515,0.970645010471344,0.9563450813293457
0.6127819418907166,0.9705947637557983,0.9562355279922485
0.603383481502533,0.9705491065979004,0.9561402797698975
0.6118420958518982,0.970492422580719,0.9560326933860779
0.603383481502533,0.9704199433326721,0.9559136629104614
0.6212406158447266,0.9703829288482666,0.95582515001297
0.5808270573616028,0.970303475856781,0.9556888341903687
0.6146616339683533,0.9702334403991699,0.9555633664131165
0.6118420958518982,0.9701769351959229,0.9554509520530701
