accuracy,precision,recall
0.21334587037563324,0.9629864692687988,0.9338399171829224
0.20864661037921906,0.9629260897636414,0.9337149858474731
0.2095864713191986,0.9628902673721313,0.9336186051368713
0.21146616339683533,0.9628515839576721,0.9335256218910217
0.2077067643404007,0.9628069400787354,0.9334003329277039
0.23026315867900848,0.9627678990364075,0.9333056211471558
0.1832706779241562,0.962730884552002,0.9332205057144165
0.16353383660316467,0.9626891016960144,0.9331116676330566
0.17669172585010529,0.9626449346542358,0.9330105781555176
0.21334587037563324,0.9626169800758362,0.9329214692115784
0.21052631735801697,0.9625644683837891,0.9328193068504333
0.19736842811107635,0.9625174403190613,0.9327211380004883
0.18890976905822754,0.9624748229980469,0.9326250553131104
0.20394736528396606,0.9624423980712891,0.9325361251831055
0.1851503700017929,0.9623911380767822,0.9324246048927307
0.19736842811107635,0.9623562097549438,0.9323347806930542
0.21616540849208832,0.9623175263404846,0.932243824005127
0.20864661037921906,0.9622992277145386,0.9321801066398621
0.17293232679367065,0.9622562527656555,0.9320825338363647
0.19736842811107635,0.9622213840484619,0.9319906830787659
0.18796992301940918,0.9621944427490234,0.931911289691925
0.2387218028306961,0.962160587310791,0.9318179488182068
0.2095864713191986,0.9621217250823975,0.9317216277122498
0.17669172585010529,0.962076723575592,0.9316167235374451
0.1832706779241562,0.9620361328125,0.9315099716186523
0.21052631735801697,0.9619832634925842,0.931401252746582
0.16823308169841766,0.9619255065917969,0.9312940239906311
0.18045112490653992,0.9618778228759766,0.9311978816986084
0.21334587037563324,0.9618332982063293,0.931092381477356
0.21992480754852295,0.9617880582809448,0.9309893250465393
