accuracy,precision,recall
0.5281955003738403,0.970111608505249,0.9553109407424927
0.6005638837814331,0.9700517058372498,0.9551874995231628
0.5281955003738403,0.9699847102165222,0.9550406336784363
0.5291353464126587,0.9699292182922363,0.9549127221107483
0.5328947305679321,0.9698739051818848,0.9548004269599915
0.5366541147232056,0.9698261022567749,0.9546841979026794
0.5667293071746826,0.9697653651237488,0.9545546174049377
0.5808270573616028,0.969714879989624,0.9544488191604614
0.5206766724586487,0.9696611762046814,0.9543296694755554
0.5789473652839661,0.9696141481399536,0.9542261958122253
0.5845864415168762,0.9695507287979126,0.9541042447090149
0.548872172832489,0.9694926142692566,0.9539732933044434
0.5902255773544312,0.9694436192512512,0.9538660645484924
0.5366541147232056,0.9693858027458191,0.9537283778190613
0.5460526347160339,0.9693316221237183,0.9536144137382507
0.5366541147232056,0.9692894220352173,0.9535086154937744
0.567669153213501,0.9692273139953613,0.9533892273902893
0.5582706928253174,0.9691758155822754,0.9532774686813354
0.557330846786499,0.9691354036331177,0.9531819820404053
0.6118420958518982,0.9690805077552795,0.9530743956565857
0.5667293071746826,0.9690362215042114,0.9529585838317871
0.5385338068008423,0.968986988067627,0.9528611302375793
0.5422932505607605,0.9689391851425171,0.9527364373207092
0.548872172832489,0.9689034819602966,0.9526426792144775
0.5432330965995789,0.968859076499939,0.9525372982025146
0.5808270573616028,0.9688069820404053,0.9524255394935608
0.5507518649101257,0.9687487483024597,0.9523213505744934
0.548872172832489,0.9687147736549377,0.9522343873977661
0.5610902309417725,0.9686746001243591,0.9521395564079285
0.5140977501869202,0.9686293005943298,0.9520416259765625
