accuracy,precision,recall
0.19736842811107635,0.9628101587295532,0.9330060482025146
0.19360902905464172,0.9627571105957031,0.932898998260498
0.1719924807548523,0.9627156853675842,0.9328035712242126
0.2077067643404007,0.9626650214195251,0.9326921701431274
0.20394736528396606,0.9626299738883972,0.9326143860816956
0.17951127886772156,0.9625717401504517,0.9325065612792969
0.17011278867721558,0.9625227451324463,0.9324175715446472
0.20018796622753143,0.9624891877174377,0.9323326945304871
0.18890976905822754,0.9624557495117188,0.9322443604469299
0.1785714328289032,0.9624214172363281,0.932155191898346
0.20676691830158234,0.9623792171478271,0.9320554137229919
0.2095864713191986,0.9623512029647827,0.9319940209388733
0.1964285671710968,0.962308406829834,0.9319069385528564
0.17669172585010529,0.9622822999954224,0.9318332076072693
0.20206767320632935,0.9622321128845215,0.9317430853843689
0.2565789520740509,0.9622084498405457,0.9316765069961548
0.1785714328289032,0.9621598720550537,0.9315704703330994
0.20676691830158234,0.9621192812919617,0.9314818978309631
0.18233083188533783,0.9620890021324158,0.9314051866531372
0.19830827414989471,0.9620450139045715,0.9313241839408875
0.19736842811107635,0.9619987607002258,0.9312241077423096
0.1851503700017929,0.9619766473770142,0.931159257888794
0.2387218028306961,0.9619378447532654,0.9310670495033264
0.2274436056613922,0.9618968963623047,0.930980384349823
0.2321428507566452,0.9618597626686096,0.9308968186378479
0.18609023094177246,0.961812436580658,0.9308146834373474
0.17481203377246857,0.9617824554443359,0.9307522773742676
0.19266916811466217,0.9617639183998108,0.9306908249855042
0.23120300471782684,0.9617271423339844,0.9305944442749023
0.18233083188533783,0.9616941809654236,0.9305202960968018
