accuracy,precision,recall
0.5319548845291138,0.9685916900634766,0.9519450068473816
0.5065789222717285,0.9685481786727905,0.9518250823020935
0.4821428656578064,0.9685018062591553,0.951705813407898
0.5451127886772156,0.968460202217102,0.951599657535553
0.5075187683105469,0.9684063196182251,0.9514610171318054
0.518796980381012,0.968353807926178,0.9513214230537415
0.5366541147232056,0.9682946801185608,0.9511990547180176
0.5206766724586487,0.9682583808898926,0.9510850310325623
0.5056390762329102,0.9682074189186096,0.9509673118591309
0.5319548845291138,0.9681668877601624,0.9508638978004456
0.5206766724586487,0.9681224822998047,0.9507479667663574
0.48120301961898804,0.9680753350257874,0.9506168365478516
0.5056390762329102,0.9680258631706238,0.9504969120025635
0.5075187683105469,0.9679713249206543,0.9503757357597351
0.521616518497467,0.9679291844367981,0.9502684473991394
0.5046992301940918,0.9678703546524048,0.9501318335533142
0.5263158082962036,0.9678238034248352,0.9500164985656738
0.521616518497467,0.9677711725234985,0.9499005675315857
0.5592105388641357,0.967721700668335,0.9497928619384766
0.530075192451477,0.967688262462616,0.9496864080429077
0.5112782120704651,0.9676518440246582,0.9495804905891418
0.5253759622573853,0.9675970673561096,0.9494627714157104
0.518796980381012,0.9675519466400146,0.9493647217750549
0.5244361162185669,0.9675238132476807,0.9492762088775635
0.5,0.9674792289733887,0.9491766691207886
0.4971804618835449,0.9674454927444458,0.9490910768508911
0.5347744226455688,0.9674058556556702,0.9489922523498535
0.521616518497467,0.9673746824264526,0.9488957524299622
0.5234962701797485,0.9673377871513367,0.9488053321838379
0.5244361162185669,0.9673000574111938,0.9487139582633972
