accuracy,precision,recall
0.23496240377426147,0.9622995853424072,0.9331173896789551
0.24154135584831238,0.962279736995697,0.9330623745918274
0.25,0.9622575044631958,0.9330014586448669
0.2255639135837555,0.9622365236282349,0.9329437017440796
0.2189849615097046,0.9622166752815247,0.9328792095184326
0.2584586441516876,0.9621939063072205,0.9328199028968811
0.22650375962257385,0.962173342704773,0.9327648282051086
0.22650375962257385,0.9621527194976807,0.9327077865600586
0.23120300471782684,0.9621331691741943,0.9326540231704712
0.22274436056613922,0.9621161222457886,0.9326063990592957
0.22932331264019012,0.9620976448059082,0.9325580596923828
0.2387218028306961,0.9620836973190308,0.9325119256973267
0.2208646684885025,0.9620652198791504,0.9324514269828796
0.27161654829978943,0.962046205997467,0.9323897957801819
0.19924812018871307,0.9620298743247986,0.9323335289955139
0.2650375962257385,0.9620103240013123,0.9322792887687683
0.23402255773544312,0.9619907140731812,0.932226300239563
0.23402255773544312,0.9619629979133606,0.9321622848510742
0.24060150980949402,0.9619415402412415,0.9321020841598511
0.19830827414989471,0.9619267582893372,0.9320534467697144
0.2659774422645569,0.9619092345237732,0.9319996237754822
0.2274436056613922,0.9618853330612183,0.9319455623626709
0.21710526943206787,0.9618639945983887,0.9318861365318298
0.25563910603523254,0.9618480801582336,0.9318395853042603
0.25093984603881836,0.9618328213691711,0.9317951202392578
0.24624060094356537,0.9618172645568848,0.9317463040351868
0.2612781822681427,0.9618052244186401,0.9317076206207275
0.21710526943206787,0.9617904424667358,0.9316624999046326
0.2321428507566452,0.961771547794342,0.93160480260849
0.26033833622932434,0.9617505073547363,0.9315518736839294
