accuracy,precision,recall
0.8975563645362854,0.995867908000946,0.9916395545005798
0.8994361162185669,0.995669424533844,0.9913983345031738
0.8872180581092834,0.9955584406852722,0.9912630915641785
0.9097744226455688,0.9953581690788269,0.991043210029602
0.9060150384902954,0.995184600353241,0.990848183631897
0.8947368264198303,0.994964599609375,0.9905955195426941
0.9125939607620239,0.9947991371154785,0.990392804145813
0.9003759622573853,0.9946272373199463,0.9901948571205139
0.9003759622573853,0.9944369196891785,0.9899840354919434
0.8975563645362854,0.9942041039466858,0.9897322058677673
0.9088345766067505,0.9940776824951172,0.989590048789978
0.9182330965995789,0.9939477443695068,0.9894424676895142
0.8900375962257385,0.9938382506370544,0.9893059730529785
0.9116541147232056,0.9937853813171387,0.9892308712005615
0.896616518497467,0.993606686592102,0.9890509247779846
0.9163534045219421,0.9935048222541809,0.9889233708381653
0.8853383660316467,0.9934049248695374,0.9888045191764832
0.9088345766067505,0.9932796359062195,0.988669216632843
0.8909774422645569,0.9931787848472595,0.988552987575531
0.9135338068008423,0.9930684566497803,0.9884392023086548
0.9097744226455688,0.993042528629303,0.9884021878242493
0.9116541147232056,0.9929822087287903,0.9883297085762024
0.9154135584831238,0.9928658604621887,0.9881828427314758
0.9078947305679321,0.9928035736083984,0.9881037473678589
0.9003759622573853,0.9927347898483276,0.9880214929580688
0.8900375962257385,0.9926629066467285,0.98793625831604
0.9097744226455688,0.9926026463508606,0.9878499507904053
0.896616518497467,0.9925063848495483,0.987740695476532
0.8928571343421936,0.9924337863922119,0.9876503944396973
0.8984962701797485,0.9924002289772034,0.9876121282577515
