accuracy,precision,recall
0.1672932356595993,0.9617295265197754,0.9314995408058167
0.2077067643404007,0.9617060422897339,0.9314408302307129
0.2142857164144516,0.9616844058036804,0.9313918948173523
0.18421052396297455,0.9616617560386658,0.9313429594039917
0.20394736528396606,0.9616367220878601,0.9312933683395386
0.18890976905822754,0.9616169929504395,0.9312449097633362
0.20488721132278442,0.9615978002548218,0.9312043190002441
0.19078947603702545,0.9615800380706787,0.9311568140983582
0.2124060094356537,0.9615655541419983,0.9311071038246155
0.2030075192451477,0.9615506529808044,0.9310634732246399
0.18796992301940918,0.961532473564148,0.9310168623924255
0.22462406754493713,0.9615195989608765,0.9309737682342529
0.1607142835855484,0.9615048766136169,0.930932879447937
0.23026315867900848,0.961484432220459,0.9308769106864929
0.19078947603702545,0.9614683985710144,0.9308387637138367
0.19736842811107635,0.9614505767822266,0.9307922720909119
0.18421052396297455,0.9614282250404358,0.9307485222816467
0.17763157188892365,0.9614109992980957,0.9307151436805725
0.20394736528396606,0.9613946080207825,0.9306742548942566
0.21146616339683533,0.9613775610923767,0.9306309819221497
0.1851503700017929,0.9613645076751709,0.9305949211120605
0.23590224981307983,0.9613476991653442,0.9305531978607178
0.17575187981128693,0.9613288640975952,0.9305099844932556
0.1851503700017929,0.9613062739372253,0.9304661750793457
0.20864661037921906,0.9612889289855957,0.9304165244102478
0.18890976905822754,0.9612784385681152,0.930383026599884
0.21146616339683533,0.9612584710121155,0.9303395748138428
0.23966164886951447,0.9612383842468262,0.9302992224693298
0.2124060094356537,0.9612202644348145,0.9302564859390259
0.17105263471603394,0.9612009525299072,0.9302191734313965
