accuracy,precision,recall
0.8571428656578064,0.9922040104866028,0.9873902797698975
0.8778195381164551,0.9921035766601562,0.9872573614120483
0.88345867395401,0.9919268488883972,0.9870450496673584
0.8787593841552734,0.9917883276939392,0.986884593963623
0.8656014800071716,0.9916321039199829,0.9866917729377747
0.8599624037742615,0.9914612770080566,0.9864951968193054
0.8599624037742615,0.991300106048584,0.9863036870956421
0.8496240377426147,0.9911216497421265,0.9861031770706177
0.8571428656578064,0.9910251498222351,0.9859833717346191
0.847744345664978,0.9908818602561951,0.9858170747756958
0.88345867395401,0.990774393081665,0.9856941103935242
0.8853383660316467,0.9906371831893921,0.9855318665504456
0.8656014800071716,0.9905377626419067,0.98541259765625
0.8768796920776367,0.9903989434242249,0.9852346777915955
0.8674812316894531,0.9902729988098145,0.9850795865058899
0.8110902309417725,0.9901134371757507,0.98487788438797
0.8515037298202515,0.9900009036064148,0.9847447872161865
0.8627819418907166,0.9899163842201233,0.9846441745758057
0.7781955003738403,0.9898023009300232,0.9845115542411804
0.875,0.9897260069847107,0.9844198822975159
0.856203019618988,0.9896401762962341,0.9843194484710693
0.8543233275413513,0.9895313382148743,0.9841865301132202
0.8825187683105469,0.9894306063652039,0.9840679168701172
0.8740601539611816,0.9893283843994141,0.9839444160461426
0.8637217879295349,0.9892828464508057,0.9838858246803284
0.8637217879295349,0.9892182946205139,0.9838042259216309
0.8552631735801697,0.9891315698623657,0.983687698841095
0.8524436354637146,0.9890677332878113,0.9836089015007019
0.8402255773544312,0.9889543056488037,0.9834636449813843
0.856203019618988,0.988851010799408,0.983334481716156
