accuracy,precision,recall
0.7453007698059082,0.9820979833602905,0.9747015833854675
0.7951127886772156,0.9819967746734619,0.9745562076568604
0.7650375962257385,0.9818984866142273,0.9744176268577576
0.7546992301940918,0.9817935824394226,0.9742617607116699
0.7537593841552734,0.9816744327545166,0.9740859866142273
0.7453007698059082,0.9815573692321777,0.9739289283752441
0.7650375962257385,0.9815052151679993,0.973844051361084
0.7246240377426147,0.9814276099205017,0.9737168550491333
0.7246240377426147,0.9813176393508911,0.9735679626464844
0.7490601539611816,0.981249213218689,0.9734578728675842
0.7556390762329102,0.9811369776725769,0.9733071327209473
0.7631579041481018,0.9810198545455933,0.9731454253196716
0.7556390762329102,0.980911910533905,0.9729964137077332
0.7077067494392395,0.980804443359375,0.9728435277938843
0.7828947305679321,0.980710506439209,0.9727184176445007
0.7546992301940918,0.9806365966796875,0.9726080298423767
0.7612782120704651,0.9805439114570618,0.9724889397621155
0.7274436354637146,0.980448305606842,0.9723573327064514
0.7659774422645569,0.980349600315094,0.9722274541854858
0.7659774422645569,0.9802552461624146,0.9721033573150635
0.798872172832489,0.9801750183105469,0.972000002861023
0.7593985199928284,0.9800825715065002,0.9718710780143738
0.7462406158447266,0.9800009727478027,0.9717532992362976
0.7546992301940918,0.9799060821533203,0.9716141819953918
0.7565789222717285,0.9798285365104675,0.9714916348457336
0.7810150384902954,0.9797409176826477,0.9713594913482666
0.7359022498130798,0.9796433448791504,0.9712256193161011
0.7330827116966248,0.9795374870300293,0.9710816740989685
0.7453007698059082,0.979464590549469,0.9709727168083191
0.7528195381164551,0.9793689846992493,0.9708266258239746
