accuracy,precision,recall
0.7509398460388184,0.9792673587799072,0.9706919193267822
0.7001879811286926,0.9791989922523499,0.9705784916877747
0.7274436354637146,0.9791192412376404,0.9704421758651733
0.7067669034004211,0.9789942502975464,0.9702776670455933
0.7189849615097046,0.978890597820282,0.9701228141784668
0.7330827116966248,0.9787949919700623,0.9699820280075073
0.7030075192451477,0.978686511516571,0.9698211550712585
0.7030075192451477,0.9785948395729065,0.9696738123893738
0.7086465954780579,0.9784991145133972,0.9695334434509277
0.6983082890510559,0.9784075617790222,0.9693830013275146
0.7048872113227844,0.9783309698104858,0.9692537784576416
0.7105262875556946,0.978244423866272,0.9691327214241028
0.7171052694320679,0.9781440496444702,0.9689775109291077
0.7302631735801697,0.9780643582344055,0.9688672423362732
0.7246240377426147,0.9779840111732483,0.9687553644180298
0.7020676732063293,0.9778867363929749,0.9685911536216736
0.7208646535873413,0.9777998924255371,0.9684575200080872
0.7236841917037964,0.9776996374130249,0.9682984948158264
0.7218044996261597,0.9776560664176941,0.9682148098945618
0.7218044996261597,0.9775838255882263,0.9680941104888916
0.6936089992523193,0.9774958491325378,0.9679661989212036
0.7697368264198303,0.9774346947669983,0.9678646326065063
0.6954887509346008,0.9773812294006348,0.9677744507789612
0.7368420958518982,0.9773063659667969,0.9676553010940552
0.6973684430122375,0.9771996736526489,0.9675066471099854
0.728383481502533,0.9770885705947876,0.9673477411270142
0.7180451154708862,0.9770100712776184,0.9672210812568665
0.7321428656578064,0.9769309759140015,0.9670982360839844
0.6983082890510559,0.9768391847610474,0.9669671058654785
0.7406014800071716,0.9767733216285706,0.9668681025505066
