accuracy,precision,recall
0.6851503849029541,0.9766818881034851,0.9667210578918457
0.6607142686843872,0.9766016602516174,0.966593325138092
0.6785714030265808,0.9765033721923828,0.9664261937141418
0.6701127886772156,0.9764176607131958,0.9662674069404602
0.7330827116966248,0.9763270020484924,0.9661394953727722
0.6625939607620239,0.9762369990348816,0.9659910798072815
0.6343985199928284,0.9761507511138916,0.9658503532409668
0.6597744226455688,0.9760323762893677,0.9656867980957031
0.6748120188713074,0.975962221622467,0.965557873249054
0.6804511547088623,0.9758767485618591,0.9654267430305481
0.6701127886772156,0.9757943749427795,0.9652963280677795
0.6776315569877625,0.9757099151611328,0.9651490449905396
0.682330846786499,0.975622832775116,0.9650149345397949
0.6381579041481018,0.9755488038063049,0.9648883938789368
0.6917293071746826,0.9754570126533508,0.9647445678710938
0.6776315569877625,0.9753805994987488,0.9646248817443848
0.6879699230194092,0.9752984046936035,0.9644922614097595
0.6663534045219421,0.9752316474914551,0.9643844366073608
0.692669153213501,0.9751496911048889,0.9642594456672668
0.6766917109489441,0.9750443696975708,0.9641028046607971
0.6907894611358643,0.97495436668396,0.9639734625816345
0.6278195381164551,0.974894106388092,0.9638774991035461
0.6785714030265808,0.9748161435127258,0.9637643098831177
0.6907894611358643,0.9747366309165955,0.963641345500946
0.6973684430122375,0.9746705293655396,0.9635375738143921
0.6917293071746826,0.9745868444442749,0.9633988738059998
0.6682330965995789,0.9745059013366699,0.9632781744003296
0.6907894611358643,0.9744135737419128,0.9631476402282715
0.6635338068008423,0.9743413329124451,0.9630275964736938
0.6945488452911377,0.9742927551269531,0.9629440307617188
