accuracy,precision,recall
0.451127827167511,0.9673612117767334,0.9471351504325867
0.4351503849029541,0.9672746062278748,0.9469075798988342
0.4107142984867096,0.9672077298164368,0.9467124938964844
0.3900375962257385,0.9671307802200317,0.9464763402938843
0.40977442264556885,0.9670748114585876,0.9463001489639282
0.4125939905643463,0.9670206904411316,0.9460976719856262
0.4285714328289032,0.9669488072395325,0.9458900690078735
0.3994360864162445,0.9668842554092407,0.9457049369812012
0.4172932207584381,0.9668421149253845,0.9455338716506958
0.4248120188713074,0.9667900204658508,0.9453338384628296
0.4135338366031647,0.9667342901229858,0.9451567530632019
0.42293232679367065,0.9666715264320374,0.944963812828064
0.4125939905643463,0.9665966033935547,0.9447617530822754
0.4285714328289032,0.9665270447731018,0.9445547461509705
0.41635337471961975,0.9664722681045532,0.9443817138671875
0.3768796920776367,0.9664114713668823,0.9441914558410645
0.4351503849029541,0.9663470983505249,0.9439980983734131
0.4285714328289032,0.96629399061203,0.9438204169273376
0.41447368264198303,0.9662208557128906,0.9436262845993042
0.4172932207584381,0.9661555290222168,0.9434376955032349
0.384398490190506,0.9660691618919373,0.9432411193847656
0.41447368264198303,0.9660208225250244,0.9430723786354065
0.4351503849029541,0.9659661650657654,0.942902147769928
0.441729336977005,0.965905487537384,0.9427241086959839
0.39849624037742615,0.9658485651016235,0.942547619342804
0.4107142984867096,0.965799868106842,0.9423885345458984
0.45206767320632935,0.9657422304153442,0.9422128200531006
0.40319550037384033,0.965673565864563,0.9420234560966492
0.40977442264556885,0.965613842010498,0.9418511390686035
0.42951127886772156,0.9655541777610779,0.9416868686676025
