accuracy,precision,recall
0.6842105388641357,0.9766722321510315,0.9667161107063293
0.6296992301940918,0.9765923619270325,0.9665884971618652
0.6710526347160339,0.9764924645423889,0.9664206504821777
0.6748120188713074,0.9764083623886108,0.9662637114524841
0.7340225577354431,0.9763191342353821,0.9661370515823364
0.6813910007476807,0.9762296080589294,0.9659895896911621
0.6569548845291138,0.9761425256729126,0.9658470153808594
0.6729323267936707,0.9760268926620483,0.9656856656074524
0.6748120188713074,0.9759569764137268,0.9655568599700928
0.692669153213501,0.9758710265159607,0.9654252529144287
0.6682330965995789,0.975787878036499,0.9652945399284363
0.6710526347160339,0.975704550743103,0.9651482701301575
0.6813910007476807,0.9756152033805847,0.965011715888977
0.6569548845291138,0.9755426049232483,0.9648863673210144
0.6597744226455688,0.97544926404953,0.9647424221038818
0.6860902309417725,0.9753773808479309,0.964626669883728
0.6766917109489441,0.9752962589263916,0.9644973874092102
0.6879699230194092,0.9752278923988342,0.964388370513916
0.6851503849029541,0.9751462340354919,0.9642635583877563
0.6889097690582275,0.9750410914421082,0.9641072750091553
0.6945488452911377,0.9749505519866943,0.963977038860321
0.6879699230194092,0.9748905301094055,0.9638813138008118
0.673872172832489,0.9748151302337646,0.9637696743011475
0.7020676732063293,0.9747356176376343,0.9636469483375549
0.6870300769805908,0.9746697545051575,0.9635419249534607
0.6484962701797485,0.9745887517929077,0.9634068608283997
0.6842105388641357,0.9745087623596191,0.963286817073822
0.6889097690582275,0.9744153618812561,0.9631552696228027
0.6672932505607605,0.9743443727493286,0.9630363583564758
0.7058270573616028,0.974297821521759,0.9629543423652649
