accuracy,precision,recall
0.8469995856285095,0.818390429019928,0.8122325539588928
0.8447269797325134,0.8169813752174377,0.811032772064209
0.8436213731765747,0.8155733346939087,0.8095606565475464
0.8447884321212769,0.814176082611084,0.8082579374313354
0.8438670635223389,0.8129483461380005,0.8069475889205933
0.8480437397956848,0.8115893006324768,0.8056944608688354
0.8450340628623962,0.8103535771369934,0.8044103980064392
0.8457097411155701,0.8091740608215332,0.8032812476158142
0.8464467525482178,0.8079505562782288,0.8020539879798889
0.8451569080352783,0.8067339658737183,0.8010557889938354
0.8468767404556274,0.8056780695915222,0.7999590635299683
0.8419016003608704,0.8046269416809082,0.7988587021827698
0.8452183604240417,0.8035582304000854,0.7978419065475464
0.8415330648422241,0.8026500940322876,0.7968839406967163
0.846139669418335,0.8016871809959412,0.7958886027336121
0.8454640507698059,0.8006890416145325,0.794899046421051
0.8483508229255676,0.7997358441352844,0.793953001499176
0.8465695977210999,0.7988170981407166,0.793060302734375
0.8447269797325134,0.7978883385658264,0.7922034859657288
0.8410416841506958,0.797025203704834,0.7912824153900146
0.8493335843086243,0.7961753606796265,0.7904566526412964
0.8478594422340393,0.7952952980995178,0.7896096706390381
0.8476752042770386,0.7944616675376892,0.7887303233146667
0.8471224308013916,0.7936609387397766,0.7879103422164917
0.8465695977210999,0.7928508520126343,0.7870790362358093
0.8412259817123413,0.7921350598335266,0.7864373922348022
0.8417173624038696,0.7913677096366882,0.7856671214103699
0.8429457545280457,0.7906470894813538,0.7849938869476318
0.8464467525482178,0.7899553775787354,0.7843185663223267
0.8486579656600952,0.7892659902572632,0.7835218906402588
