accuracy,precision,recall
0.8477365970611572,0.821082592010498,0.8158187866210938
0.8493335843086243,0.8204262852668762,0.8151330947875977
0.8482279777526855,0.8197906613349915,0.8145351409912109
0.8474295139312744,0.8191127777099609,0.8140344619750977
0.8469995856285095,0.8184792399406433,0.8133920431137085
0.8481051325798035,0.8178399801254272,0.8127674460411072
0.8481665849685669,0.8172678351402283,0.8121929168701172
0.848412275314331,0.8166592121124268,0.8115592002868652
0.8444198966026306,0.8163970112800598,0.811255931854248
0.8470609784126282,0.816276490688324,0.811126172542572
0.846262514591217,0.8161292672157288,0.81103515625
0.846139669418335,0.8159865140914917,0.810905396938324
0.8474909663200378,0.8158946633338928,0.8107998967170715
0.8491492867469788,0.815736711025238,0.810706377029419
0.8454025983810425,0.8155592679977417,0.8105988502502441
0.8469381332397461,0.8154028058052063,0.810462474822998
0.8444198966026306,0.8152552247047424,0.8103337287902832
0.8473681211471558,0.8150944709777832,0.8101783990859985
0.8476752042770386,0.8149322271347046,0.8100510239601135
0.8470609784126282,0.8147869110107422,0.8099366426467896
0.8429457545280457,0.814638078212738,0.8098055124282837
0.8477980494499207,0.8144741058349609,0.8097006678581238
0.8474295139312744,0.8143381476402283,0.8095918297767639
0.8454640507698059,0.8142083883285522,0.809424877166748
0.845586895942688,0.8140186667442322,0.8094058632850647
0.8487808108329773,0.8138821125030518,0.8092974424362183
0.8485965132713318,0.8137584328651428,0.8091928362846375
0.8431914448738098,0.8136502504348755,0.809083878993988
0.8475523591041565,0.8135092854499817,0.8089814186096191
0.8476752042770386,0.8133831024169922,0.8088987469673157
