accuracy,precision,recall
0.8417173624038696,0.7994001507759094,0.7952264547348022
0.8427000641822815,0.7978212237358093,0.7936474680900574
0.8452183604240417,0.796201229095459,0.7920814156532288
0.8444198966026306,0.7946075201034546,0.7905059456825256
0.8462011218070984,0.7930291891098022,0.7889025807380676
0.8388919830322266,0.7916254997253418,0.7872239947319031
0.8427000641822815,0.7900396585464478,0.7856976389884949
0.8440513610839844,0.7884611487388611,0.7841185927391052
0.8434985280036926,0.786865234375,0.7826003432273865
0.8452797532081604,0.7853387594223022,0.7811053991317749
0.8444812893867493,0.783721923828125,0.7796857357025146
0.8433757424354553,0.7821137309074402,0.7781683206558228
0.8446655869483948,0.7805711627006531,0.7766324877738953
0.8439285159111023,0.7790453433990479,0.7750953435897827
0.8441742062568665,0.7775292992591858,0.7735877633094788
0.8449726700782776,0.7760108113288879,0.7720848321914673
0.8448498249053955,0.7745031714439392,0.7705969214439392
0.8447269797325134,0.7730107307434082,0.7690659761428833
0.8439285159111023,0.7714744806289673,0.7675879597663879
0.8405503630638123,0.7699813842773438,0.7661132216453552
0.8411031365394592,0.7685243487358093,0.764589786529541
0.8462011218070984,0.7670588493347168,0.7631307244300842
0.8445427417755127,0.7655720710754395,0.7616882920265198
0.8456482887268066,0.7641392350196838,0.7602137923240662
0.8465082049369812,0.7627158164978027,0.758738100528717
0.8444812893867493,0.7612610459327698,0.7572916746139526
0.8446041345596313,0.7597885131835938,0.7558614015579224
0.840734601020813,0.7583540678024292,0.7544257044792175
0.8422086834907532,0.7569249868392944,0.752988338470459
0.844112753868103,0.7555237412452698,0.7515340447425842
