accuracy,precision,recall
0.1896689385175705,0.5373290181159973,0.6076334714889526
0.21595725417137146,0.5405665636062622,0.572134792804718
0.17578773200511932,0.5413547158241272,0.5462737679481506
0.24218414723873138,0.5402159690856934,0.5323517322540283
0.18880903720855713,0.5387560725212097,0.5459197163581848
0.19894355535507202,0.538209080696106,0.5520148873329163
0.16829432547092438,0.538540780544281,0.546522319316864
0.17720042169094086,0.5389733910560608,0.5445072054862976
0.24801915884017944,0.5392666459083557,0.5371730327606201
0.23198820650577545,0.5394206643104553,0.5368893146514893
0.19992630183696747,0.53978031873703,0.535588800907135
0.16761869192123413,0.5402066111564636,0.5335550308227539
0.2537313401699066,0.5396228432655334,0.5392307043075562
0.2453780472278595,0.5394017100334167,0.5454549193382263
0.17873595654964447,0.5389692187309265,0.5509613752365112
0.196486696600914,0.5392820239067078,0.5497314929962158
0.2267673909664154,0.5394019484519958,0.5511705875396729
0.18039432168006897,0.5396353006362915,0.5518384575843811
0.1922486275434494,0.5399293899536133,0.5498208403587341
0.18426387012004852,0.5398708581924438,0.5510515570640564
0.18192985653877258,0.5399664044380188,0.5507383346557617
0.1721024513244629,0.5401435494422913,0.5515259504318237
0.22013390064239502,0.5400377511978149,0.5521391034126282
0.2486947923898697,0.5400815010070801,0.5498383045196533
0.24396535754203796,0.5396447777748108,0.5535051226615906
0.18039432168006897,0.5397505760192871,0.5530937910079956
0.17142681777477264,0.5396561622619629,0.5533217787742615
0.1893618255853653,0.53970867395401,0.5548211336135864
0.20060193538665771,0.5397133827209473,0.5555658340454102
0.19660954177379608,0.5396887063980103,0.5558035969734192
