accuracy,precision,recall
0.8384006023406982,0.7097800374031067,0.7072346806526184
0.8404889106750488,0.7083156704902649,0.7058111429214478
0.8377863764762878,0.7068684101104736,0.7043980360031128
0.8376021385192871,0.7054340243339539,0.702994167804718
0.8159204125404358,0.7040318250656128,0.7015774846076965
0.8300473093986511,0.7025843858718872,0.7001960277557373
0.7961427569389343,0.7011440396308899,0.6988134980201721
0.8345924615859985,0.6997354626655579,0.6974402666091919
0.8397518396377563,0.6983364224433899,0.6960837841033936
0.8380934596061707,0.6969888806343079,0.6946995258331299
0.8423929810523987,0.6955782175064087,0.6933677196502686
0.8397518396377563,0.6941840052604675,0.6920346021652222
0.833855390548706,0.6927808523178101,0.6907021403312683
0.8395061492919922,0.6913977265357971,0.6893531680107117
0.8356980681419373,0.6900308728218079,0.6880161762237549
0.8400589823722839,0.688640296459198,0.6867088079452515
0.8420244455337524,0.6872559189796448,0.6854028105735779
0.8362508416175842,0.685912549495697,0.6840827465057373
0.8312757015228271,0.6845397353172302,0.6827676296234131
0.8410416841506958,0.6831864714622498,0.6814576983451843
0.8390762209892273,0.6818436980247498,0.6801429986953735
0.8341625332832336,0.6804922819137573,0.6788349747657776
0.8440513610839844,0.679168701171875,0.6775235533714294
0.8419630527496338,0.6778571009635925,0.6762303113937378
0.8371107578277588,0.6765143871307373,0.6749480366706848
0.8419016003608704,0.6752122640609741,0.6736558675765991
0.8384619951248169,0.6739005446434021,0.6723909974098206
0.8382163047790527,0.6726102828979492,0.6710948348045349
0.8384619951248169,0.6713866591453552,0.6698275804519653
0.8232295513153076,0.6700858473777771,0.6685271859169006
