accuracy,precision,recall
0.43347638845443726,0.6701878905296326,0.7461292147636414
0.7124463319778442,0.6701677441596985,0.746109127998352
0.4763948619365692,0.6701455116271973,0.7460866570472717
0.6609442234039307,0.6701244711875916,0.7460907697677612
0.6008583903312683,0.6700944900512695,0.7460712790489197
0.7553648352622986,0.6700801849365234,0.7460576295852661
0.7768240571022034,0.6700568795204163,0.7460418939590454
0.716738224029541,0.6700504422187805,0.746056854724884
0.6437768340110779,0.6700236797332764,0.7460797429084778
0.7081544995307922,0.6700119972229004,0.7461011409759521
0.6909871101379395,0.669996976852417,0.7461225986480713
0.6952789425849915,0.6699713468551636,0.7461018562316895
0.6652360558509827,0.6699642539024353,0.7461003661155701
0.6523604989051819,0.6699268817901611,0.7461144924163818
0.4034334719181061,0.6698944568634033,0.7461052536964417
0.725321888923645,0.66988205909729,0.746117889881134
0.5708154439926147,0.6698455810546875,0.7461087703704834
0.5922746658325195,0.6698141098022461,0.7461217641830444
0.7381974458694458,0.6697844862937927,0.7461272478103638
0.20171673595905304,0.6697513461112976,0.7461361289024353
0.6480686664581299,0.6697320342063904,0.7461368441581726
0.721030056476593,0.6697152853012085,0.7461378574371338
0.6695278882980347,0.6696812510490417,0.7461482286453247
0.8154506683349609,0.6696551442146301,0.7461335062980652
0.6566523313522339,0.6696366667747498,0.7461249232292175
0.6695278882980347,0.6696228384971619,0.7461327314376831
0.8927038908004761,0.6696203947067261,0.7461180090904236
0.54935622215271,0.6695903539657593,0.7461370825767517
0.6909871101379395,0.669567883014679,0.74615478515625
0.6781116127967834,0.6695388555526733,0.7461497187614441
