accuracy,precision,recall
0.6652360558509827,0.6684077382087708,0.7465953826904297
0.6652360558509827,0.6684012413024902,0.7466189861297607
0.6609442234039307,0.6683883666992188,0.7466371655464172
0.729613721370697,0.668380081653595,0.7466441988945007
0.6952789425849915,0.6683750152587891,0.7466565370559692
0.7553648352622986,0.668367326259613,0.7466754913330078
0.733905553817749,0.668354332447052,0.7466808557510376
0.6609442234039307,0.6683433055877686,0.7466896772384644
0.7682403326034546,0.6683370471000671,0.7466816902160645
0.6566523313522339,0.6683149337768555,0.7466972470283508
0.6909871101379395,0.6682905554771423,0.7467038631439209
0.6995708346366882,0.6682851910591125,0.7467085123062134
0.6738197207450867,0.6682708263397217,0.7467137575149536
0.725321888923645,0.6682576537132263,0.7467117309570312
0.6909871101379395,0.6682336330413818,0.746719479560852
0.721030056476593,0.6682179570198059,0.7467406988143921
0.6695278882980347,0.6681951284408569,0.7467547655105591
0.6652360558509827,0.66817706823349,0.746764063835144
0.7811158895492554,0.6681788563728333,0.7467672824859619
0.7081544995307922,0.6681566834449768,0.7467539310455322
0.725321888923645,0.6681488156318665,0.7467734217643738
0.6952789425849915,0.6681361198425293,0.7467806935310364
0.6824034452438354,0.668120801448822,0.7467930912971497
0.6566523313522339,0.6681075096130371,0.7468061447143555
0.8068669438362122,0.6680836081504822,0.7467978000640869
0.6866952776908875,0.6680610775947571,0.7468150854110718
0.6566523313522339,0.6680562496185303,0.7468175292015076
0.7596566677093506,0.6680457592010498,0.7468301057815552
0.6695278882980347,0.6680268049240112,0.7468345165252686
0.6609442234039307,0.6680192947387695,0.7468506693840027
