accuracy,precision,recall
0.7896995544433594,0.6673974990844727,0.7472484707832336
0.6952789425849915,0.6673922538757324,0.7472615838050842
0.6824034452438354,0.6673927307128906,0.7472712993621826
0.6909871101379395,0.6673868298530579,0.7472749948501587
0.7639485001564026,0.66738361120224,0.7472854852676392
0.8240343332290649,0.6673839688301086,0.7472942471504211
0.7081544995307922,0.6673797965049744,0.7472999095916748
0.7725321650505066,0.6673782467842102,0.7473072409629822
0.6609442234039307,0.6673704385757446,0.7473143935203552
0.7124463319778442,0.6673680543899536,0.7473200559616089
0.6652360558509827,0.6673707962036133,0.7473230957984924
0.6781116127967834,0.6673671007156372,0.7473284602165222
0.6909871101379395,0.6673635840415955,0.7473360300064087
0.716738224029541,0.6673569679260254,0.747344970703125
0.6952789425849915,0.6673460006713867,0.7473507523536682
0.6695278882980347,0.6673402786254883,0.7473675012588501
0.6609442234039307,0.667328953742981,0.7473811507225037
0.7510729432106018,0.6673227548599243,0.7473862767219543
0.7939913868904114,0.6673228740692139,0.747391939163208
0.8841201663017273,0.6673183441162109,0.7473963499069214
0.7725321650505066,0.6673052906990051,0.7473995685577393
0.729613721370697,0.6672957539558411,0.7474006414413452
0.6609442234039307,0.6672887206077576,0.7474048733711243
0.7639485001564026,0.6672840118408203,0.7474152445793152
0.6695278882980347,0.667281448841095,0.7474182844161987
0.6652360558509827,0.6672714352607727,0.747422456741333
0.7811158895492554,0.6672660112380981,0.7474390864372253
0.7124463319778442,0.6672595143318176,0.7474440336227417
0.8412017226219177,0.6672539710998535,0.7474528551101685
0.7811158895492554,0.6672490239143372,0.7474615573883057
