accuracy,precision,recall
0.4935622215270996,0.6766756176948547,0.7498015761375427
0.6824034452438354,0.6766295433044434,0.7497605085372925
0.7854077219963074,0.6766011714935303,0.7496833205223083
0.7896995544433594,0.6765711903572083,0.74959397315979
0.540772557258606,0.676561176776886,0.7494856715202332
0.5278970003128052,0.6765261888504028,0.7494176626205444
0.7510729432106018,0.6764798164367676,0.7493726015090942
0.5236051678657532,0.6764628887176514,0.7492907643318176
0.4892703890800476,0.6764503717422485,0.7492101788520813
0.8669527769088745,0.6764639616012573,0.7491351366043091
0.6351931095123291,0.6763769388198853,0.7491943836212158
0.7124463319778442,0.6763627529144287,0.7491737604141235
0.6180257797241211,0.6763628721237183,0.7490975856781006
0.6781116127967834,0.6763003468513489,0.7490805387496948
0.8068669438362122,0.6761996746063232,0.74912428855896
0.7854077219963074,0.6761841773986816,0.7490782737731934
0.832617998123169,0.6761672496795654,0.7490576505661011
0.7854077219963074,0.6761713624000549,0.7489498853683472
0.7467811107635498,0.6761132478713989,0.7489278316497803
0.8025751113891602,0.676076352596283,0.7488864064216614
0.31759655475616455,0.6760450005531311,0.7488091588020325
0.3948497772216797,0.6759887933731079,0.7487539052963257
0.7467811107635498,0.6759594082832336,0.748678982257843
0.6394850015640259,0.6759001016616821,0.7486538290977478
0.6437768340110779,0.675829291343689,0.7486082315444946
0.6695278882980347,0.6758108139038086,0.748515248298645
0.540772557258606,0.6758083701133728,0.7484341263771057
0.6008583903312683,0.6757372617721558,0.7483823299407959
0.8369098901748657,0.6757300496101379,0.748297929763794
0.7038626670837402,0.6756799817085266,0.7482720613479614
