accuracy,precision,recall
0.6051502227783203,0.6756266355514526,0.7482609152793884
0.6609442234039307,0.6755471229553223,0.7482962608337402
0.7424892783164978,0.6755246520042419,0.7482537031173706
0.7896995544433594,0.6755178570747375,0.7481822371482849
0.5793991684913635,0.6754924654960632,0.7481580972671509
0.6523604989051819,0.6754837036132812,0.7480849027633667
0.5064377784729004,0.6754387617111206,0.7480093240737915
0.8540772795677185,0.6754090785980225,0.7479484677314758
0.8841201663017273,0.6754140257835388,0.7478731870651245
0.716738224029541,0.675399899482727,0.7478284239768982
0.8068669438362122,0.67540043592453,0.7477510571479797
0.7811158895492554,0.6753783226013184,0.7477403283119202
0.6008583903312683,0.6753450036048889,0.7476693987846375
0.6351931095123291,0.6752757430076599,0.7477052807807922
0.6480686664581299,0.6752222776412964,0.747691810131073
0.832617998123169,0.6752152442932129,0.7476803064346313
0.6866952776908875,0.6751891374588013,0.7476654052734375
0.6480686664581299,0.6751461029052734,0.7476927638053894
0.6909871101379395,0.6750782132148743,0.7477198839187622
0.7124463319778442,0.6750265955924988,0.7477114796638489
0.7553648352622986,0.6750296354293823,0.747651219367981
0.6995708346366882,0.6749690771102905,0.7476127743721008
0.22317597270011902,0.6749144196510315,0.7475897669792175
0.557939887046814,0.6748535633087158,0.7475718855857849
0.6480686664581299,0.6747907996177673,0.7475484013557434
0.8669527769088745,0.6747862100601196,0.7474797964096069
0.8025751113891602,0.6747696995735168,0.74741530418396
0.8669527769088745,0.6747554540634155,0.747343897819519
0.7725321650505066,0.674728274345398,0.747256338596344
0.7896995544433594,0.674682080745697,0.747212290763855
