accuracy,precision,recall
0.6523604989051819,0.674627959728241,0.7472387552261353
0.6866952776908875,0.6745538711547852,0.7472681999206543
0.7596566677093506,0.6745132207870483,0.7473019957542419
0.8068669438362122,0.6744987368583679,0.7472581267356873
0.8283261656761169,0.6744847297668457,0.7472338676452637
0.8197425007820129,0.6744565367698669,0.7472026944160461
0.832617998123169,0.674452006816864,0.7471693158149719
0.7982832789421082,0.674414336681366,0.7471460700035095
0.8369098901748657,0.6744025349617004,0.7471185922622681
0.5665236115455627,0.6743488311767578,0.7470666170120239
0.6652360558509827,0.674281120300293,0.7471165657043457
0.6609442234039307,0.674259603023529,0.7471359372138977
0.6738197207450867,0.6742215752601624,0.7471461892127991
0.3390558063983917,0.6742184162139893,0.7470909357070923
0.7424892783164978,0.6741937398910522,0.7470726370811462
0.7424892783164978,0.6741673946380615,0.7470435500144958
0.6137338876724243,0.6741344332695007,0.7470338940620422
0.31759655475616455,0.6740996241569519,0.7469974160194397
0.6652360558509827,0.674062967300415,0.7469825744628906
0.7553648352622986,0.6740407347679138,0.7469539046287537
0.4935622215270996,0.6740208864212036,0.746902346611023
0.2660944163799286,0.673986554145813,0.7468535900115967
0.45922747254371643,0.6739568710327148,0.7468263506889343
0.6266094446182251,0.6739134788513184,0.7468389272689819
0.6781116127967834,0.673880398273468,0.7468584775924683
0.6180257797241211,0.6738801002502441,0.7467697858810425
0.6309012770652771,0.6738282442092896,0.7467607855796814
0.6437768340110779,0.6738154888153076,0.7466862201690674
0.716738224029541,0.6737471222877502,0.7467297315597534
0.7038626670837402,0.6737107634544373,0.7467076778411865
