accuracy,precision,recall
0.8489036560058594,0.968613862991333,0.9503738284111023
0.8489036560058594,0.9493398070335388,0.9175747632980347
0.8489036560058594,0.932878315448761,0.8903316855430603
0.8489036560058594,0.9186597466468811,0.8673452734947205
0.8489036560058594,0.9062551856040955,0.8476893305778503
0.8489036560058594,0.8953385949134827,0.830687940120697
0.8489036560058594,0.8856540322303772,0.8158376216888428
0.8489036560058594,0.8770049810409546,0.8027549386024475
0.8489036560058594,0.8692397475242615,0.7911436557769775
0.8489036560058594,0.8622213006019592,0.7807666659355164
0.8489036560058594,0.8558469414710999,0.7714371085166931
0.8489036560058594,0.8500425219535828,0.7630061507225037
0.8489036560058594,0.8447273969650269,0.7553479671478271
0.8489036560058594,0.8398341536521912,0.7483600378036499
0.8489036560058594,0.8353300094604492,0.741956889629364
0.8489036560058594,0.8311572670936584,0.7360701560974121
0.8489036560058594,0.8272895812988281,0.7306455373764038
0.8489036560058594,0.8236983418464661,0.7256233096122742
0.8489036560058594,0.8203426599502563,0.7209597826004028
0.8489036560058594,0.8172020316123962,0.7166230082511902
0.8489036560058594,0.8142645359039307,0.7125734686851501
0.8489036560058594,0.8115041255950928,0.7088027596473694
0.8489036560058594,0.8089237213134766,0.7052640914916992
0.8489036560058594,0.8064859509468079,0.7019433379173279
0.8489036560058594,0.8041782975196838,0.6988226175308228
0.8489036560058594,0.8020035624504089,0.695873498916626
0.8489036560058594,0.7999371290206909,0.6930953860282898
0.8489036560058594,0.7979838848114014,0.6904647350311279
0.8489036560058594,0.7961354851722717,0.6879740357398987
0.8489036560058594,0.79437255859375,0.6856147646903992
