accuracy,precision,recall
0.8381549119949341,0.7878729701042175,0.6771335601806641
0.8444812893867493,0.7875670790672302,0.6768408417701721
0.8477980494499207,0.7872718572616577,0.6765553951263428
0.8411031365394592,0.7869872450828552,0.6762298345565796
0.846262514591217,0.7866840958595276,0.6759552955627441
0.8437442183494568,0.7863792777061462,0.6756987571716309
0.8460168242454529,0.7860814929008484,0.6753851175308228
0.8421472907066345,0.7857969999313354,0.6751382350921631
0.8439285159111023,0.7854920625686646,0.6748380661010742
0.8498863577842712,0.7852197885513306,0.6745803356170654
0.8431300520896912,0.7849219441413879,0.6742970943450928
0.8466924428939819,0.784637451171875,0.6740330457687378
0.8457097411155701,0.78434157371521,0.6737343072891235
0.8417787551879883,0.7840556502342224,0.6734341979026794
0.8459554314613342,0.7837721109390259,0.6731588840484619
0.8460782766342163,0.783477783203125,0.6728828549385071
0.8447884321212769,0.7831727266311646,0.6725879907608032
0.8379706144332886,0.7828766107559204,0.6723433136940002
0.8436213731765747,0.7826002836227417,0.6720904111862183
0.8474295139312744,0.7823200821876526,0.6717948913574219
0.8360051512718201,0.782041609287262,0.6714978814125061
0.846262514591217,0.7817291021347046,0.6712148785591125
0.8444812893867493,0.781404972076416,0.6709346771240234
0.8410416841506958,0.7811195254325867,0.6706855893135071
0.8492107391357422,0.780860960483551,0.6703944802284241
0.8445427417755127,0.780578076839447,0.6701157689094543
0.8473066687583923,0.7802827954292297,0.6698606610298157
0.8419630527496338,0.779998242855072,0.669619083404541
0.8433142900466919,0.7797161340713501,0.6693235039710999
0.8464467525482178,0.7794196009635925,0.6690561175346375
