accuracy,precision,recall
0.8454640507698059,0.8227539658546448,0.8227539658546448
0.8465695977210999,0.82242751121521,0.82242751121521
0.8445427417755127,0.8221131563186646,0.8221131563186646
0.845586895942688,0.8217849135398865,0.8217849135398865
0.8471838235855103,0.8214744925498962,0.8214744925498962
0.8445427417755127,0.8211665153503418,0.8211665153503418
0.8444198966026306,0.8208407759666443,0.8208407163619995
0.8415330648422241,0.820528507232666,0.820528507232666
0.8416559100151062,0.8202204704284668,0.8202204704284668
0.8447269797325134,0.8199158906936646,0.8199158906936646
0.846815288066864,0.819604754447937,0.8196046352386475
0.841410219669342,0.819298267364502,0.819298267364502
0.8440513610839844,0.8189769387245178,0.8189769387245178
0.8454640507698059,0.8186644315719604,0.8186644315719604
0.8417787551879883,0.8183523416519165,0.8183523416519165
0.846262514591217,0.8180328607559204,0.8180328607559204
0.8423315286636353,0.8177186846733093,0.8177186846733093
0.8449112176895142,0.8174138069152832,0.8174138069152832
0.8467538952827454,0.8171100616455078,0.8171100616455078
0.8421472907066345,0.816801905632019,0.8168018460273743
0.8466924428939819,0.8164909482002258,0.8164907693862915
0.843989908695221,0.816164493560791,0.816164493560791
0.8457097411155701,0.8158498406410217,0.8158498406410217
0.8438056707382202,0.8155307769775391,0.8155307769775391
0.8462011218070984,0.8152390718460083,0.8152390718460083
0.8442970514297485,0.8149200081825256,0.8149200081825256
0.8457711338996887,0.814613401889801,0.814613401889801
0.8433142900466919,0.814308226108551,0.814308226108551
0.8452797532081604,0.8139958381652832,0.8139958381652832
0.8427615165710449,0.8136861324310303,0.8136860132217407
