accuracy,precision,recall
0.8460168242454529,0.7791728377342224,0.6687836050987244
0.8449726700782776,0.7789009809494019,0.6685294508934021
0.8450955152511597,0.778655469417572,0.668265163898468
0.8404889106750488,0.7783888578414917,0.6679802536964417
0.8412259817123413,0.7781375646591187,0.6677553057670593
0.8453412055969238,0.7778725028038025,0.6675224900245667
0.8452797532081604,0.7776282429695129,0.6672641634941101
0.8428229093551636,0.7773762345314026,0.6670317649841309
0.8423929810523987,0.7771102786064148,0.6667878031730652
0.8481665849685669,0.7768853902816772,0.6665539741516113
0.8395061492919922,0.7766413688659668,0.6662901043891907
0.8454025983810425,0.7763893604278564,0.666076123714447
0.8472452759742737,0.7761254906654358,0.6658217310905457
0.8477365970611572,0.7758714556694031,0.6655884981155396
0.8431300520896912,0.7756120562553406,0.6653488278388977
0.8450340628623962,0.7753602862358093,0.6651011109352112
0.841410219669342,0.7750953435897827,0.6648576259613037
0.8479822874069214,0.7748512029647827,0.6646423935890198
0.848842203617096,0.77461838722229,0.6644286513328552
0.8432528972625732,0.7743587493896484,0.6641655564308167
0.8444812893867493,0.7741088271141052,0.6639427542686462
0.8458325862884521,0.7738472819328308,0.6636874675750732
0.8450340628623962,0.773569643497467,0.6634523272514343
0.8430685997009277,0.773317813873291,0.6632275581359863
0.8468767404556274,0.7730812430381775,0.6629942059516907
0.8430685997009277,0.7728277444839478,0.662753164768219
0.8452797532081604,0.7725850343704224,0.6625360250473022
0.8421472907066345,0.772337019443512,0.6623247861862183
0.846262514591217,0.7720722556114197,0.6620797514915466
0.8444198966026306,0.7718198895454407,0.6618375778198242
