accuracy,precision,recall
0.8441742062568665,0.7715839147567749,0.6616211533546448
0.8409802913665771,0.7713648080825806,0.6614074110984802
0.8481665849685669,0.7711482048034668,0.6611713767051697
0.8467538952827454,0.7709144949913025,0.6609192490577698
0.8463853597640991,0.7706929445266724,0.6607174277305603
0.8438670635223389,0.770456850528717,0.6605419516563416
0.8442355990409851,0.770233154296875,0.6603371500968933
0.8423929810523987,0.7700120806694031,0.6601301431655884
0.8464467525482178,0.7697853446006775,0.6599231958389282
0.8473681211471558,0.7695715427398682,0.6597104668617249
0.8423929810523987,0.7693693041801453,0.6594658493995667
0.8397518396377563,0.7691443562507629,0.659271240234375
0.8454025983810425,0.7689134478569031,0.6590465903282166
0.8452797532081604,0.7686792612075806,0.6588329672813416
0.8478594422340393,0.7684556245803833,0.6586235165596008
0.8457097411155701,0.768227756023407,0.6584162712097168
0.8459554314613342,0.7679849863052368,0.658206045627594
0.8473681211471558,0.7677702307701111,0.6580318808555603
0.8467538952827454,0.7675557136535645,0.6578463912010193
0.8434985280036926,0.7673439383506775,0.6576234698295593
0.8471224308013916,0.7671302556991577,0.6574133634567261
0.8403046727180481,0.766886293888092,0.6572079062461853
0.8394447565078735,0.7666532397270203,0.6569836735725403
0.8448498249053955,0.7664286494255066,0.6567798852920532
0.8455254435539246,0.766232967376709,0.6565856337547302
0.8420244455337524,0.7660218477249146,0.6563705801963806
0.8409802913665771,0.7658170461654663,0.6561867594718933
0.8460782766342163,0.7656044960021973,0.6559846997261047
0.8452797532081604,0.7653822302818298,0.6557733416557312
0.8450340628623962,0.7651547193527222,0.65557861328125
