accuracy,precision,recall
0.8431914448738098,0.8133363127708435,0.8133363127708435
0.8440513610839844,0.8130583167076111,0.8130583167076111
0.840734601020813,0.8127752542495728,0.8127752542495728
0.844112753868103,0.8124790787696838,0.8124790787696838
0.8447269797325134,0.8122155666351318,0.8122155666351318
0.8372949957847595,0.8119349479675293,0.8119349479675293
0.8454025983810425,0.8116527199745178,0.8116527199745178
0.8420244455337524,0.8113731741905212,0.8113731741905212
0.8422086834907532,0.8110947012901306,0.8110947012901306
0.8415330648422241,0.8108214139938354,0.8108214139938354
0.8447269797325134,0.8105449676513672,0.8105449676513672
0.836557924747467,0.8102719783782959,0.8102719783782959
0.8456482887268066,0.8099902868270874,0.8099902868270874
0.841410219669342,0.809714138507843,0.809714138507843
0.8396289944648743,0.8094272017478943,0.8094272017478943
0.8467538952827454,0.8091520071029663,0.8091520071029663
0.8368036150932312,0.8088690638542175,0.8088690638542175
0.8432528972625732,0.8086013793945312,0.8086013793945312
0.8458325862884521,0.8083284497261047,0.8083284497261047
0.8352066874504089,0.8080539107322693,0.8080539107322693
0.8442355990409851,0.8077794313430786,0.8077794313430786
0.8416559100151062,0.8075028657913208,0.8075028657913208
0.8416559100151062,0.8072203993797302,0.8072203993797302
0.8377249836921692,0.8069459795951843,0.8069459795951843
0.8471224308013916,0.8066788911819458,0.8066788911819458
0.8379092216491699,0.8064060211181641,0.8064060211181641
0.8460168242454529,0.8061458468437195,0.8061458468437195
0.8441742062568665,0.8058778643608093,0.8058778643608093
0.8447269797325134,0.8056031465530396,0.8056031465530396
0.8442355990409851,0.8053278923034668,0.8053278923034668
