accuracy,precision,recall
0.8430072069168091,0.8133944869041443,0.8133944869041443
0.8390148282051086,0.813118040561676,0.813118040561676
0.8394447565078735,0.8128358125686646,0.8128358125686646
0.8459554314613342,0.8125399351119995,0.8125399351119995
0.8452183604240417,0.8122653961181641,0.8122653961181641
0.8309071660041809,0.8119907975196838,0.8119907975196838
0.8454025983810425,0.811708927154541,0.811708927154541
0.8434985280036926,0.8114337921142578,0.8114337921142578
0.8465695977210999,0.8111553192138672,0.8111553192138672
0.8417173624038696,0.8108822107315063,0.8108821511268616
0.8440513610839844,0.8106008172035217,0.8106008172035217
0.8289417028427124,0.8103316426277161,0.8103315830230713
0.8450955152511597,0.8100510239601135,0.8100510239601135
0.8347153067588806,0.8097671270370483,0.8097670078277588
0.8417173624038696,0.8094877004623413,0.8094876408576965
0.8479822874069214,0.8092095851898193,0.8092094659805298
0.8441742062568665,0.8089295625686646,0.8089295029640198
0.8440513610839844,0.8086572289466858,0.8086572289466858
0.8466924428939819,0.808387815952301,0.808387815952301
0.8385234475135803,0.8081126809120178,0.8081125617027283
0.8441742062568665,0.8078389167785645,0.8078389167785645
0.8411031365394592,0.807558536529541,0.807558536529541
0.8406731486320496,0.8072797060012817,0.8072797060012817
0.8372336030006409,0.8070063591003418,0.8070063591003418
0.8439285159111023,0.8067347407341003,0.8067346215248108
0.838584840297699,0.8064652681350708,0.8064652681350708
0.8394447565078735,0.8062038421630859,0.8062036037445068
0.8421472907066345,0.8059369325637817,0.8059369325637817
0.8390148282051086,0.805662214756012,0.8056621551513672
0.8434985280036926,0.8053821921348572,0.8053821921348572
