accuracy,precision,recall
0.8429457545280457,0.7649545669555664,0.6554238200187683
0.8409188389778137,0.7647500038146973,0.6552425026893616
0.8422701358795166,0.7645589113235474,0.6550483107566833
0.8491492867469788,0.7643643617630005,0.6548272967338562
0.8411645293235779,0.7641701698303223,0.654674768447876
0.8453412055969238,0.7639694213867188,0.654512882232666
0.8444812893867493,0.7637714743614197,0.6543285250663757
0.840734601020813,0.7635809779167175,0.6541560292243958
0.8422701358795166,0.7633891701698303,0.6539701819419861
0.8439285159111023,0.7631935477256775,0.6538057327270508
0.845586895942688,0.7630100846290588,0.6536084413528442
0.8444198966026306,0.7628180384635925,0.6534534096717834
0.8411645293235779,0.762606143951416,0.6532710194587708
0.843559980392456,0.7624112367630005,0.653079092502594
0.8449726700782776,0.762209415435791,0.65289306640625
0.8430685997009277,0.7620220184326172,0.6527092456817627
0.8449112176895142,0.7618103623390198,0.6525269150733948
0.8484736680984497,0.7616252899169922,0.6523556113243103
0.8425158262252808,0.7614421844482422,0.652202844619751
0.841410219669342,0.7612407207489014,0.6520295739173889
0.8454025983810425,0.7610577940940857,0.6518666744232178
0.8443584442138672,0.7608662843704224,0.651702880859375
0.8425772190093994,0.7606531977653503,0.6515104174613953
0.8449726700782776,0.7604594230651855,0.6513581871986389
0.8415330648422241,0.7602769136428833,0.6512134671211243
0.8406731486320496,0.7600919008255005,0.6510313153266907
0.8422701358795166,0.7599081993103027,0.6508601903915405
0.8450955152511597,0.7597134709358215,0.6506772637367249
0.8469995856285095,0.7595214247703552,0.6505079865455627
0.8442355990409851,0.7593308091163635,0.6503086090087891
