accuracy,precision,recall
0.8366193771362305,0.7995912432670593,0.7995912432670593
0.8427000641822815,0.7995532155036926,0.7995532155036926
0.8427615165710449,0.7995085716247559,0.7995085716247559
0.8439285159111023,0.7994685173034668,0.7994685173034668
0.8344082236289978,0.799436092376709,0.799436092376709
0.844112753868103,0.7993869185447693,0.7993869185447693
0.8441742062568665,0.7993475198745728,0.7993475198745728
0.8419016003608704,0.799314022064209,0.799314022064209
0.8384006023406982,0.7992626428604126,0.7992626428604126
0.8390762209892273,0.7992249131202698,0.7992249131202698
0.8453412055969238,0.7991870045661926,0.7991870045661926
0.8416559100151062,0.7991427779197693,0.7991427779197693
0.8426386713981628,0.7991028428077698,0.7991028428077698
0.841410219669342,0.7990644574165344,0.7990644574165344
0.8369879126548767,0.799018919467926,0.799018919467926
0.8434985280036926,0.7989789247512817,0.7989789247512817
0.8446655869483948,0.7989291548728943,0.7989291548728943
0.846815288066864,0.7988897562026978,0.7988897562026978
0.8434985280036926,0.7988585829734802,0.7988585829734802
0.8381549119949341,0.7988208532333374,0.7988208532333374
0.843989908695221,0.7987766861915588,0.7987766861915588
0.8438056707382202,0.7987384796142578,0.7987384796142578
0.8418402075767517,0.7986969351768494,0.7986969351768494
0.8404275178909302,0.7986524105072021,0.7986524105072021
0.8347153067588806,0.7986150979995728,0.7986150979995728
0.8411031365394592,0.7985767126083374,0.7985767126083374
0.8431300520896912,0.7985320687294006,0.7985320687294006
0.8430072069168091,0.7984930872917175,0.7984930872917175
0.8425158262252808,0.7984596490859985,0.7984596490859985
0.8352680802345276,0.7984086275100708,0.7984086275100708
