accuracy,precision,recall
0.8458939790725708,0.8281888961791992,0.750106692314148
0.8358209133148193,0.8266148567199707,0.7477598786354065
0.8450955152511597,0.8250312209129333,0.7454772591590881
0.8415330648422241,0.8234475255012512,0.7432090640068054
0.8339782357215881,0.8220210075378418,0.7413026094436646
0.8446655869483948,0.8203781843185425,0.7393937110900879
0.8311528563499451,0.8190030455589294,0.737457275390625
0.8394447565078735,0.8176059126853943,0.7357315421104431
0.8430072069168091,0.8162278532981873,0.7336863875389099
0.8409802913665771,0.8150553107261658,0.7319773435592651
0.8454025983810425,0.8137712478637695,0.7301461696624756
0.8342239260673523,0.8125391006469727,0.7285193204879761
0.843559980392456,0.8112524747848511,0.7268707156181335
0.8425158262252808,0.8101814389228821,0.7253342270851135
0.843437135219574,0.8091319799423218,0.7237507700920105
0.8409802913665771,0.8081081509590149,0.7221457958221436
0.8420858383178711,0.806976318359375,0.7208149433135986
0.8432528972625732,0.8059409260749817,0.7194315791130066
0.833732545375824,0.8050171136856079,0.7182915210723877
0.8419630527496338,0.804057240486145,0.7170714139938354
0.8427000641822815,0.8030950427055359,0.7159665822982788
0.8417787551879883,0.8021856546401978,0.714540958404541
0.8402432203292847,0.8011380434036255,0.713053286075592
0.8425772190093994,0.8002626299858093,0.7120493054389954
0.8351452350616455,0.7995474934577942,0.7110316753387451
0.8396904468536377,0.7987462878227234,0.7097874283790588
0.840734601020813,0.7980024218559265,0.7086665034294128
0.8426386713981628,0.7973105907440186,0.7073919177055359
0.8426386713981628,0.7964597940444946,0.7063359618186951
0.8423315286636353,0.7955958247184753,0.7050999402999878
