accuracy,precision,recall
0.8420858383178711,0.7949016690254211,0.7043629884719849
0.8377863764762878,0.7942908406257629,0.7035866975784302
0.82924884557724,0.793695867061615,0.7026142477989197
0.8372949957847595,0.7930532693862915,0.7017847299575806
0.8384006023406982,0.7924912571907043,0.701206386089325
0.8384619951248169,0.7918494343757629,0.7004525065422058
0.8397518396377563,0.7913150787353516,0.6996475458145142
0.8396289944648743,0.7907360196113586,0.698897659778595
0.836435079574585,0.7901054620742798,0.6981033682823181
0.8418402075767517,0.7895626425743103,0.6973338723182678
0.8379092216491699,0.7889832854270935,0.6966251730918884
0.8446041345596313,0.7884620428085327,0.6959843039512634
0.840181827545166,0.7878521084785461,0.6952342987060547
0.8384619951248169,0.7873926162719727,0.6946778297424316
0.8328112363815308,0.7868958711624146,0.693881630897522
0.8370493054389954,0.7864377498626709,0.6931532025337219
0.8428229093551636,0.7858990430831909,0.692546546459198
0.8312143087387085,0.7854697108268738,0.6920365691184998
0.8442970514297485,0.7850669026374817,0.6915110349655151
0.8344696164131165,0.784670352935791,0.6910206079483032
0.8333640694618225,0.7842181921005249,0.6905524730682373
0.8394447565078735,0.7837413549423218,0.689971923828125
0.84128737449646,0.7831756472587585,0.6893100142478943
0.8364965319633484,0.7827897071838379,0.6888532638549805
0.8398132920265198,0.7824771404266357,0.6884459853172302
0.835329532623291,0.7821050882339478,0.6878580451011658
0.8402432203292847,0.7817404270172119,0.6873247027397156
0.8414716720581055,0.7813677787780762,0.686709463596344
0.8426386713981628,0.7808936834335327,0.6861905455589294
0.8400589823722839,0.7804080843925476,0.6855282187461853
