accuracy,precision,recall
0.8388305306434631,0.7973639369010925,0.7973639369010925
0.8406117558479309,0.797335147857666,0.797335147857666
0.8438670635223389,0.7973096370697021,0.7973096370697021
0.8368036150932312,0.7972790002822876,0.7972790002822876
0.8363736867904663,0.7972507476806641,0.7972507476806641
0.836435079574585,0.7972202897071838,0.7972202897071838
0.8395676016807556,0.7972011566162109,0.7972011566162109
0.8382163047790527,0.7971706390380859,0.7971706390380859
0.8416559100151062,0.7971401810646057,0.7971401810646057
0.8440513610839844,0.7971096038818359,0.7971096038818359
0.8463239073753357,0.7970791459083557,0.7970791459083557
0.838032066822052,0.7970490455627441,0.7970490455627441
0.8416559100151062,0.7970065474510193,0.7970065474510193
0.8471224308013916,0.7969878911972046,0.7969878911972046
0.8397518396377563,0.7969574928283691,0.7969574928283691
0.8440513610839844,0.7969269752502441,0.7969269752502441
0.8409802913665771,0.7968977093696594,0.7968977093696594
0.8409802913665771,0.7968727350234985,0.7968727350234985
0.8393219113349915,0.7968444228172302,0.7968444228172302
0.8393219113349915,0.7968158721923828,0.7968158721923828
0.8360051512718201,0.7967908382415771,0.7967908382415771
0.8427000641822815,0.7967619895935059,0.7967619895935059
0.8323813080787659,0.7967248558998108,0.7967248558998108
0.846262514591217,0.7967010736465454,0.7967010736465454
0.8432528972625732,0.7966840863227844,0.7966840863227844
0.8418402075767517,0.7966539859771729,0.7966539859771729
0.8406731486320496,0.7966288924217224,0.7966288924217224
0.8376021385192871,0.7965984344482422,0.7965984344482422
0.8355137705802917,0.796567976474762,0.796567976474762
0.8333640694618225,0.7965356707572937,0.7965356707572937
