accuracy,precision,recall
0.8395676016807556,0.7973710894584656,0.7973710894584656
0.8384619951248169,0.7973419427871704,0.7973419427871704
0.8444198966026306,0.7973117828369141,0.7973117828369141
0.8425158262252808,0.7972812056541443,0.7972812056541443
0.8335483074188232,0.7972639203071594,0.7972639203071594
0.8419630527496338,0.797233521938324,0.797233521938324
0.8415945172309875,0.7972034215927124,0.7972034215927124
0.838584840297699,0.7971729040145874,0.7971729040145874
0.8422701358795166,0.7971422672271729,0.7971422672271729
0.8439285159111023,0.7971118688583374,0.7971118688583374
0.8450340628623962,0.7970813512802124,0.7970813512802124
0.8382777571678162,0.7970558404922485,0.7970558404922485
0.8417787551879883,0.7970197796821594,0.7970197796821594
0.8454640507698059,0.7969948053359985,0.7969948053359985
0.8379706144332886,0.7969642877578735,0.7969642877578735
0.8441742062568665,0.796934187412262,0.796934187412262
0.839260458946228,0.7969049215316772,0.7969049215316772
0.8401203751564026,0.7968754768371582,0.7968754768371582
0.8372336030006409,0.7968477606773376,0.7968477606773376
0.8413488268852234,0.7968235611915588,0.7968235611915588
0.8344082236289978,0.7968049049377441,0.7968049049377441
0.8417787551879883,0.7967760562896729,0.7967760562896729
0.8371107578277588,0.7967433929443359,0.7967433929443359
0.8465695977210999,0.7967150211334229,0.7967150211334229
0.8454025983810425,0.7966917157173157,0.7966917157173157
0.8425772190093994,0.7966613173484802,0.7966613173484802
0.8386462926864624,0.7966314554214478,0.7966314554214478
0.8352680802345276,0.7966008186340332,0.7966008186340332
0.8366193771362305,0.7965704202651978,0.7965704202651978
0.8399361371994019,0.796539306640625,0.796539306640625
