accuracy,precision,recall
0.8329340815544128,0.7720334529876709,0.6755678057670593
0.8344696164131165,0.7718299627304077,0.6753966808319092
0.838584840297699,0.7716110944747925,0.6751444935798645
0.832504153251648,0.771429181098938,0.6748685836791992
0.8428229093551636,0.7713314294815063,0.6747052073478699
0.8315828442573547,0.7711307406425476,0.6745387315750122
0.8328726887702942,0.7709888219833374,0.6743918061256409
0.8366807699203491,0.7707847952842712,0.6741178035736084
0.8367422223091125,0.7706059813499451,0.6739528775215149
0.833179771900177,0.7704474329948425,0.6737698316574097
0.8345310688018799,0.7702713012695312,0.6735535264015198
0.827099084854126,0.7700555920600891,0.6733369827270508
0.8382163047790527,0.7698596119880676,0.6731203198432922
0.8408574461936951,0.7696844935417175,0.6729234457015991
0.8364965319633484,0.769505500793457,0.6727132797241211
0.8404889106750488,0.7693833112716675,0.6724664568901062
0.8303543925285339,0.7692543864250183,0.6722493171691895
0.830477237701416,0.7691346406936646,0.6721184253692627
0.8391990661621094,0.76897794008255,0.6720035076141357
0.8287574648857117,0.7688608169555664,0.6719760298728943
0.8301087021827698,0.7687260508537292,0.6717836260795593
0.8334869146347046,0.7685674428939819,0.6717031598091125
0.834653913974762,0.7684122920036316,0.6715400218963623
0.8360051512718201,0.7682827115058899,0.67146897315979
0.8427615165710449,0.7681889533996582,0.6714377999305725
0.8364965319633484,0.7680424451828003,0.6712967753410339
0.8296787738800049,0.767913818359375,0.6710934638977051
0.8404275178909302,0.7677841782569885,0.6708783507347107
0.8369264602661133,0.7676092982292175,0.6706885695457458
0.8381549119949341,0.767425537109375,0.670452892780304
