accuracy,precision,recall
0.8306615352630615,0.7952954769134521,0.7952954769134521
0.836557924747467,0.7952876091003418,0.7952876091003418
0.8433142900466919,0.7952670454978943,0.7952670454978943
0.8334254622459412,0.7952573895454407,0.7952573895454407
0.8334869146347046,0.7952485084533691,0.7952485084533691
0.843437135219574,0.795228898525238,0.795228898525238
0.8317670822143555,0.7952250838279724,0.7952250838279724
0.8321356177330017,0.7952042818069458,0.7952042818069458
0.8348381519317627,0.7951960563659668,0.7951960563659668
0.8442970514297485,0.7951756715774536,0.7951756715774536
0.8423929810523987,0.7951666116714478,0.7951666116714478
0.839260458946228,0.7951586246490479,0.7951586246490479
0.8241508603096008,0.7951427698135376,0.7951427698135376
0.8397518396377563,0.795133650302887,0.795133650302887
0.8347153067588806,0.7951140999794006,0.7951140999794006
0.8396904468536377,0.7951048612594604,0.7951048612594604
0.8355137705802917,0.7950841188430786,0.7950841188430786
0.8391376733779907,0.7950764298439026,0.7950764298439026
0.8368036150932312,0.7950689196586609,0.7950689196586609
0.8336097002029419,0.7950534820556641,0.7950534820556641
0.8268533945083618,0.795044481754303,0.795044481754303
0.8342853784561157,0.795041561126709,0.795041561126709
0.8279589414596558,0.795015811920166,0.795015811920166
0.841410219669342,0.7950128316879272,0.7950128316879272
0.8348381519317627,0.7950042486190796,0.7950042486190796
0.8257477879524231,0.7949848771095276,0.7949848771095276
0.8317056894302368,0.7949756383895874,0.7949756383895874
0.8341010808944702,0.7949602007865906,0.7949602007865906
0.8418402075767517,0.7949522137641907,0.7949522137641907
0.840181827545166,0.7949296832084656,0.7949296832084656
