accuracy,precision,recall
0.8289417028427124,0.7673152685165405,0.6703910231590271
0.8253178596496582,0.7672244310379028,0.6703487038612366
0.8285117745399475,0.7670930027961731,0.670227587223053
0.8360051512718201,0.7669780850410461,0.670073926448822
0.8379706144332886,0.7669373750686646,0.6699945330619812
0.8329340815544128,0.7668187618255615,0.6699225902557373
0.827774703502655,0.7667559385299683,0.6698601245880127
0.8399361371994019,0.7666245698928833,0.6697113513946533
0.8360051512718201,0.7665122151374817,0.6696169376373291
0.8350223898887634,0.7664276361465454,0.6694958209991455
0.8376635313034058,0.766336977481842,0.6693922877311707
0.8342853784561157,0.7662183046340942,0.6693311333656311
0.8302929997444153,0.7661073803901672,0.6692533493041992
0.8312757015228271,0.7659938335418701,0.6692091226577759
0.837356448173523,0.7658791542053223,0.6690807938575745
0.829924464225769,0.7658082246780396,0.6689453721046448
0.8355137705802917,0.7657265663146973,0.668834924697876
0.8403660655021667,0.7656860947608948,0.6687633991241455
0.838584840297699,0.7655869722366333,0.6686519980430603
0.8317670822143555,0.7655162215232849,0.6686424612998962
0.8329955339431763,0.7654216885566711,0.6685797572135925
0.8306000828742981,0.7653756737709045,0.6685602068901062
0.8397518396377563,0.7652387619018555,0.6684291958808899
0.8412259817123413,0.7651754021644592,0.6683652997016907
0.8362508416175842,0.7651176452636719,0.668335497379303
0.8264234662055969,0.7650361061096191,0.6682532429695129
0.8349609971046448,0.7649547457695007,0.6681469678878784
0.8322584629058838,0.7648742198944092,0.6680299639701843
0.8390762209892273,0.7648105621337891,0.6679708957672119
0.8317056894302368,0.7646790742874146,0.6678181886672974
