accuracy,precision,recall
0.8456482887268066,0.8499231338500977,0.8499231338500977
0.8456482887268066,0.8499230742454529,0.8499230146408081
0.8477980494499207,0.8499140739440918,0.8499140739440918
0.8462011218070984,0.8498891592025757,0.8498888611793518
0.8457711338996887,0.8498620986938477,0.8498620986938477
0.8468767404556274,0.849853515625,0.849853515625
0.8490878939628601,0.8498231172561646,0.8498231172561646
0.8471838235855103,0.8497946262359619,0.8497946262359619
0.849517822265625,0.8497624397277832,0.8497624397277832
0.8485965132713318,0.8497637510299683,0.8497637510299683
0.8468767404556274,0.849768877029419,0.849768877029419
0.8464467525482178,0.8497399091720581,0.8497398495674133
0.8454025983810425,0.8496991395950317,0.849699079990387
0.846815288066864,0.8496966361999512,0.8496965169906616
0.8476752042770386,0.8496705889701843,0.8496705889701843
0.8482279777526855,0.8496705889701843,0.8496705889701843
0.8473066687583923,0.8496788740158081,0.8496788740158081
0.8467538952827454,0.8496924638748169,0.8496924638748169
0.8459554314613342,0.8496924638748169,0.8496924638748169
0.8446041345596313,0.849916398525238,0.849916398525238
0.8464467525482178,0.8502573370933533,0.8502573370933533
0.8452797532081604,0.850593090057373,0.8505930304527283
0.8427615165710449,0.8508999943733215,0.8508999943733215
0.846139669418335,0.8512178063392639,0.8512178063392639
0.8469381332397461,0.8514996767044067,0.8514996767044067
0.8480437397956848,0.851774275302887,0.851774275302887
0.8470609784126282,0.8520489931106567,0.8520489931106567
0.848842203617096,0.8523038029670715,0.8523038029670715
0.846815288066864,0.8525463938713074,0.8525463938713074
0.8472452759742737,0.8528131246566772,0.8528131246566772
