accuracy,precision,recall
0.8454025983810425,0.8530057072639465,0.8530057072639465
0.8478594422340393,0.8532336950302124,0.8532336950302124
0.8485351204872131,0.853447675704956,0.853447675704956
0.8474295139312744,0.8536354303359985,0.8536354303359985
0.8483508229255676,0.8538224697113037,0.8538224697113037
0.8457097411155701,0.8540254831314087,0.8540254831314087
0.8491492867469788,0.8542090654373169,0.8542090654373169
0.8450955152511597,0.8543983697891235,0.8543983697891235
0.8475523591041565,0.8545536398887634,0.8545536398887634
0.8477365970611572,0.8547278046607971,0.8547278046607971
0.8467538952827454,0.854888379573822,0.854888379573822
0.8445427417755127,0.8550329208374023,0.8550329208374023
0.8457711338996887,0.8551636338233948,0.8551636338233948
0.8476752042770386,0.8553157448768616,0.8553157448768616
0.8447269797325134,0.8554602861404419,0.8554602861404419
0.8421472907066345,0.855588972568512,0.855588972568512
0.8448498249053955,0.8557145595550537,0.8557145595550537
0.8454025983810425,0.8558570742607117,0.8558570742607117
0.8473681211471558,0.8559803366661072,0.8559803366661072
0.8472452759742737,0.8561007976531982,0.8561007976531982
0.846815288066864,0.8562033772468567,0.8562033772468567
0.8431300520896912,0.8563144207000732,0.8563144207000732
0.8462011218070984,0.8564231991767883,0.8564231991767883
0.8467538952827454,0.8565368056297302,0.8565368056297302
0.8459554314613342,0.856635570526123,0.856635570526123
0.8487808108329773,0.8567416667938232,0.8567416667938232
0.8474909663200378,0.8568441271781921,0.8568441271781921
0.845586895942688,0.8569618463516235,0.8569618463516235
0.8474295139312744,0.8570467829704285,0.8570467829704285
0.8436828255653381,0.8571383357048035,0.8571383357048035
