accuracy,precision,recall
0.8449112176895142,0.8530341386795044,0.8530341386795044
0.8470609784126282,0.8532499670982361,0.8532498478889465
0.8477365970611572,0.8534778356552124,0.8534778356552124
0.8470609784126282,0.8536676168441772,0.8536676168441772
0.8465082049369812,0.8538597226142883,0.8538597226142883
0.8449726700782776,0.8540577292442322,0.8540577292442322
0.8495792746543884,0.854241132736206,0.854241132736206
0.844112753868103,0.8544287085533142,0.8544282913208008
0.8474909663200378,0.8545843362808228,0.8545843362808228
0.8431914448738098,0.8547646403312683,0.8547646403312683
0.8486579656600952,0.8549194931983948,0.8549194931983948
0.8440513610839844,0.8550702929496765,0.8550702929496765
0.8465082049369812,0.8552013039588928,0.8552013039588928
0.8471838235855103,0.8553487658500671,0.8553487658500671
0.848412275314331,0.8554975390434265,0.8554975390434265
0.8492721319198608,0.8556233048439026,0.8556233048439026
0.8457711338996887,0.8557718396186829,0.8557718396186829
0.8476138114929199,0.8558960556983948,0.8558960556983948
0.8492107391357422,0.8560249209403992,0.8560249209403992
0.8494564294815063,0.8561469912528992,0.8561469912528992
0.8480437397956848,0.8562604188919067,0.8562604188919067
0.8457097411155701,0.8563558459281921,0.8563558459281921
0.8471838235855103,0.8564759492874146,0.8564759492874146
0.8430072069168091,0.8565910458564758,0.8565910458564758
0.8471224308013916,0.8566873669624329,0.8566873669624329
0.8464467525482178,0.856781005859375,0.856781005859375
0.845586895942688,0.8569008708000183,0.8569008708000183
0.8481665849685669,0.856996476650238,0.856996476650238
0.8471838235855103,0.8570862412452698,0.8570862412452698
0.8466924428939819,0.8571776747703552,0.8571776747703552
