accuracy,precision,recall
0.8457097411155701,0.8572670817375183,0.8572670817375183
0.8426386713981628,0.8573392629623413,0.8573392629623413
0.8459554314613342,0.8574224710464478,0.8574224710464478
0.8476138114929199,0.8574917316436768,0.8574917316436768
0.848289430141449,0.8575832843780518,0.8575832843780518
0.8442355990409851,0.8576745390892029,0.8576745390892029
0.8476138114929199,0.857787549495697,0.857787549495697
0.8444198966026306,0.8579079508781433,0.8579079508781433
0.8452183604240417,0.8580085039138794,0.8580085039138794
0.8446655869483948,0.8581327199935913,0.8581327199935913
0.8466310501098633,0.8582441806793213,0.8582441806793213
0.8444198966026306,0.8583462238311768,0.8583462238311768
0.8439285159111023,0.8584522008895874,0.8584522008895874
0.8494564294815063,0.8585531711578369,0.8585531711578369
0.8469995856285095,0.8586647510528564,0.8586647510528564
0.8445427417755127,0.8587640523910522,0.8587640523910522
0.8442970514297485,0.858856201171875,0.858856201171875
0.848412275314331,0.8589499592781067,0.8589499592781067
0.842884361743927,0.8590482473373413,0.8590482473373413
0.848289430141449,0.8591524958610535,0.8591524958610535
0.84128737449646,0.8592242002487183,0.8592242002487183
0.8481051325798035,0.859313428401947,0.859313428401947
0.8425158262252808,0.859383761882782,0.859383761882782
0.8455254435539246,0.8594664931297302,0.8594664931297302
0.8482279777526855,0.8595575094223022,0.8595575094223022
0.8467538952827454,0.8596264123916626,0.8596264123916626
0.8463853597640991,0.8597174286842346,0.8597174286842346
0.848412275314331,0.8598021864891052,0.8598021864891052
0.846139669418335,0.8598705530166626,0.8598705530166626
0.8433142900466919,0.8599565029144287,0.8599565029144287
