accuracy,precision,recall
0.8492721319198608,0.8680031895637512,0.7957204580307007
0.8442355990409851,0.867377519607544,0.7947412133216858
0.8485351204872131,0.8667382001876831,0.7938159704208374
0.8474909663200378,0.8661120533943176,0.7928659915924072
0.8474909663200378,0.8655328750610352,0.7919616103172302
0.8503163456916809,0.8649531006813049,0.7910766005516052
0.8448498249053955,0.8643888831138611,0.7901538610458374
0.8487808108329773,0.8638311624526978,0.7892688512802124
0.8482279777526855,0.8632903695106506,0.7883698344230652
0.8476138114929199,0.8627630472183228,0.7875370979309082
0.8433142900466919,0.8622137308120728,0.7866844534873962
0.8442355990409851,0.8616942763328552,0.7858508229255676
0.8474909663200378,0.8611773252487183,0.7849659323692322
0.8474295139312744,0.860649585723877,0.7841500043869019
0.8473066687583923,0.8601295948028564,0.783324658870697
0.8477980494499207,0.8595973253250122,0.7825109958648682
0.8474909663200378,0.8590770959854126,0.7817078828811646
0.8425772190093994,0.8585821390151978,0.7809428572654724
0.8477980494499207,0.8580716848373413,0.7801607251167297
0.842884361743927,0.8575677275657654,0.7793806791305542
0.8460782766342163,0.8570557236671448,0.7785741686820984
0.8444812893867493,0.8565390706062317,0.7778119444847107
0.848412275314331,0.8560417294502258,0.7770408987998962
0.8471838235855103,0.8555585741996765,0.776275098323822
0.846139669418335,0.8550953269004822,0.7755156755447388
0.8478594422340393,0.8546165227890015,0.7747573256492615
0.8485965132713318,0.8541564345359802,0.7740489840507507
0.8464467525482178,0.853675127029419,0.773374617099762
0.8471838235855103,0.8532103300094604,0.7726439833641052
0.8483508229255676,0.8527526259422302,0.7719520330429077
