accuracy,precision,recall
0.8467538952827454,0.8523343205451965,0.7712812423706055
0.8450955152511597,0.8519005179405212,0.7706360220909119
0.8457097411155701,0.8514715433120728,0.7699686884880066
0.843989908695221,0.851044237613678,0.7693275809288025
0.8451569080352783,0.8506092429161072,0.7687095999717712
0.8474295139312744,0.8501908183097839,0.7680759429931641
0.8468767404556274,0.8497709631919861,0.7674485445022583
0.8463239073753357,0.8493580222129822,0.7668652534484863
0.848412275314331,0.8489465117454529,0.7662333250045776
0.8479822874069214,0.8485472798347473,0.7656275033950806
0.8490265011787415,0.8481366634368896,0.7649941444396973
0.8476752042770386,0.8477410078048706,0.7644068598747253
0.842884361743927,0.8473223447799683,0.7638269662857056
0.8501320481300354,0.8469260931015015,0.7632771730422974
0.8474909663200378,0.8465362191200256,0.7626953125
0.8460168242454529,0.8461394309997559,0.7621484994888306
0.8465695977210999,0.8457664251327515,0.7615584135055542
0.8449726700782776,0.8453978300094604,0.7610163688659668
0.851667582988739,0.8450034260749817,0.7605057954788208
0.8455254435539246,0.8446131348609924,0.7599716186523438
0.8460782766342163,0.844215989112854,0.7594223022460938
0.8477365970611572,0.8438342809677124,0.7588725090026855
0.8419016003608704,0.8434233069419861,0.7583292722702026
0.8468767404556274,0.8430481553077698,0.7577921748161316
0.8477365970611572,0.8426910638809204,0.7572631239891052
0.8471224308013916,0.8423449993133545,0.756712019443512
0.8434985280036926,0.8419892191886902,0.7561711668968201
0.8425158262252808,0.8416377305984497,0.7556456923484802
0.8414716720581055,0.8412566781044006,0.755119264125824
0.8485965132713318,0.8409031629562378,0.754580020904541
