accuracy,precision,recall
0.8442355990409851,0.861703097820282,0.861703097820282
0.845586895942688,0.8617532253265381,0.8617532253265381
0.846139669418335,0.8617622256278992,0.8617622256278992
0.8479822874069214,0.8617876768112183,0.8617876768112183
0.8437442183494568,0.8618231415748596,0.8618231415748596
0.846262514591217,0.8618487119674683,0.8618487119674683
0.8468767404556274,0.8618791699409485,0.8618791699409485
0.8443584442138672,0.8619101643562317,0.8619101643562317
0.8444812893867493,0.8619366884231567,0.8619366884231567
0.8444812893867493,0.8619711995124817,0.8619711995124817
0.8438670635223389,0.8619989156723022,0.8619989156723022
0.8446041345596313,0.8620316982269287,0.8620316982269287
0.8458939790725708,0.8620584607124329,0.8620584607124329
0.8337939977645874,0.8620893359184265,0.8620893359184265
0.8407959938049316,0.8621149063110352,0.8621149063110352
0.8477980494499207,0.8621450066566467,0.8621450066566467
0.8485965132713318,0.8621593117713928,0.8621593117713928
0.8452183604240417,0.862191379070282,0.862191379070282
0.8450340628623962,0.8622347712516785,0.8622347712516785
0.8442970514297485,0.8622674942016602,0.8622674942016602
0.8476752042770386,0.862282931804657,0.862282931804657
0.8439285159111023,0.8623042106628418,0.8623042106628418
0.8465695977210999,0.862311840057373,0.862311840057373
0.8389533758163452,0.862335205078125,0.862335205078125
0.8471838235855103,0.8623652458190918,0.8623652458190918
0.8465695977210999,0.8623891472816467,0.8623891472816467
0.8450955152511597,0.8624250292778015,0.8624250292778015
0.8464467525482178,0.8624550700187683,0.8624550700187683
0.8420858383178711,0.8624578714370728,0.8624578714370728
0.8471838235855103,0.8624807000160217,0.8624807000160217
