accuracy,precision,recall
0.8486579656600952,0.8405835032463074,0.7540512084960938
0.8476138114929199,0.8402495980262756,0.753562867641449
0.8480437397956848,0.8399264812469482,0.753052294254303
0.848412275314331,0.839599072933197,0.7525659799575806
0.8420244455337524,0.8392728567123413,0.7521159052848816
0.8485965132713318,0.8389514088630676,0.7516505122184753
0.848842203617096,0.8386144638061523,0.7512130737304688
0.8457711338996887,0.8382965326309204,0.7507712244987488
0.8473066687583923,0.8380053639411926,0.750274658203125
0.849517822265625,0.837700605392456,0.7498384118080139
0.8463239073753357,0.837113618850708,0.7489928007125854
0.8470609784126282,0.8365196585655212,0.7481408715248108
0.8480437397956848,0.8359243869781494,0.7472838759422302
0.8474295139312744,0.835328996181488,0.7464319467544556
0.8471224308013916,0.834747314453125,0.7455831170082092
0.8403660655021667,0.8341467380523682,0.7447504997253418
0.8503163456916809,0.8335500955581665,0.7438942193984985
0.8478594422340393,0.8329777717590332,0.7430440783500671
0.8493335843086243,0.8323736190795898,0.7422491908073425
0.8477980494499207,0.8317995667457581,0.741403341293335
0.8476138114929199,0.8312059640884399,0.740570068359375
0.8482279777526855,0.8305968046188354,0.7397240400314331
0.846815288066864,0.8299961686134338,0.7388833165168762
0.8446041345596313,0.8294071555137634,0.7380476593971252
0.848842203617096,0.8288292288780212,0.737223744392395
0.8481051325798035,0.8282470107078552,0.7364083528518677
0.8437442183494568,0.8276748061180115,0.735626220703125
0.8478594422340393,0.8270879983901978,0.734830915927887
0.8485351204872131,0.826509416103363,0.7339782118797302
0.8408574461936951,0.8259523510932922,0.7331463098526001
