accuracy,precision,recall
0.8439285159111023,0.8097590208053589,0.7109948992729187
0.8399361371994019,0.8092954754829407,0.7103570699691772
0.8483508229255676,0.8088374137878418,0.7096975445747375
0.8440513610839844,0.8083595633506775,0.7090479731559753
0.8457097411155701,0.8078988194465637,0.7084329128265381
0.8454640507698059,0.8074130415916443,0.7078166007995605
0.8423315286636353,0.8069463968276978,0.7071925401687622
0.8441742062568665,0.8064935803413391,0.7065763473510742
0.8458325862884521,0.8060396909713745,0.7059344053268433
0.8479208946228027,0.8055953979492188,0.7053248286247253
0.8428229093551636,0.8051242232322693,0.704703688621521
0.8480437397956848,0.8046665191650391,0.7040818929672241
0.8470609784126282,0.8042626976966858,0.7034606337547302
0.851114809513092,0.8038864135742188,0.7028605341911316
0.8492107391357422,0.8035070300102234,0.7022684812545776
0.8466310501098633,0.8031693696975708,0.7016295790672302
0.8456482887268066,0.8027878999710083,0.7010200023651123
0.8443584442138672,0.8024216890335083,0.7004373669624329
0.8452797532081604,0.8020570278167725,0.6998597979545593
0.8411645293235779,0.8016895651817322,0.6992803812026978
0.8487808108329773,0.8013229370117188,0.6986804008483887
0.8432528972625732,0.8009356260299683,0.6980680227279663
0.8472452759742737,0.8005393743515015,0.697470486164093
0.8448498249053955,0.800142765045166,0.6968801617622375
0.848289430141449,0.7998040914535522,0.6962970495223999
0.8465695977210999,0.7994385361671448,0.6956856846809387
0.8451569080352783,0.7990745306015015,0.695128858089447
0.8451569080352783,0.7986994385719299,0.6945502758026123
0.8431914448738098,0.7983399629592896,0.6939399242401123
0.8466310501098633,0.7979791760444641,0.6933296918869019
