accuracy,precision,recall
0.9484978318214417,0.7236722111701965,0.7236721515655518
0.9484978318214417,0.724043071269989,0.7240428924560547
0.9484978318214417,0.7244104146957397,0.7244104146957397
0.9484978318214417,0.7247757315635681,0.7247756719589233
0.9442059993743896,0.7251379489898682,0.7251378297805786
0.9527897238731384,0.7255030870437622,0.7255029678344727
0.9527897238731384,0.7258660197257996,0.72586590051651
0.9527897238731384,0.7262281179428101,0.7262279987335205
0.9484978318214417,0.7265902757644653,0.7265901565551758
0.9570815563201904,0.7269501090049744,0.7269500494003296
0.9527897238731384,0.7273046374320984,0.7273044586181641
0.9527897238731384,0.7276653051376343,0.7276652455329895
0.9484978318214417,0.7280209064483643,0.7280207872390747
0.9484978318214417,0.7283750176429749,0.7283748388290405
0.9570815563201904,0.7287278771400452,0.7287278175354004
0.9484978318214417,0.7290826439857483,0.7290825843811035
0.9442059993743896,0.7294328212738037,0.7294326424598694
0.9484978318214417,0.7297853827476501,0.7297853231430054
0.9484978318214417,0.7301349639892578,0.730134904384613
0.9484978318214417,0.7304837703704834,0.7304835915565491
0.9442059993743896,0.7308289408683777,0.7308287620544434
0.9527897238731384,0.7311769127845764,0.7311767935752869
0.9442059993743896,0.7315238118171692,0.7315237522125244
0.9442059993743896,0.731866717338562,0.7318666577339172
0.9527897238731384,0.7322095036506653,0.7322094440460205
0.9527897238731384,0.7325517535209656,0.7325515747070312
0.9484978318214417,0.7328914999961853,0.7328914403915405
0.9484978318214417,0.733230471611023,0.7332303524017334
0.9442059993743896,0.7335680723190308,0.733568012714386
0.9570815563201904,0.733908474445343,0.7339084148406982
