accuracy,precision,recall
0.6909871101379395,0.7972157001495361,0.7972157001495361
0.6824034452438354,0.796653687953949,0.796653687953949
0.7896995544433594,0.7961279153823853,0.7961279153823853
0.557939887046814,0.7955008149147034,0.7955008149147034
0.6566523313522339,0.794975757598877,0.794975757598877
0.725321888923645,0.7944743633270264,0.7944743633270264
0.733905553817749,0.7938644886016846,0.7938644886016846
0.6909871101379395,0.7934080958366394,0.7934080958366394
0.8454935550689697,0.792901337146759,0.792901337146759
0.7553648352622986,0.7924216985702515,0.7924216985702515
0.7939913868904114,0.7919104099273682,0.7919104099273682
0.8154506683349609,0.7914917469024658,0.7914917469024658
0.7553648352622986,0.7911094427108765,0.7911094427108765
0.6952789425849915,0.7905858755111694,0.7905858755111694
0.6695278882980347,0.7900765538215637,0.7900765538215637
0.729613721370697,0.7896077036857605,0.7896077036857605
0.6695278882980347,0.7891272902488708,0.7891272902488708
0.6866952776908875,0.7887400984764099,0.7887400984764099
0.7424892783164978,0.7883435487747192,0.7883435487747192
0.725321888923645,0.7878761887550354,0.7878761887550354
0.725321888923645,0.7874596118927002,0.7874596118927002
0.7381974458694458,0.7868885397911072,0.7868885397911072
0.7639485001564026,0.7864525318145752,0.7864525318145752
0.7725321650505066,0.7860757112503052,0.7860757112503052
0.716738224029541,0.7856634855270386,0.7856634855270386
0.7982832789421082,0.7852375507354736,0.7852375507354736
0.6266094446182251,0.7848519682884216,0.7848519682884216
0.6824034452438354,0.7843942046165466,0.7843942046165466
0.7939913868904114,0.7839252352714539,0.7839252352714539
0.7939913868904114,0.7835638523101807,0.7835638523101807
