accuracy,precision,recall
0.4678111672401428,0.7369562387466431,0.7369561791419983
0.3476394712924957,0.7368248105049133,0.7368247509002686
0.3476394712924957,0.736701488494873,0.7367014288902283
0.6394850015640259,0.7365349531173706,0.736534833908081
0.497854083776474,0.7364057898521423,0.7364057302474976
0.4935622215270996,0.7362425327301025,0.7362424731254578
0.5665236115455627,0.7361046671867371,0.7361045479774475
0.6094420552253723,0.7359341979026794,0.7359341382980347
0.7124463319778442,0.735773503780365,0.7357733845710754
0.45493561029434204,0.7356377840042114,0.7356376647949219
0.5021459460258484,0.7355083227157593,0.7355082035064697
0.6480686664581299,0.7353103756904602,0.7353103160858154
0.4892703890800476,0.735160768032074,0.735160768032074
0.497854083776474,0.735011875629425,0.735011875629425
0.45922747254371643,0.73486328125,0.7348631620407104
0.6695278882980347,0.7347304224967957,0.7347303628921509
0.44635194540023804,0.7345837354660034,0.7345836162567139
0.42489269375801086,0.7344357967376709,0.7344357371330261
0.46351930499076843,0.7343134880065918,0.734313428401947
0.3390558063983917,0.7341831922531128,0.734183132648468
0.4892703890800476,0.7340282201766968,0.7340281009674072
0.716738224029541,0.7338962554931641,0.7338961958885193
0.4034334719181061,0.7337433099746704,0.7337433099746704
0.7081544995307922,0.7335700988769531,0.7335699796676636
0.29613733291625977,0.7334314584732056,0.7334314584732056
0.30472102761268616,0.7332763075828552,0.7332762479782104
0.43776825070381165,0.7331521511077881,0.7331520915031433
0.4721029996871948,0.733016848564148,0.7330167889595032
0.31330472230911255,0.7328847050666809,0.7328846454620361
0.4034334719181061,0.7327513694763184,0.7327513694763184
