accuracy,precision,recall
0.17167381942272186,0.7287570238113403,0.7287569642066956
0.14592275023460388,0.7286125421524048,0.72861248254776
0.18884120881557465,0.7285251617431641,0.7285251021385193
0.22746780514717102,0.7284226417541504,0.7284225821495056
0.2618025839328766,0.7283419370651245,0.7283419370651245
0.23175965249538422,0.7282227277755737,0.7282227277755737
0.33047211170196533,0.7280631065368652,0.7280630469322205
0.3905579447746277,0.7279700040817261,0.7279698848724365
0.20171673595905304,0.7278916835784912,0.7278916239738464
0.15021459758281708,0.727798342704773,0.7277982831001282
0.2575107216835022,0.727702260017395,0.7277021408081055
0.15021459758281708,0.7276284694671631,0.7276284098625183
0.2360514998435974,0.7275444865226746,0.727544367313385
0.17167381942272186,0.7274302244186401,0.7274301052093506
0.21459227800369263,0.7272927165031433,0.7272925972938538
0.278969943523407,0.7272064685821533,0.7272063493728638
0.2360514998435974,0.7271097302436829,0.7271096706390381
0.16738197207450867,0.7270378470420837,0.727037787437439
0.278969943523407,0.7269500494003296,0.72694993019104
0.46351930499076843,0.7267979383468628,0.7267979383468628
0.278969943523407,0.7266842722892761,0.7266842722892761
0.270386278629303,0.7265708446502686,0.726570725440979
0.15450644493103027,0.7265107035636902,0.7265105843544006
0.15879827737808228,0.7263889312744141,0.7263888716697693
0.2618025839328766,0.7263134717941284,0.7263134717941284
0.1373390555381775,0.7261925339698792,0.7261924743652344
0.16309012472629547,0.7261307239532471,0.7261306643486023
0.2360514998435974,0.7260359525680542,0.7260359525680542
0.248927041888237,0.7259272336959839,0.7259271144866943
0.18025751411914825,0.7258402705192566,0.725840151309967
