accuracy,precision,recall
0.10300429165363312,0.7257373929023743,0.7257372736930847
0.08583690971136093,0.7256700992584229,0.7256700396537781
0.17167381942272186,0.7255869507789612,0.7255868911743164
0.2875536382198334,0.7255186438560486,0.725518524646759
0.21030043065547943,0.7254543900489807,0.7254542708396912
0.17167381942272186,0.7253546714782715,0.7253546118736267
0.248927041888237,0.7252830266952515,0.7252830266952515
0.1201716735959053,0.7252341508865356,0.7252340912818909
0.10729613900184631,0.7251973152160645,0.7251971960067749
0.16309012472629547,0.7251524329185486,0.7251523733139038
0.14592275023460388,0.7250956892967224,0.7250956296920776
0.17596566677093506,0.7250423431396484,0.7250423431396484
0.17167381942272186,0.7249425649642944,0.7249423861503601
0.20600858330726624,0.7248430252075195,0.7248429656028748
0.15450644493103027,0.724800169467926,0.7248000502586365
0.18025751411914825,0.7247247695922852,0.7247247099876404
0.1330472081899643,0.7246737480163574,0.7246736884117126
0.15450644493103027,0.7245975136756897,0.7245974540710449
0.19742488861083984,0.724489688873291,0.7244895696640015
0.22746780514717102,0.7244181632995605,0.7244181036949158
0.09012875705957413,0.7243434190750122,0.7243434190750122
0.1287553608417511,0.7243109345436096,0.7243108749389648
0.08154506236314774,0.7242651581764221,0.7242650985717773
0.19742488861083984,0.724221408367157,0.7242212891578674
0.1244635209441185,0.7241559624671936,0.7241557836532593
0.09442060440778732,0.7241217494010925,0.7241216897964478
0.1330472081899643,0.7240663170814514,0.7240661978721619
0.20171673595905304,0.7240036725997925,0.7240036129951477
0.1330472081899643,0.7239183783531189,0.7239181995391846
0.15879827737808228,0.7238370180130005,0.7238370180130005
