accuracy,precision,recall
0.10729613900184631,0.7258040308952332,0.7258039116859436
0.055793993175029755,0.7258891463279724,0.7258890867233276
0.05150214582681656,0.725981593132019,0.7259815335273743
0.055793993175029755,0.7260882258415222,0.7260881662368774
0.08154506236314774,0.7261735200881958,0.726173460483551
0.09012875705957413,0.7262669205665588,0.7262668609619141
0.07296137511730194,0.7263323068618774,0.7263322472572327
0.055793993175029755,0.7264000177383423,0.7263999581336975
0.06866952776908875,0.7264791131019592,0.7264790534973145
0.05150214582681656,0.726577877998352,0.7265778183937073
0.07725322246551514,0.7266659736633301,0.7266659140586853
0.07296137511730194,0.7267608642578125,0.7267608046531677
0.06437768042087555,0.726843535900116,0.7268434166908264
0.042918454855680466,0.7269107699394226,0.7269107103347778
0.07725322246551514,0.7269797921180725,0.7269797325134277
0.042918454855680466,0.7270603775978088,0.7270603179931641
0.05150214582681656,0.727165699005127,0.727165699005127
0.03862661123275757,0.7272555232048035,0.7272554636001587
0.06008583679795265,0.7273426651954651,0.7273426055908203
0.06437768042087555,0.7274224162101746,0.7274223566055298
0.06437768042087555,0.7275292277336121,0.7275292277336121
0.06437768042087555,0.7276274561882019,0.7276273965835571
0.05150214582681656,0.7277127504348755,0.7277127504348755
0.05150214582681656,0.727776050567627,0.7277759313583374
0.06866952776908875,0.7278555035591125,0.727855384349823
0.06437768042087555,0.7279363870620728,0.727936327457428
0.06866952776908875,0.7280411124229431,0.7280410528182983
0.07725322246551514,0.7280933260917664,0.7280932664871216
0.055793993175029755,0.7281747460365295,0.7281746864318848
0.07296137511730194,0.7282469272613525,0.728246808052063
