accuracy,precision,recall
0.9227467775344849,0.9161063432693481,0.9161063432693481
0.8927038908004761,0.9144777655601501,0.9144777655601501
0.9227467775344849,0.9131813645362854,0.9131813645362854
0.9356223344802856,0.9117292165756226,0.9117292165756226
0.9227467775344849,0.9099448919296265,0.9099448919296265
0.9098712205886841,0.9086776375770569,0.9086776375770569
0.9356223344802856,0.9076430797576904,0.9076430797576904
0.9055793881416321,0.9063706994056702,0.9063706994056702
0.9270386099815369,0.9048653841018677,0.9048653841018677
0.9012875556945801,0.9037963151931763,0.9037963151931763
0.9356223344802856,0.9026053547859192,0.9026053547859192
0.9442059993743896,0.9009700417518616,0.9009700417518616
0.9184549450874329,0.8998818397521973,0.8998818397521973
0.8969957232475281,0.8984971642494202,0.8984971642494202
0.9055793881416321,0.8971138000488281,0.8971138000488281
0.9227467775344849,0.8960187435150146,0.8960187435150146
0.9227467775344849,0.8951255083084106,0.8951255083084106
0.9313304424285889,0.8940043449401855,0.8940043449401855
0.9012875556945801,0.8931697607040405,0.8931697607040405
0.9356223344802856,0.8922327160835266,0.8922327160835266
0.9184549450874329,0.8912129998207092,0.8912129998207092
0.9356223344802856,0.889997124671936,0.889997124671936
0.9484978318214417,0.8888437151908875,0.8888437151908875
0.9270386099815369,0.8879386186599731,0.8879386186599731
0.9227467775344849,0.8870810270309448,0.8870810270309448
0.9527897238731384,0.8861612677574158,0.8861612677574158
0.9098712205886841,0.8854546546936035,0.8854546546936035
0.9484978318214417,0.8844224214553833,0.8844224214553833
0.9098712205886841,0.8835974931716919,0.8835974931716919
0.9055793881416321,0.8828195333480835,0.8828195333480835
