accuracy,precision,recall
0.9356223344802856,0.9337598085403442,0.9337598085403442
0.9356223344802856,0.9328635931015015,0.9328635931015015
0.9527897238731384,0.9320761561393738,0.9320761561393738
0.9313304424285889,0.9311972856521606,0.9311972856521606
0.9399141669273376,0.9301152229309082,0.9301152229309082
0.9356223344802856,0.9295476675033569,0.9295476675033569
0.9442059993743896,0.9286069869995117,0.9286069869995117
0.9313304424285889,0.9279118776321411,0.9279118776321411
0.9399141669273376,0.9271538853645325,0.9271538853645325
0.9356223344802856,0.9263929724693298,0.9263929724693298
0.9356223344802856,0.9257947206497192,0.9257947206497192
0.9313304424285889,0.9249064326286316,0.9249064326286316
0.9141631126403809,0.9243835806846619,0.9243835806846619
0.9527897238731384,0.9234782457351685,0.9234782457351685
0.9184549450874329,0.922896146774292,0.922896146774292
0.9356223344802856,0.9223209619522095,0.9223209619522095
0.9356223344802856,0.9216453433036804,0.9216453433036804
0.9313304424285889,0.9211448431015015,0.9211448431015015
0.9356223344802856,0.9205456972122192,0.9205456972122192
0.9399141669273376,0.9200596809387207,0.9200596809387207
0.9399141669273376,0.9193353652954102,0.9193353652954102
0.9227467775344849,0.9187346696853638,0.9187346696853638
0.9442059993743896,0.9181227087974548,0.9181227087974548
0.9399141669273376,0.9177426099777222,0.9177426099777222
0.9227467775344849,0.9174642562866211,0.9174642562866211
0.9484978318214417,0.9169609546661377,0.9169609546661377
0.9356223344802856,0.9165573716163635,0.9165573716163635
0.9313304424285889,0.9159691333770752,0.9159691333770752
0.9270386099815369,0.9155673980712891,0.9155673980712891
0.9313304424285889,0.9150948524475098,0.9150948524475098
