accuracy,precision,recall
0.9184549450874329,0.9144050478935242,0.9144050478935242
0.9399141669273376,0.913764238357544,0.913764238357544
0.9399141669273376,0.913025975227356,0.913025975227356
0.9184549450874329,0.9121249318122864,0.9121249318122864
0.9227467775344849,0.9115126729011536,0.9115126729011536
0.9313304424285889,0.9108253121376038,0.9108253121376038
0.9313304424285889,0.9102110266685486,0.9102110266685486
0.9313304424285889,0.9094445705413818,0.9094445705413818
0.9313304424285889,0.9088197350502014,0.9088197350502014
0.9399141669273376,0.9081662893295288,0.9081662893295288
0.9399141669273376,0.9074272513389587,0.9074272513389587
0.9356223344802856,0.9068628549575806,0.9068628549575806
0.9141631126403809,0.9060721397399902,0.9060721397399902
0.9012875556945801,0.9052966237068176,0.9052966237068176
0.9313304424285889,0.9048430323600769,0.9048430323600769
0.9270386099815369,0.9043096303939819,0.9043096303939819
0.9399141669273376,0.9036086201667786,0.9036086201667786
0.9227467775344849,0.9031434059143066,0.9031434059143066
0.9270386099815369,0.902594804763794,0.902594804763794
0.9356223344802856,0.9019105434417725,0.9019105434417725
0.9184549450874329,0.901212215423584,0.901212215423584
0.9484978318214417,0.9005879759788513,0.9005879759788513
0.9098712205886841,0.9001551270484924,0.9001551270484924
0.9399141669273376,0.8997145295143127,0.8997145295143127
0.9484978318214417,0.8991493582725525,0.8991493582725525
0.9227467775344849,0.8987301588058472,0.8987301588058472
0.9270386099815369,0.8982378840446472,0.8982378840446472
0.9098712205886841,0.8977948427200317,0.8977948427200317
0.9184549450874329,0.8973520994186401,0.8973520994186401
0.9442059993743896,0.8969865441322327,0.8969865441322327
