accuracy,precision,recall
0.9227467775344849,0.8812903761863708,0.8812903761863708
0.8927038908004761,0.880131185054779,0.880131185054779
0.8884119987487793,0.8786482810974121,0.8786482810974121
0.8626609444618225,0.8773701786994934,0.8773701786994934
0.9098712205886841,0.8761717081069946,0.8761717081069946
0.9356223344802856,0.8751181364059448,0.8751181364059448
0.8626609444618225,0.8740015029907227,0.8740015029907227
0.8755365014076233,0.8728614449501038,0.8728614449501038
0.9184549450874329,0.8718564510345459,0.8718564510345459
0.9184549450874329,0.8708641529083252,0.8708641529083252
0.8712446093559265,0.8692463636398315,0.8692463636398315
0.9055793881416321,0.8680275678634644,0.8680275678634644
0.8583691120147705,0.8668972253799438,0.8668972253799438
0.8841201663017273,0.8657200932502747,0.8657200932502747
0.8454935550689697,0.864615797996521,0.864615797996521
0.9313304424285889,0.8635775446891785,0.8635775446891785
0.9055793881416321,0.8623693585395813,0.8623693585395813
0.8969957232475281,0.8615294694900513,0.8615294694900513
0.9141631126403809,0.8606842160224915,0.8606842160224915
0.8669527769088745,0.8595000505447388,0.8595000505447388
0.9012875556945801,0.8583071827888489,0.8583071827888489
0.9012875556945801,0.857268750667572,0.857268750667572
0.8540772795677185,0.8564801216125488,0.8564801216125488
0.8927038908004761,0.8555848598480225,0.8555848598480225
0.9098712205886841,0.8545384407043457,0.8545384407043457
0.9055793881416321,0.8536482453346252,0.8536482453346252
0.9055793881416321,0.8526335954666138,0.8526335954666138
0.9012875556945801,0.851844310760498,0.851844310760498
0.8626609444618225,0.8509135246276855,0.8509135246276855
0.9313304424285889,0.8503016233444214,0.8503016233444214
