accuracy,precision,recall
0.9570815563201904,0.7474601864814758,0.7474600672721863
0.9227467775344849,0.7475987672805786,0.7475987672805786
0.9484978318214417,0.747740626335144,0.7477405667304993
0.9227467775344849,0.7478542923927307,0.7478542327880859
0.9527897238731384,0.7479881048202515,0.7479881048202515
0.9399141669273376,0.7481307983398438,0.748130738735199
0.9527897238731384,0.7482670545578003,0.7482669949531555
0.9227467775344849,0.7483859658241272,0.7483858466148376
0.9484978318214417,0.748522162437439,0.7485220432281494
0.9442059993743896,0.7486518621444702,0.7486516237258911
0.9184549450874329,0.7487745881080627,0.748774528503418
0.9570815563201904,0.7489161491394043,0.74891597032547
0.9442059993743896,0.7490230798721313,0.7490229606628418
0.9313304424285889,0.7491281032562256,0.7491280436515808
0.9313304424285889,0.7492666840553284,0.7492666244506836
0.9184549450874329,0.7493988275527954,0.7493987679481506
0.9356223344802856,0.7494925856590271,0.7494925856590271
0.9227467775344849,0.7496318221092224,0.7496318221092224
0.9442059993743896,0.749761164188385,0.7497610449790955
0.9527897238731384,0.7498561143875122,0.7498560547828674
0.9399141669273376,0.7499514222145081,0.7499513626098633
0.9570815563201904,0.7500587105751038,0.7500587105751038
0.9442059993743896,0.7501804828643799,0.7501803636550903
0.9270386099815369,0.7503147125244141,0.7503145337104797
0.9399141669273376,0.750425398349762,0.750425398349762
0.9527897238731384,0.7505531907081604,0.7505531311035156
0.9484978318214417,0.7506794929504395,0.7506794333457947
0.9399141669273376,0.7507944107055664,0.7507942914962769
0.9356223344802856,0.7509127855300903,0.7509127259254456
0.9527897238731384,0.7510545253753662,0.7510543465614319
