accuracy,precision,recall
0.9399141669273376,0.7511405348777771,0.7511405348777771
0.9399141669273376,0.751224935054779,0.7512247562408447
0.9098712205886841,0.7512852549552917,0.751285195350647
0.9527897238731384,0.7513599991798401,0.7513599991798401
0.9313304424285889,0.7514711618423462,0.7514711618423462
0.9570815563201904,0.7515547275543213,0.7515546083450317
0.9227467775344849,0.7516196966171265,0.7516195178031921
0.9313304424285889,0.7517089247703552,0.7517088055610657
0.9313304424285889,0.7517723441123962,0.7517723441123962
0.9055793881416321,0.7518172860145569,0.7518171072006226
0.9613733887672424,0.7518972754478455,0.7518972158432007
0.9484978318214417,0.7519245743751526,0.7519245147705078
0.9227467775344849,0.7519788146018982,0.7519786357879639
0.9356223344802856,0.7520512938499451,0.7520511746406555
0.9270386099815369,0.7521401047706604,0.7521400451660156
0.9184549450874329,0.7521921396255493,0.7521920800209045
0.9313304424285889,0.7522823810577393,0.7522822618484497
0.9356223344802856,0.7523565888404846,0.7523565888404846
0.9442059993743896,0.7523971199989319,0.7523970603942871
0.9313304424285889,0.7524380087852478,0.752437949180603
0.9613733887672424,0.7524709701538086,0.7524709701538086
0.9098712205886841,0.7525263428688049,0.7525263428688049
0.9270386099815369,0.7526017427444458,0.752601683139801
0.9442059993743896,0.7526541352272034,0.7526540756225586
0.9699570536613464,0.7527222037315369,0.7527221441268921
0.9356223344802856,0.7527662515640259,0.7527661919593811
0.9484978318214417,0.7528132796287537,0.7528132200241089
0.9184549450874329,0.7528653740882874,0.7528653144836426
0.9527897238731384,0.7529504895210266,0.7529503107070923
0.9313304424285889,0.7530499696731567,0.7530498504638672
