accuracy,precision,recall
0.8669527769088745,0.8492025136947632,0.8492025136947632
0.8412017226219177,0.8479102849960327,0.8479102849960327
0.8540772795677185,0.8465601205825806,0.8465601205825806
0.8927038908004761,0.845369279384613,0.845369279384613
0.8969957232475281,0.8441468477249146,0.8441468477249146
0.8111587762832642,0.8429830074310303,0.8429830074310303
0.8240343332290649,0.8418041467666626,0.8418041467666626
0.8884119987487793,0.8408318758010864,0.8408318758010864
0.8712446093559265,0.8399093151092529,0.8399093151092529
0.7424892783164978,0.8383987545967102,0.8383987545967102
0.8283261656761169,0.837308406829834,0.837308406829834
0.8068669438362122,0.8361186981201172,0.8361186981201172
0.8412017226219177,0.8350815176963806,0.8350815176963806
0.8412017226219177,0.8341217041015625,0.8341217041015625
0.9098712205886841,0.8329986333847046,0.8329986333847046
0.8841201663017273,0.8319530487060547,0.8319530487060547
0.8497853875160217,0.8311350345611572,0.8311350345611572
0.8669527769088745,0.8302441835403442,0.8302441835403442
0.7982832789421082,0.8293431401252747,0.8293431401252747
0.8927038908004761,0.8282074928283691,0.8282074928283691
0.8669527769088745,0.8271592855453491,0.8271592855453491
0.8240343332290649,0.8263115882873535,0.8263115882873535
0.9012875556945801,0.8253406286239624,0.8253406286239624
0.8583691120147705,0.824455976486206,0.824455976486206
0.8540772795677185,0.823596715927124,0.823596715927124
0.7811158895492554,0.8226085305213928,0.8226085305213928
0.8626609444618225,0.821718692779541,0.821718692779541
0.8540772795677185,0.8206462860107422,0.8206462860107422
0.9055793881416321,0.8198517560958862,0.8198517560958862
0.8755365014076233,0.8193024396896362,0.8193024396896362
