accuracy,precision,recall
0.7381974458694458,0.8179714679718018,0.8179714679718018
0.7811158895492554,0.8167954087257385,0.8167954087257385
0.7768240571022034,0.8156351447105408,0.8156351447105408
0.7768240571022034,0.8145051598548889,0.8145051598548889
0.7939913868904114,0.8135252594947815,0.8135252594947815
0.6738197207450867,0.8126406073570251,0.8126406073570251
0.8583691120147705,0.8116031885147095,0.8116031885147095
0.7381974458694458,0.8105336427688599,0.8105336427688599
0.5622317790985107,0.809264063835144,0.809264063835144
0.7081544995307922,0.808283269405365,0.808283269405365
0.6824034452438354,0.8073485493659973,0.8073485493659973
0.7596566677093506,0.8062849640846252,0.8062849640846252
0.7896995544433594,0.8053479194641113,0.8053479194641113
0.8283261656761169,0.8043630123138428,0.8043630123138428
0.7639485001564026,0.8033926486968994,0.8033926486968994
0.8412017226219177,0.8024862408638,0.8024862408638
0.7596566677093506,0.8016468286514282,0.8016468286514282
0.7510729432106018,0.800885021686554,0.800885021686554
0.7768240571022034,0.7998207807540894,0.7998207807540894
0.7510729432106018,0.7988613843917847,0.7988613843917847
0.7639485001564026,0.7980374097824097,0.7980374097824097
0.6995708346366882,0.797153651714325,0.797153651714325
0.7725321650505066,0.7964164018630981,0.7964164018630981
0.7510729432106018,0.7956458330154419,0.7956458330154419
0.7424892783164978,0.7948368191719055,0.7948368191719055
0.6824034452438354,0.7940240502357483,0.7940240502357483
0.7639485001564026,0.7930407524108887,0.7930407524108887
0.8068669438362122,0.7922720313072205,0.7922720313072205
0.8068669438362122,0.7916561365127563,0.7916561365127563
0.7381974458694458,0.7909736633300781,0.7909736633300781
