accuracy,precision,recall
0.8798283338546753,0.8782548308372498,0.8782548308372498
0.9227467775344849,0.8775632977485657,0.8775632977485657
0.8969957232475281,0.877019464969635,0.877019464969635
0.9270386099815369,0.8764815330505371,0.8764815330505371
0.8841201663017273,0.8759238719940186,0.8759238719940186
0.8798283338546753,0.8752557039260864,0.8752557039260864
0.9055793881416321,0.8747768402099609,0.8747768402099609
0.9055793881416321,0.8741928339004517,0.8741928339004517
0.9012875556945801,0.8733874559402466,0.8733874559402466
0.9227467775344849,0.8727526068687439,0.8727526068687439
0.9012875556945801,0.872076690196991,0.872076690196991
0.8927038908004761,0.8714116811752319,0.8714116811752319
0.9184549450874329,0.8707792162895203,0.8707792162895203
0.9141631126403809,0.870262622833252,0.870262622833252
0.9141631126403809,0.8695970177650452,0.8695970177650452
0.8969957232475281,0.8691186904907227,0.8691186904907227
0.9227467775344849,0.868666410446167,0.868666410446167
0.8712446093559265,0.868010401725769,0.868010401725769
0.9227467775344849,0.8673456907272339,0.8673456907272339
0.9356223344802856,0.8667376637458801,0.8667376637458801
0.8798283338546753,0.8662595152854919,0.8662595152854919
0.9098712205886841,0.8657253384590149,0.8657253384590149
0.9012875556945801,0.8651170134544373,0.8651170134544373
0.9313304424285889,0.8645907640457153,0.8645907640457153
0.9098712205886841,0.8640288710594177,0.8640288710594177
0.9141631126403809,0.8634529709815979,0.8634529709815979
0.9098712205886841,0.8629574775695801,0.8629574775695801
0.9484978318214417,0.8625506162643433,0.8625506162643433
0.8927038908004761,0.8622362017631531,0.8622362017631531
0.9012875556945801,0.8616605401039124,0.8616605401039124
