accuracy,precision,recall
0.8969957232475281,0.7536126375198364,0.7536124587059021
0.9184549450874329,0.7535978555679321,0.7535977959632874
0.9012875556945801,0.7536101341247559,0.7536099553108215
0.8927038908004761,0.7535910606384277,0.7535908818244934
0.8755365014076233,0.7535932660102844,0.7535932064056396
0.8884119987487793,0.753606915473938,0.7536067962646484
0.9098712205886841,0.7535952925682068,0.753595232963562
0.8969957232475281,0.7535126209259033,0.7535125017166138
0.9270386099815369,0.753475546836853,0.753475546836853
0.9141631126403809,0.7534375190734863,0.7534374594688416
0.8927038908004761,0.7534148693084717,0.7534147500991821
0.9141631126403809,0.7534059286117554,0.7534058094024658
0.9098712205886841,0.7534095048904419,0.7534093260765076
0.8712446093559265,0.7533571124076843,0.7533570528030396
0.9098712205886841,0.7533725500106812,0.7533724308013916
0.8969957232475281,0.7533804178237915,0.753380298614502
0.8755365014076233,0.7533266544342041,0.7533265948295593
0.8927038908004761,0.7532845735549927,0.7532844543457031
0.9527897238731384,0.753234326839447,0.7532342672348022
0.9055793881416321,0.7532205581665039,0.7532205581665039
0.9055793881416321,0.7532070875167847,0.7532069683074951
0.9356223344802856,0.7531638145446777,0.7531636953353882
0.9270386099815369,0.7531344294548035,0.7531343698501587
0.9055793881416321,0.7531053423881531,0.7531052827835083
0.9313304424285889,0.7530906200408936,0.753090500831604
0.9098712205886841,0.7530584931373596,0.7530584335327148
0.9484978318214417,0.7530617713928223,0.7530616521835327
0.9313304424285889,0.7530789375305176,0.7530788779258728
0.8969957232475281,0.7530405521392822,0.7530405521392822
0.9527897238731384,0.7530399560928345,0.7530399560928345
