accuracy,precision,recall
0.2660944163799286,0.7657356262207031,0.7657356262207031
0.3862660825252533,0.7651325464248657,0.7651325464248657
0.30042919516563416,0.7644848227500916,0.7644848227500916
0.2403433471918106,0.7638244032859802,0.7638244032859802
0.2618025839328766,0.7630440592765808,0.7630440592765808
0.3648068606853485,0.7623879909515381,0.7623879909515381
0.28326180577278137,0.7617236375808716,0.7617236375808716
0.22746780514717102,0.7611352801322937,0.7611352801322937
0.33476394414901733,0.7604060769081116,0.7604060769081116
0.2403433471918106,0.7597373127937317,0.7597373127937317
0.20171673595905304,0.7590246200561523,0.7590246200561523
0.278969943523407,0.7583527565002441,0.7583527565002441
0.21030043065547943,0.7577804923057556,0.7577804923057556
0.4849785268306732,0.7571609616279602,0.7571609616279602
0.4721029996871948,0.7566820383071899,0.7566820383071899
0.3433476388454437,0.7561933398246765,0.7561933398246765
0.16738197207450867,0.7556367516517639,0.7556367516517639
0.2618025839328766,0.7550491690635681,0.7550491690635681
0.18884120881557465,0.7545884251594543,0.7545884251594543
0.32618024945259094,0.7541248202323914,0.7541248202323914
0.23175965249538422,0.7535086870193481,0.7535086870193481
0.30901288986206055,0.7528989911079407,0.7528989911079407
0.31330472230911255,0.7524468898773193,0.7524468898773193
0.29184550046920776,0.7519345879554749,0.7519345879554749
0.18025751411914825,0.7515035271644592,0.7515035271644592
0.41201716661453247,0.7509676218032837,0.7509676218032837
0.497854083776474,0.7502638101577759,0.7502638101577759
0.31759655475616455,0.749703586101532,0.749703586101532
0.278969943523407,0.7491784691810608,0.7491784691810608
0.2532188892364502,0.7488086223602295,0.7488086223602295
