accuracy,precision,recall
0.8841201663017273,0.8278720378875732,0.8278720378875732
0.8412017226219177,0.8273204565048218,0.8273204565048218
0.7725321650505066,0.8267419338226318,0.8267419338226318
0.8798283338546753,0.8262472748756409,0.8262472748756409
0.8497853875160217,0.8257429003715515,0.8257429003715515
0.8068669438362122,0.8250436186790466,0.8250436186790466
0.8068669438362122,0.8244905471801758,0.8244905471801758
0.7939913868904114,0.8239192962646484,0.8239192962646484
0.7896995544433594,0.8233882188796997,0.8233882188796997
0.8025751113891602,0.8228486180305481,0.8228486180305481
0.8798283338546753,0.8222767114639282,0.8222767114639282
0.8712446093559265,0.8216965198516846,0.8216965198516846
0.8669527769088745,0.8212368488311768,0.8212368488311768
0.8626609444618225,0.8207375407218933,0.8207375407218933
0.8369098901748657,0.820285975933075,0.820285975933075
0.8454935550689697,0.8196786642074585,0.8196786642074585
0.8669527769088745,0.8190982937812805,0.8190982937812805
0.8412017226219177,0.8186267614364624,0.8186267614364624
0.8283261656761169,0.8180935382843018,0.8180935382843018
0.8283261656761169,0.8176233768463135,0.8176233768463135
0.8111587762832642,0.8171461820602417,0.8171461820602417
0.7896995544433594,0.8165866732597351,0.8165866732597351
0.832617998123169,0.816088080406189,0.816088080406189
0.8497853875160217,0.8154662251472473,0.8154662251472473
0.9012875556945801,0.8149843215942383,0.8149843215942383
0.8712446093559265,0.8146414756774902,0.8146414756774902
0.8626609444618225,0.8141629695892334,0.8141629695892334
0.8497853875160217,0.8136914968490601,0.8136914968490601
0.8240343332290649,0.8130965232849121,0.8130965232849121
0.7596566677093506,0.8126853704452515,0.8126853704452515
