accuracy,precision,recall
0.8798283338546753,0.7511826753616333,0.7511826157569885
0.8540772795677185,0.7511054277420044,0.7511053085327148
0.8283261656761169,0.7510250806808472,0.7510250210762024
0.7939913868904114,0.7509578466415405,0.7509577870368958
0.8712446093559265,0.7508761286735535,0.7508761286735535
0.832617998123169,0.7507473826408386,0.7507472038269043
0.8755365014076233,0.7506438493728638,0.750643789768219
0.8369098901748657,0.7505658864974976,0.7505658268928528
0.8412017226219177,0.7504904866218567,0.7504904866218567
0.8884119987487793,0.7504108548164368,0.750410795211792
0.8841201663017273,0.7503401637077332,0.7503401041030884
0.8969957232475281,0.7502309679985046,0.7502309083938599
0.8841201663017273,0.7501912117004395,0.7501910924911499
0.8841201663017273,0.7501004338264465,0.7501003742218018
0.7939913868904114,0.7500208020210266,0.7500207424163818
0.8884119987487793,0.7498897314071655,0.7498896718025208
0.8626609444618225,0.7497730255126953,0.7497729659080505
0.8454935550689697,0.7497028112411499,0.7497027516365051
0.8583691120147705,0.7496063709259033,0.7496063709259033
0.8669527769088745,0.7495229244232178,0.749522864818573
0.8841201663017273,0.7494195699691772,0.7494195103645325
0.8540772795677185,0.7493095397949219,0.7493094205856323
0.8841201663017273,0.749224066734314,0.7492239475250244
0.8240343332290649,0.7491106390953064,0.7491105794906616
0.9055793881416321,0.7490381002426147,0.7490379810333252
0.8969957232475281,0.7489856481552124,0.7489855289459229
0.8369098901748657,0.7489098310470581,0.7489098310470581
0.9055793881416321,0.7488254308700562,0.7488254308700562
0.8412017226219177,0.7486938834190369,0.7486938238143921
0.9012875556945801,0.7485849261283875,0.7485849261283875
