accuracy,precision,recall
0.932330846786499,0.939793050289154,0.9886554479598999
0.9295112490653992,0.939914882183075,0.9886556267738342
0.9342105388641357,0.940035343170166,0.9886566400527954
0.9389097690582275,0.9401587247848511,0.9886597990989685
0.9379699230194092,0.9402770400047302,0.9886590242385864
0.9407894611358643,0.9403970837593079,0.9886608123779297
0.9370300769805908,0.9405121207237244,0.988657534122467
0.9351503849029541,0.9406323432922363,0.9886590242385864
0.9285714030265808,0.9407532811164856,0.988662838935852
0.9219924807548523,0.9408721923828125,0.9886665344238281
0.9370300769805908,0.9409922361373901,0.9886708855628967
0.9417293071746826,0.9411068558692932,0.9886701107025146
0.9379699230194092,0.9412217140197754,0.9886703491210938
0.9295112490653992,0.9413374662399292,0.9886689782142639
0.9473684430122375,0.9414553642272949,0.9886740446090698
0.9389097690582275,0.9415701627731323,0.988675057888031
0.9351503849029541,0.9416829347610474,0.9886746406555176
0.9304511547088623,0.9417967200279236,0.9886759519577026
0.9342105388641357,0.9419101476669312,0.9886780977249146
0.9379699230194092,0.9420207738876343,0.9886777400970459
0.9360902309417725,0.9421348571777344,0.9886804223060608
0.9332706928253174,0.9422475099563599,0.9886832237243652
0.9266917109489441,0.9423604607582092,0.9886856079101562
0.9360902309417725,0.9424704313278198,0.9886856079101562
0.9436089992523193,0.9425826072692871,0.9886891841888428
0.9257518649101257,0.9426922798156738,0.9886903166770935
0.9360902309417725,0.9428019523620605,0.9886918663978577
0.9332706928253174,0.9429097175598145,0.9886932373046875
0.9285714030265808,0.9430184364318848,0.9886937737464905
0.9360902309417725,0.9431290626525879,0.9886977076530457
