accuracy,precision,recall
0.9276315569877625,0.9432259798049927,0.9886988401412964
0.9342105388641357,0.9433192014694214,0.9886937141418457
0.9332706928253174,0.943413257598877,0.9886919856071472
0.942669153213501,0.9435113072395325,0.988693356513977
0.9313910007476807,0.9436056613922119,0.9886916875839233
0.9379699230194092,0.9436993598937988,0.988690197467804
0.9407894611358643,0.943792462348938,0.9886876344680786
0.9379699230194092,0.9438838958740234,0.9886837005615234
0.9304511547088623,0.9439792633056641,0.9886837005615234
0.9276315569877625,0.9440732002258301,0.9886842370033264
0.9257518649101257,0.9441670775413513,0.9886844754219055
0.9389097690582275,0.9442572593688965,0.9886802434921265
0.9332706928253174,0.9443491697311401,0.9886780977249146
0.9295112490653992,0.944442868232727,0.9886793494224548
0.932330846786499,0.9445376396179199,0.9886812567710876
0.9295112490653992,0.9446276426315308,0.9886801242828369
0.9379699230194092,0.9447207450866699,0.9886819124221802
0.932330846786499,0.9448143243789673,0.9886837005615234
0.9332706928253174,0.9449023008346558,0.9886794090270996
0.9313910007476807,0.9449938535690308,0.9886792302131653
0.9304511547088623,0.9450854063034058,0.9886806607246399
0.9370300769805908,0.945175290107727,0.9886804223060608
0.9172932505607605,0.9452657103538513,0.9886804223060608
0.9266917109489441,0.9453544616699219,0.988678514957428
0.9313910007476807,0.9454442262649536,0.9886798858642578
0.9332706928253174,0.9455333948135376,0.9886798858642578
0.9313910007476807,0.9456201195716858,0.9886783361434937
0.9313910007476807,0.9457093477249146,0.988678514957428
0.9304511547088623,0.9457964897155762,0.9886761903762817
0.9248120188713074,0.9458845853805542,0.9886770844459534
