accuracy,precision,recall
0.9304511547088623,0.9945011138916016,0.9911384582519531
0.9332706928253174,0.9944953918457031,0.9911291599273682
0.9304511547088623,0.9944920539855957,0.9911214113235474
0.9342105388641357,0.994491696357727,0.9911175966262817
0.9360902309417725,0.9944860935211182,0.9911079406738281
0.9370300769805908,0.9944854974746704,0.9911033511161804
0.9407894611358643,0.9944801330566406,0.9910935759544373
0.9313910007476807,0.9944761991500854,0.9910868406295776
0.9304511547088623,0.9944755434989929,0.991083025932312
0.9201127886772156,0.9944721460342407,0.9910759925842285
0.9295112490653992,0.9944669008255005,0.9910680055618286
0.942669153213501,0.9944615960121155,0.9910597801208496
0.9304511547088623,0.9944591522216797,0.991052508354187
0.9276315569877625,0.9944591522216797,0.9910483360290527
0.9454887509346008,0.9944572448730469,0.991043210029602
0.9351503849029541,0.9944539666175842,0.9910373687744141
0.9417293071746826,0.9944520592689514,0.9910321831703186
0.9360902309417725,0.9944512844085693,0.991028368473053
0.9351503849029541,0.9944470524787903,0.9910202026367188
0.9276315569877625,0.9944431185722351,0.9910128116607666
0.9304511547088623,0.9944424629211426,0.9910097718238831
0.9342105388641357,0.9944404363632202,0.9910050630569458
0.9313910007476807,0.9944369196891785,0.9909989833831787
0.9351503849029541,0.994433581829071,0.9909922480583191
0.9313910007476807,0.9944339990615845,0.9909898042678833
0.9229323267936707,0.9944324493408203,0.990985631942749
0.9248120188713074,0.9944310188293457,0.9909802675247192
0.932330846786499,0.9944286346435547,0.9909744262695312
0.9257518649101257,0.9944249391555786,0.990966796875
0.9304511547088623,0.9944230318069458,0.9909610748291016
