accuracy,precision,recall
0.9276315569877625,0.9943435788154602,0.9907763004302979
0.9229323267936707,0.9943394660949707,0.9907680749893188
0.9144737124443054,0.9943356513977051,0.9907606840133667
0.9436089992523193,0.994333803653717,0.990753710269928
0.9351503849029541,0.9943299889564514,0.9907459020614624
0.9276315569877625,0.9943282008171082,0.9907404780387878
0.9191729426383972,0.994323194026947,0.990731418132782
0.9182330965995789,0.994320273399353,0.9907245635986328
0.9295112490653992,0.9943180084228516,0.9907189607620239
0.9295112490653992,0.9943148493766785,0.9907124638557434
0.9313910007476807,0.9943131804466248,0.9907073974609375
0.9417293071746826,0.9943090081214905,0.9907006621360779
0.9229323267936707,0.9943063259124756,0.9906926155090332
0.9398496150970459,0.9943051338195801,0.9906882047653198
0.9370300769805908,0.9943046569824219,0.9906829595565796
0.923872172832489,0.9943026304244995,0.9906774163246155
0.9370300769805908,0.9943004846572876,0.990671694278717
0.9285714030265808,0.9942978024482727,0.9906659722328186
0.9351503849029541,0.9942950010299683,0.9906579256057739
0.9266917109489441,0.9942913055419922,0.9906502962112427
0.9360902309417725,0.9942911863327026,0.990646243095398
0.9304511547088623,0.9942896366119385,0.9906405210494995
0.9191729426383972,0.9942878484725952,0.9906350374221802
0.923872172832489,0.9942842125892639,0.9906274080276489
0.9266917109489441,0.9942823052406311,0.9906214475631714
0.9182330965995789,0.994280219078064,0.9906144142150879
0.9266917109489441,0.9942784309387207,0.9906091094017029
0.9266917109489441,0.9942761659622192,0.990603506565094
0.9154135584831238,0.9942742586135864,0.9905972480773926
0.9276315569877625,0.9942725896835327,0.9905917048454285
