accuracy,precision,recall
0.923872172832489,0.9938015937805176,0.9906158447265625
0.9248120188713074,0.9937978386878967,0.9906086921691895
0.9210526347160339,0.9937934875488281,0.9906004667282104
0.9417293071746826,0.993789792060852,0.9905929565429688
0.9379699230194092,0.9937843084335327,0.9905835390090942
0.9248120188713074,0.9937815070152283,0.9905757904052734
0.9163534045219421,0.993774950504303,0.9905662536621094
0.9172932505607605,0.993772029876709,0.9905587434768677
0.9154135584831238,0.9937677979469299,0.9905523657798767
0.9304511547088623,0.9937647581100464,0.9905452728271484
0.9219924807548523,0.9937604069709778,0.9905378818511963
0.9332706928253174,0.9937577843666077,0.9905320405960083
0.9257518649101257,0.9937542080879211,0.9905242919921875
0.9313910007476807,0.9937520623207092,0.9905166625976562
0.9266917109489441,0.9937508702278137,0.9905110597610474
0.9248120188713074,0.9937478303909302,0.9905054569244385
0.9257518649101257,0.9937443733215332,0.9904980659484863
0.9276315569877625,0.9937419891357422,0.9904922246932983
0.9201127886772156,0.9937368035316467,0.9904828667640686
0.9191729426383972,0.9937347173690796,0.9904769659042358
0.9276315569877625,0.9937324523925781,0.9904708862304688
0.9229323267936707,0.9937289953231812,0.9904637932777405
0.9125939607620239,0.9937268495559692,0.9904576539993286
0.9182330965995789,0.9937215447425842,0.9904486536979675
0.9389097690582275,0.9937189817428589,0.9904428124427795
0.9219924807548523,0.9937154054641724,0.9904365539550781
0.9257518649101257,0.9937114715576172,0.9904292821884155
0.9295112490653992,0.9937080144882202,0.9904223084449768
0.9107142686843872,0.993704080581665,0.990415096282959
0.9295112490653992,0.9937020540237427,0.9904098510742188
