accuracy,precision,recall
0.9201127886772156,0.9524116516113281,0.988232433795929
0.8975563645362854,0.9524403810501099,0.9882264137268066
0.9154135584831238,0.9524688720703125,0.98822021484375
0.9257518649101257,0.9524991512298584,0.988214373588562
0.9078947305679321,0.9525279998779297,0.9882077574729919
0.9088345766067505,0.9525564908981323,0.988201379776001
0.9060150384902954,0.9525837898254395,0.9881936311721802
0.902255654335022,0.9526129364967346,0.9881879091262817
0.9107142686843872,0.9526410102844238,0.9881814122200012
0.9041353464126587,0.9526691436767578,0.9881739616394043
0.9116541147232056,0.9526968598365784,0.9881673455238342
0.9201127886772156,0.9527249336242676,0.9881612062454224
0.9116541147232056,0.9527536034584045,0.9881556034088135
0.9276315569877625,0.9527831077575684,0.9881492853164673
0.9003759622573853,0.9528120756149292,0.9881439208984375
0.9125939607620239,0.9528408050537109,0.9881380796432495
0.9144737124443054,0.9528692960739136,0.9881318211555481
0.9210526347160339,0.9528975486755371,0.9881263971328735
0.9041353464126587,0.952926516532898,0.9881211519241333
0.9041353464126587,0.9529547095298767,0.9881145358085632
0.9285714030265808,0.9529833197593689,0.9881094694137573
0.9107142686843872,0.9530123472213745,0.9881042242050171
0.9003759622573853,0.9530409574508667,0.9880982637405396
0.9276315569877625,0.9530677795410156,0.9880906343460083
0.9266917109489441,0.9530962705612183,0.9880849123001099
0.905075192451477,0.9531230926513672,0.9880779385566711
0.9135338068008423,0.9531514644622803,0.9880716800689697
0.9163534045219421,0.953178882598877,0.9880656003952026
0.9069548845291138,0.9532068967819214,0.9880584478378296
0.9229323267936707,0.9532352685928345,0.9880528450012207
