accuracy,precision,recall
0.9097744226455688,0.9532567262649536,0.9880465269088745
0.896616518497467,0.9532778263092041,0.9880391359329224
0.9088345766067505,0.9532971382141113,0.9880313873291016
0.9088345766067505,0.9533184170722961,0.9880242943763733
0.8984962701797485,0.9533387422561646,0.9880162477493286
0.8984962701797485,0.9533599615097046,0.9880091547966003
0.8919172883033752,0.9533786773681641,0.9879996180534363
0.893796980381012,0.9533997774124146,0.9879932403564453
0.8928571343421936,0.9534206390380859,0.9879856109619141
0.8900375962257385,0.9534401893615723,0.9879779815673828
0.9041353464126587,0.953460693359375,0.9879699945449829
0.8984962701797485,0.9534811973571777,0.9879628419876099
0.902255654335022,0.9535016417503357,0.9879555702209473
0.9107142686843872,0.9535222053527832,0.9879494905471802
0.8928571343421936,0.9535427093505859,0.9879422187805176
0.8947368264198303,0.953562319278717,0.9879341125488281
0.9078947305679321,0.9535832405090332,0.9879270195960999
0.9031955003738403,0.9536042213439941,0.9879202842712402
0.9031955003738403,0.9536248445510864,0.9879132509231567
0.8947368264198303,0.9536442756652832,0.9879042506217957
0.9088345766067505,0.9536654353141785,0.9878984093666077
0.8825187683105469,0.9536862969398499,0.9878923892974854
0.8947368264198303,0.9537067413330078,0.9878846406936646
0.9154135584831238,0.953726053237915,0.9878768920898438
0.9172932505607605,0.9537467956542969,0.9878697991371155
0.8919172883033752,0.9537665247917175,0.9878622889518738
0.9041353464126587,0.9537868499755859,0.9878553748130798
0.9144737124443054,0.9538069367408752,0.987848162651062
0.9003759622573853,0.953826904296875,0.987841010093689
0.9210526347160339,0.9538469910621643,0.987833559513092
