accuracy,precision,recall
0.9097744226455688,0.9934673309326172,0.9899371862411499
0.8947368264198303,0.9934622645378113,0.9899284243583679
0.9088345766067505,0.9934577941894531,0.9899196624755859
0.9088345766067505,0.9934543371200562,0.9899106621742249
0.9041353464126587,0.9934498071670532,0.9899024963378906
0.902255654335022,0.9934453368186951,0.9898945093154907
0.8919172883033752,0.9934390783309937,0.9898836612701416
0.8975563645362854,0.993435263633728,0.989875316619873
0.8872180581092834,0.9934296607971191,0.9898663759231567
0.8890977501869202,0.9934238195419312,0.9898566007614136
0.9154135584831238,0.9934187531471252,0.9898473024368286
0.8947368264198303,0.993414580821991,0.9898388981819153
0.9078947305679321,0.9934101104736328,0.9898300170898438
0.905075192451477,0.9934064149856567,0.989822506904602
0.8956766724586487,0.993401825428009,0.9898142218589783
0.896616518497467,0.9933967590332031,0.9898053407669067
0.9060150384902954,0.993393063545227,0.9897975921630859
0.8947368264198303,0.9933876991271973,0.9897880554199219
0.9031955003738403,0.993384063243866,0.9897805452346802
0.8919172883033752,0.9933799505233765,0.9897723197937012
0.9107142686843872,0.9933757781982422,0.9897637963294983
0.8900375962257385,0.9933720827102661,0.9897559881210327
0.8900375962257385,0.9933676719665527,0.9897467494010925
0.9135338068008423,0.993362545967102,0.9897370934486389
0.9172932505607605,0.9933577179908752,0.9897275567054749
0.8909774422645569,0.9933531284332275,0.9897186160087585
0.9088345766067505,0.9933488368988037,0.9897105097770691
0.9135338068008423,0.993344247341156,0.9897024631500244
0.9060150384902954,0.9933396577835083,0.9896932244300842
0.9144737124443054,0.9933348298072815,0.9896845817565918
