accuracy,precision,recall
0.8063910007476807,0.9544653296470642,0.9873160123825073
0.7951127886772156,0.9544664025306702,0.9873071312904358
0.7941729426383972,0.9544678926467896,0.9872977137565613
0.8120300769805908,0.9544690251350403,0.9872880578041077
0.7885338068008423,0.9544702172279358,0.9872792363166809
0.7885338068008423,0.954471230506897,0.9872695803642273
0.7734962701797485,0.9544727206230164,0.9872612953186035
0.7810150384902954,0.9544740319252014,0.9872521758079529
0.817669153213501,0.9544758796691895,0.987244188785553
0.768796980381012,0.954476535320282,0.9872344732284546
0.7960526347160339,0.954477846622467,0.9872252345085144
0.7951127886772156,0.954477846622467,0.9872146844863892
0.7509398460388184,0.954479455947876,0.9872055053710938
0.8092105388641357,0.9544806480407715,0.9871967434883118
0.7659774422645569,0.9544818997383118,0.9871883392333984
0.7725563645362854,0.9544817805290222,0.9871776700019836
0.771616518497467,0.9544835686683655,0.9871691465377808
0.7875939607620239,0.9544842839241028,0.9871602058410645
0.7810150384902954,0.9544854760169983,0.9871514439582825
0.826127827167511,0.9544873833656311,0.9871430993080139
0.7781955003738403,0.9544892907142639,0.9871350526809692
0.8054511547088623,0.954491138458252,0.9871264100074768
0.7979323267936707,0.9544920921325684,0.9871169924736023
0.7913534045219421,0.9544934630393982,0.9871083498001099
0.7546992301940918,0.9544950127601624,0.9870986938476562
0.768796980381012,0.9544958472251892,0.9870893955230713
0.7875939607620239,0.9544969201087952,0.9870810508728027
0.7678571343421936,0.9544973969459534,0.9870712161064148
0.7941729426383972,0.9544971585273743,0.9870609045028687
0.8110902309417725,0.954498827457428,0.9870516657829285
