accuracy,precision,recall
0.9360902309417725,0.8364877104759216,0.983347475528717
0.9389097690582275,0.8381874561309814,0.983450710773468
0.942669153213501,0.8398510217666626,0.9835538268089294
0.9454887509346008,0.8414777517318726,0.9836539030075073
0.9398496150970459,0.8430721759796143,0.9837536811828613
0.9351503849029541,0.8446446657180786,0.9838626980781555
0.9351503849029541,0.8461743593215942,0.9839529395103455
0.9407894611358643,0.8476712107658386,0.9840441346168518
0.9351503849029541,0.8491433262825012,0.9841398596763611
0.9379699230194092,0.850587010383606,0.9842324256896973
0.9370300769805908,0.8520050048828125,0.9843209385871887
0.9360902309417725,0.8533843159675598,0.9843957424163818
0.9436089992523193,0.8547430634498596,0.9844804406166077
0.9417293071746826,0.8560757637023926,0.9845606684684753
0.9436089992523193,0.8573867082595825,0.9846444129943848
0.9407894611358643,0.8586764931678772,0.9847304224967957
0.9445488452911377,0.8599340915679932,0.9848043918609619
0.9407894611358643,0.8611701130867004,0.9848771095275879
0.9436089992523193,0.8623815178871155,0.9849457740783691
0.9417293071746826,0.8635724186897278,0.9850159883499146
0.951127827167511,0.8647408485412598,0.9850850701332092
0.9379699230194092,0.865892767906189,0.9851593971252441
0.9436089992523193,0.867029070854187,0.9852330684661865
0.942669153213501,0.8681387305259705,0.9852976202964783
0.9370300769805908,0.8692296147346497,0.9853624701499939
0.9398496150970459,0.8703011870384216,0.9854243993759155
0.9379699230194092,0.8713527917861938,0.985485315322876
0.9407894611358643,0.8723878264427185,0.9855455756187439
0.9342105388641357,0.8734076023101807,0.9856067895889282
0.9370300769805908,0.8744117021560669,0.9856667518615723
