accuracy,precision,recall
0.9389097690582275,0.9944348931312561,0.9919607639312744
0.9360902309417725,0.9944300055503845,0.9919548034667969
0.9304511547088623,0.9944201111793518,0.9919425845146179
0.9464285969734192,0.9944190979003906,0.9919360876083374
0.9379699230194092,0.9944157600402832,0.9919293522834778
0.9417293071746826,0.9944185614585876,0.9919285774230957
0.9351503849029541,0.9944132566452026,0.9919204711914062
0.9389097690582275,0.994409441947937,0.991915225982666
0.9295112490653992,0.9944076538085938,0.9919124841690063
0.9389097690582275,0.994408905506134,0.9919114112854004
0.9379699230194092,0.9944093227386475,0.9919095635414124
0.9351503849029541,0.9944005608558655,0.9919000267982483
0.9379699230194092,0.9943967461585999,0.9918937683105469
0.9389097690582275,0.9943985939025879,0.9918938875198364
0.9417293071746826,0.9944018125534058,0.9918946623802185
0.9360902309417725,0.9944005608558655,0.9918920993804932
0.9436089992523193,0.9943947792053223,0.9918828010559082
0.9360902309417725,0.9943966865539551,0.9918830990791321
0.9379699230194092,0.9943929314613342,0.9918744564056396
0.9417293071746826,0.994394838809967,0.9918732643127441
0.9360902309417725,0.994394838809967,0.9918694496154785
0.9407894611358643,0.9943947792053223,0.9918684363365173
0.9257518649101257,0.9943960905075073,0.9918683171272278
0.9351503849029541,0.9943929314613342,0.9918646216392517
0.9360902309417725,0.9943947792053223,0.9918650388717651
0.9379699230194092,0.9943884611129761,0.991857647895813
0.9313910007476807,0.9943891167640686,0.9918578863143921
0.9351503849029541,0.9943827390670776,0.9918504357337952
0.9360902309417725,0.9943794012069702,0.9918442964553833
0.9370300769805908,0.9943743348121643,0.9918370842933655
