accuracy,precision,recall
0.9389097690582275,0.8978170156478882,0.9869703650474548
0.9379699230194092,0.8983805775642395,0.9869959354400635
0.9360902309417725,0.8989405035972595,0.9870201349258423
0.9332706928253174,0.8994940519332886,0.9870470762252808
0.9417293071746826,0.9000425934791565,0.9870725274085999
0.9436089992523193,0.9005863070487976,0.9871012568473816
0.9417293071746826,0.9011194109916687,0.9871257543563843
0.9332706928253174,0.9016513228416443,0.987154483795166
0.9210526347160339,0.9021738767623901,0.987179160118103
0.9342105388641357,0.9026927351951599,0.9872078895568848
0.942669153213501,0.9032068252563477,0.9872360229492188
0.9276315569877625,0.9037108421325684,0.9872578978538513
0.9360902309417725,0.9042091369628906,0.9872811436653137
0.9389097690582275,0.9047050476074219,0.9873063564300537
0.9464285969734192,0.9051995873451233,0.9873340725898743
0.9379699230194092,0.9056835174560547,0.9873583316802979
0.9407894611358643,0.9061599969863892,0.9873790740966797
0.9454887509346008,0.9066389799118042,0.9874066710472107
0.9445488452911377,0.9071041941642761,0.9874256253242493
0.9436089992523193,0.9075720310211182,0.9874496459960938
0.9389097690582275,0.9080318808555603,0.9874725341796875
0.9379699230194092,0.9084868431091309,0.9874955415725708
0.9276315569877625,0.9089374542236328,0.9875203371047974
0.9332706928253174,0.9093813896179199,0.9875379204750061
0.9360902309417725,0.9098224639892578,0.9875625371932983
0.9407894611358643,0.9102568626403809,0.9875795841217041
0.9379699230194092,0.910690426826477,0.9876023530960083
0.9417293071746826,0.9111146330833435,0.9876201748847961
0.9436089992523193,0.9115385413169861,0.987642765045166
0.9342105388641357,0.9119523167610168,0.9876596927642822
