accuracy,precision,recall
0.9389097690582275,0.9943795204162598,0.991840124130249
0.932330846786499,0.9943745732307434,0.9918338656425476
0.9473684430122375,0.9943698644638062,0.9918256402015686
0.9445488452911377,0.994369626045227,0.9918206334114075
0.9445488452911377,0.9943668246269226,0.9918160438537598
0.9445488452911377,0.9943679571151733,0.991814136505127
0.9407894611358643,0.9943613409996033,0.9918052554130554
0.9342105388641357,0.9943580627441406,0.9917988777160645
0.9313910007476807,0.9943585991859436,0.9917982816696167
0.9389097690582275,0.9943591952323914,0.9917967319488525
0.942669153213501,0.9943604469299316,0.9917945861816406
0.9342105388641357,0.9943562746047974,0.991787314414978
0.9370300769805908,0.9943528175354004,0.9917826056480408
0.9332706928253174,0.9943533539772034,0.9917811155319214
0.9436089992523193,0.9943528175354004,0.9917794466018677
0.9417293071746826,0.9943543672561646,0.991779088973999
0.9398496150970459,0.9943491816520691,0.991771936416626
0.942669153213501,0.9943490028381348,0.9917718172073364
0.9464285969734192,0.9943439364433289,0.991766095161438
0.9389097690582275,0.9943433403968811,0.9917625188827515
0.9360902309417725,0.994347095489502,0.991762638092041
0.942669153213501,0.9943491816520691,0.991762638092041
0.9285714030265808,0.9943506717681885,0.9917623996734619
0.9332706928253174,0.9943468570709229,0.9917569160461426
0.9379699230194092,0.994347095489502,0.9917545318603516
0.9417293071746826,0.9943442344665527,0.9917492866516113
0.9351503849029541,0.9943458437919617,0.9917493462562561
0.9332706928253174,0.9943450689315796,0.9917473793029785
0.9257518649101257,0.9943447113037109,0.9917436242103577
0.9379699230194092,0.9943395256996155,0.9917364716529846
