accuracy,precision,recall
0.9454887509346008,0.922448992729187,0.9881221652030945
0.9295112490653992,0.9227222204208374,0.988131046295166
0.9360902309417725,0.9229927659034729,0.9881398677825928
0.9454887509346008,0.9232639074325562,0.9881482124328613
0.9436089992523193,0.923531711101532,0.9881571531295776
0.9454887509346008,0.9237995147705078,0.9881693720817566
0.9379699230194092,0.9240608215332031,0.9881753325462341
0.9407894611358643,0.9243260025978088,0.9881877899169922
0.9313910007476807,0.9245909452438354,0.9882017970085144
0.9370300769805908,0.9248502254486084,0.988213062286377
0.9454887509346008,0.9251093864440918,0.9882241487503052
0.9389097690582275,0.9253632426261902,0.988231897354126
0.932330846786499,0.9256115555763245,0.9882359504699707
0.9360902309417725,0.925865113735199,0.988248348236084
0.9464285969734192,0.9261149168014526,0.9882599115371704
0.9370300769805908,0.9263628721237183,0.9882700443267822
0.9445488452911377,0.9266068935394287,0.9882768988609314
0.9360902309417725,0.926851212978363,0.988287091255188
0.9464285969734192,0.9270952939987183,0.988296627998352
0.9398496150970459,0.9273377060890198,0.9883079528808594
0.932330846786499,0.927581787109375,0.988321840763092
0.9417293071746826,0.9278182983398438,0.9883313775062561
0.9248120188713074,0.9280548095703125,0.9883416295051575
0.9285714030265808,0.9282851219177246,0.9883465766906738
0.9332706928253174,0.9285169243812561,0.988355278968811
0.932330846786499,0.9287451505661011,0.9883614778518677
0.9304511547088623,0.928975522518158,0.988372802734375
0.9379699230194092,0.9292029142379761,0.9883823394775391
0.9360902309417725,0.9294276237487793,0.9883888363838196
0.9266917109489441,0.9296507835388184,0.988396167755127
