accuracy,precision,recall
0.9454887509346008,0.9943434596061707,0.9917373657226562
0.9285714030265808,0.9943402409553528,0.991730272769928
0.9332706928253174,0.9943337440490723,0.9917218685150146
0.9454887509346008,0.9943275451660156,0.9917129278182983
0.9436089992523193,0.9943247437477112,0.9917068481445312
0.9454887509346008,0.9943238496780396,0.9917033910751343
0.9389097690582275,0.9943187832832336,0.9916958808898926
0.9313910007476807,0.9943199157714844,0.9916958808898926
0.9313910007476807,0.9943209290504456,0.9916958808898926
0.9407894611358643,0.9943203926086426,0.9916930198669434
0.9454887509346008,0.9943203926086426,0.9916915893554688
0.9379699230194092,0.9943159818649292,0.9916844964027405
0.9370300769805908,0.9943103790283203,0.9916769862174988
0.9370300769805908,0.994308590888977,0.9916738867759705
0.9360902309417725,0.9943081140518188,0.9916712641716003
0.9407894611358643,0.9943066835403442,0.9916689395904541
0.9436089992523193,0.9942994713783264,0.9916610717773438
0.9417293071746826,0.994299590587616,0.9916592836380005
0.9407894611358643,0.9942976832389832,0.9916553497314453
0.9389097690582275,0.994296133518219,0.9916512966156006
0.9389097690582275,0.9942994117736816,0.9916501045227051
0.9407894611358643,0.9942976832389832,0.991646945476532
0.9266917109489441,0.9942988157272339,0.9916443824768066
0.9351503849029541,0.994293749332428,0.9916383028030396
0.9454887509346008,0.994293212890625,0.9916348457336426
0.9379699230194092,0.9942898750305176,0.991629421710968
0.9360902309417725,0.9942896366119385,0.9916263818740845
0.9295112490653992,0.9942876100540161,0.9916207790374756
0.9332706928253174,0.9942843317985535,0.9916168451309204
0.9342105388641357,0.994278609752655,0.9916090369224548
