accuracy,precision,recall
0.9342105388641357,0.9942799806594849,0.9916058778762817
0.9276315569877625,0.9942752718925476,0.9915981292724609
0.9379699230194092,0.9942703247070312,0.9915889501571655
0.9454887509346008,0.9942665100097656,0.9915816187858582
0.9342105388641357,0.994259238243103,0.9915716648101807
0.9445488452911377,0.9942588806152344,0.9915681481361389
0.9473684430122375,0.9942535161972046,0.9915601015090942
0.9285714030265808,0.9942535161972046,0.9915562868118286
0.9304511547088623,0.9942536950111389,0.991555392742157
0.9257518649101257,0.9942531585693359,0.9915525913238525
0.9398496150970459,0.9942517876625061,0.9915504455566406
0.9285714030265808,0.9942469596862793,0.9915420413017273
0.9417293071746826,0.9942458868026733,0.9915387630462646
0.932330846786499,0.9942430853843689,0.9915330410003662
0.951127827167511,0.9942436218261719,0.991531491279602
0.9360902309417725,0.9942408204078674,0.9915275573730469
0.9417293071746826,0.9942366480827332,0.9915199279785156
0.9445488452911377,0.9942363500595093,0.991516649723053
0.9389097690582275,0.9942326545715332,0.9915109276771545
0.9360902309417725,0.994231641292572,0.9915052056312561
0.9351503849029541,0.9942339658737183,0.9915049076080322
0.9389097690582275,0.9942303895950317,0.9914989471435547
0.9313910007476807,0.9942299127578735,0.9914963841438293
0.9351503849029541,0.9942264556884766,0.9914898872375488
0.9398496150970459,0.9942268133163452,0.991488516330719
0.932330846786499,0.9942232966423035,0.9914819002151489
0.9389097690582275,0.9942208528518677,0.9914785027503967
0.9313910007476807,0.9942183494567871,0.9914746880531311
0.9332706928253174,0.9942169189453125,0.991470992565155
0.9351503849029541,0.9942136406898499,0.9914666414260864
