accuracy,precision,recall
0.9442059993743896,0.9312671422958374,0.9693418741226196
0.9442059993743896,0.9312806725502014,0.9693184494972229
0.9442059993743896,0.9312850832939148,0.9693106412887573
0.9442059993743896,0.931287407875061,0.9693067669868469
0.9442059993743896,0.9312886595726013,0.9693044424057007
0.9442059993743896,0.9312896728515625,0.9693028926849365
0.9442059993743896,0.9312902092933655,0.9693017601966858
0.9442059993743896,0.9312907457351685,0.9693009257316589
0.9442059993743896,0.9312911033630371,0.9693002700805664
0.9442059993743896,0.9312914609909058,0.9692997932434082
0.9442059993743896,0.9312916398048401,0.96929931640625
0.9442059993743896,0.9312918186187744,0.9692990183830261
0.9442059993743896,0.9312919974327087,0.9692987203598022
0.9442059993743896,0.9312921762466431,0.9692984819412231
0.9442059993743896,0.9312922358512878,0.9692981839179993
0.9442059993743896,0.9312924146652222,0.9692980647087097
0.9442059993743896,0.9312925338745117,0.9692978262901306
0.9442059993743896,0.9312925934791565,0.9692977666854858
0.9442059993743896,0.931292712688446,0.9692975878715515
0.9442059993743896,0.931292712688446,0.969297468662262
0.9442059993743896,0.9312928318977356,0.9692973494529724
0.9442059993743896,0.9312928915023804,0.9692972898483276
0.9442059993743896,0.9312928915023804,0.9692972302436829
0.9442059993743896,0.9312929511070251,0.9692971110343933
0.9442059993743896,0.9312930107116699,0.9692970514297485
0.9442059993743896,0.9312930107116699,0.969296932220459
0.9442059993743896,0.9312930703163147,0.9692968130111694
0.9442059993743896,0.9312931299209595,0.9692968130111694
0.9442059993743896,0.9312931299209595,0.9692966938018799
0.9442059993743896,0.9312931299209595,0.9692966938018799
