accuracy,precision,recall
0.9270386099815369,0.9334679245948792,0.9660170078277588
0.9313304424285889,0.9334624409675598,0.965998649597168
0.9227467775344849,0.9334088563919067,0.965966522693634
0.9356223344802856,0.9333871006965637,0.9659409523010254
0.9313304424285889,0.9333733320236206,0.9659144878387451
0.9098712205886841,0.9333044290542603,0.965887725353241
0.9399141669273376,0.9332543611526489,0.9658567905426025
0.9270386099815369,0.933229923248291,0.9658328890800476
0.9227467775344849,0.9332053661346436,0.9658008813858032
0.9184549450874329,0.9331743717193604,0.9657822251319885
0.9399141669273376,0.9331488013267517,0.9657651782035828
0.9141631126403809,0.9330843687057495,0.9657198190689087
0.9313304424285889,0.9330364465713501,0.9656866192817688
0.9098712205886841,0.9329896569252014,0.9656634330749512
0.9184549450874329,0.9329398274421692,0.9656391143798828
0.9442059993743896,0.9329384565353394,0.9656206965446472
0.9356223344802856,0.9328632354736328,0.9655809998512268
0.9399141669273376,0.9328235387802124,0.9655405879020691
0.9270386099815369,0.9327873587608337,0.9655205607414246
0.9184549450874329,0.932713508605957,0.9654842615127563
0.9399141669273376,0.9327054023742676,0.9654734134674072
0.9012875556945801,0.9326565265655518,0.9654541015625
0.9141631126403809,0.9326211214065552,0.9654322266578674
0.9270386099815369,0.9326123595237732,0.9654192924499512
0.9270386099815369,0.932580828666687,0.9654013514518738
0.9270386099815369,0.9325466752052307,0.9653794169425964
0.9184549450874329,0.9325128197669983,0.9653614163398743
0.9184549450874329,0.9324760437011719,0.9653409719467163
0.9098712205886841,0.9324248433113098,0.9653100967407227
0.9442059993743896,0.9323796033859253,0.9652760028839111
