accuracy,precision,recall
0.9055793881416321,0.9323611855506897,0.9652509093284607
0.9270386099815369,0.9323360323905945,0.96523517370224
0.9227467775344849,0.9322596192359924,0.9652045369148254
0.9270386099815369,0.9322259426116943,0.9651739001274109
0.9270386099815369,0.9321932196617126,0.9651479721069336
0.9313304424285889,0.9321401119232178,0.9651206135749817
0.9399141669273376,0.9320968389511108,0.9650946855545044
0.9270386099815369,0.9320839643478394,0.9650794863700867
0.9184549450874329,0.9320501685142517,0.9650446176528931
0.9270386099815369,0.9320436120033264,0.965027391910553
0.9356223344802856,0.9320228099822998,0.9650160670280457
0.9227467775344849,0.9319793581962585,0.9649860858917236
0.9356223344802856,0.93193519115448,0.9649604558944702
0.9270386099815369,0.9318880438804626,0.9649418592453003
0.9141631126403809,0.9318633675575256,0.9649262428283691
0.9399141669273376,0.9318569898605347,0.9649073481559753
0.9098712205886841,0.931824803352356,0.9648772478103638
0.9313304424285889,0.931796669960022,0.9648473858833313
0.9184549450874329,0.9317673444747925,0.964825451374054
0.9184549450874329,0.9317049980163574,0.9647954702377319
0.9399141669273376,0.9316844940185547,0.9647810459136963
0.9270386099815369,0.9316312074661255,0.9647580981254578
0.9227467775344849,0.9315968155860901,0.9647402763366699
0.9399141669273376,0.9315659999847412,0.9647226929664612
0.9270386099815369,0.9315246939659119,0.9646954536437988
0.9270386099815369,0.9314982891082764,0.9646739959716797
0.9227467775344849,0.9314692616462708,0.9646556973457336
0.9098712205886841,0.9314523935317993,0.9646406769752502
0.9227467775344849,0.9314035773277283,0.9646148681640625
0.9399141669273376,0.9313716888427734,0.9645847678184509
