accuracy,precision,recall
0.8969957232475281,0.9313461780548096,0.9645592570304871
0.9227467775344849,0.9313374757766724,0.9645388722419739
0.9141631126403809,0.9312911629676819,0.9645083546638489
0.9227467775344849,0.93125319480896,0.9644742012023926
0.9313304424285889,0.9312266111373901,0.9644448161125183
0.9227467775344849,0.9311598539352417,0.9644189476966858
0.9313304424285889,0.9311152696609497,0.9643942713737488
0.9356223344802856,0.9310778975486755,0.9643697738647461
0.9098712205886841,0.9310464262962341,0.9643412232398987
0.9184549450874329,0.9310293197631836,0.9643219113349915
0.9227467775344849,0.9309964179992676,0.9643032550811768
0.9227467775344849,0.9309508204460144,0.9642744660377502
0.9356223344802856,0.9308962821960449,0.9642435312271118
0.9356223344802856,0.9308379888534546,0.9642149806022644
0.9141631126403809,0.9308015704154968,0.964191734790802
0.9442059993743896,0.9307808876037598,0.9641662240028381
0.9270386099815369,0.9307307004928589,0.9641287922859192
0.9313304424285889,0.9307007789611816,0.9641016721725464
0.9270386099815369,0.9306719303131104,0.9640803337097168
0.9270386099815369,0.9306309223175049,0.9640552401542664
0.9399141669273376,0.930608332157135,0.9640356302261353
0.9141631126403809,0.9305840134620667,0.964012861251831
0.9141631126403809,0.9305508136749268,0.9639902710914612
0.9399141669273376,0.9305229187011719,0.9639688730239868
0.9399141669273376,0.9304762482643127,0.9639421701431274
0.9270386099815369,0.9304481744766235,0.9639222621917725
0.9184549450874329,0.9304157495498657,0.9639010429382324
0.9055793881416321,0.9303826093673706,0.963879406452179
0.9098712205886841,0.9303528666496277,0.9638537764549255
0.9356223344802856,0.9303123950958252,0.9638215899467468
