accuracy,precision,recall
0.9098712205886841,0.9215955138206482,0.9632735252380371
0.9270386099815369,0.9215770363807678,0.9632642269134521
0.9184549450874329,0.9215407371520996,0.9632560014724731
0.9184549450874329,0.9214997887611389,0.963217556476593
0.9399141669273376,0.9214656352996826,0.9631877541542053
0.9184549450874329,0.9214149713516235,0.9631711840629578
0.9270386099815369,0.9213637113571167,0.9631434679031372
0.9356223344802856,0.921319842338562,0.9631087779998779
0.9227467775344849,0.9212794899940491,0.9630883932113647
0.9184549450874329,0.9212737083435059,0.963079035282135
0.9442059993743896,0.9212356805801392,0.9630534648895264
0.9227467775344849,0.9212002158164978,0.9630478024482727
0.9270386099815369,0.9211631417274475,0.963032066822052
0.9399141669273376,0.9211101531982422,0.9630081653594971
0.9270386099815369,0.9210643768310547,0.9629741311073303
0.9399141669273376,0.921039879322052,0.9629452228546143
0.9270386099815369,0.9209965467453003,0.962906002998352
0.9227467775344849,0.9209533333778381,0.9628787040710449
0.9313304424285889,0.9209277629852295,0.9628650546073914
0.9313304424285889,0.9208846092224121,0.9628461599349976
0.9442059993743896,0.9208462238311768,0.9628362655639648
0.9356223344802856,0.9207972288131714,0.9628035426139832
0.9141631126403809,0.9207615256309509,0.9627845883369446
0.9313304424285889,0.9207413792610168,0.9627782702445984
0.9270386099815369,0.92069011926651,0.9627455472946167
0.9313304424285889,0.9206551313400269,0.9627276062965393
0.9313304424285889,0.9206084609031677,0.9627043008804321
0.9270386099815369,0.9205739498138428,0.96268630027771
0.9270386099815369,0.9205327033996582,0.962660551071167
0.9484978318214417,0.9204867482185364,0.9626270532608032
