accuracy,precision,recall
0.8927038908004761,0.9302710294723511,0.9637898206710815
0.9270386099815369,0.9302502870559692,0.9637630581855774
0.9098712205886841,0.9301974177360535,0.9637318849563599
0.9141631126403809,0.930139422416687,0.9636948704719543
0.9313304424285889,0.9300978779792786,0.9636649489402771
0.9442059993743896,0.9300342798233032,0.9636328220367432
0.9184549450874329,0.929990291595459,0.9636093378067017
0.9313304424285889,0.9299448728561401,0.9635784029960632
0.8927038908004761,0.929912805557251,0.9635525941848755
0.9270386099815369,0.9298835396766663,0.9635235667228699
0.9227467775344849,0.9298549294471741,0.9635040760040283
0.9227467775344849,0.9297977089881897,0.9634669423103333
0.9356223344802856,0.9297394752502441,0.9634376764297485
0.9313304424285889,0.9296712279319763,0.9634063243865967
0.9141631126403809,0.9296495914459229,0.9633851051330566
0.9270386099815369,0.9296240210533142,0.9633610248565674
0.9227467775344849,0.9295691847801208,0.9633185863494873
0.9227467775344849,0.929527997970581,0.9632871747016907
0.9055793881416321,0.9294856786727905,0.963254451751709
0.9313304424285889,0.9294285178184509,0.9632283449172974
0.9313304424285889,0.9293975830078125,0.9632036089897156
0.9184549450874329,0.929383397102356,0.9631867408752441
0.9141631126403809,0.92936110496521,0.9631657004356384
0.9227467775344849,0.9293472766876221,0.9631427526473999
0.9141631126403809,0.9292994737625122,0.963112473487854
0.9227467775344849,0.929262638092041,0.9630873203277588
0.9141631126403809,0.9292181730270386,0.9630613327026367
0.9313304424285889,0.9291797280311584,0.9630377888679504
0.9141631126403809,0.9291341304779053,0.9630056023597717
0.9313304424285889,0.9290814995765686,0.9629706144332886
