accuracy,precision,recall
0.9141631126403809,0.9178768992424011,0.9612171649932861
0.9270386099815369,0.9178314805030823,0.96119225025177
0.9227467775344849,0.917793333530426,0.9611749649047852
0.9055793881416321,0.9177709221839905,0.9611436128616333
0.9055793881416321,0.9177216291427612,0.961113691329956
0.9184549450874329,0.9176831245422363,0.9610995054244995
0.9184549450874329,0.9176280498504639,0.9610660672187805
0.9227467775344849,0.9175810217857361,0.9610360264778137
0.9055793881416321,0.9175487756729126,0.9610269665718079
0.9141631126403809,0.9175354242324829,0.9610093235969543
0.9356223344802856,0.9175147414207458,0.9609888792037964
0.9055793881416321,0.9174576997756958,0.9609804153442383
0.9313304424285889,0.9174022674560547,0.9609514474868774
0.9313304424285889,0.9173290729522705,0.9609248638153076
0.9442059993743896,0.91731196641922,0.9608994722366333
0.9184549450874329,0.9172863364219666,0.9608837962150574
0.9184549450874329,0.9172158241271973,0.9608392715454102
0.9055793881416321,0.9171795845031738,0.9608197212219238
0.9227467775344849,0.9171357750892639,0.9607928991317749
0.9227467775344849,0.9171165227890015,0.9607833623886108
0.9227467775344849,0.9170746207237244,0.9607636332511902
0.9313304424285889,0.9170527458190918,0.9607528448104858
0.9227467775344849,0.9170166254043579,0.9607226848602295
0.9098712205886841,0.9170050621032715,0.9607089161872864
0.9141631126403809,0.916992723941803,0.9606961011886597
0.9270386099815369,0.9169553518295288,0.9606809020042419
0.9227467775344849,0.9169161319732666,0.9606614708900452
0.9227467775344849,0.9168775081634521,0.9606456756591797
0.9313304424285889,0.9168409109115601,0.9606162309646606
0.9313304424285889,0.916773796081543,0.9605807065963745
