accuracy,precision,recall
0.9012875556945801,0.9276643991470337,0.9620579481124878
0.9141631126403809,0.9276299476623535,0.9620273113250732
0.9098712205886841,0.9275824427604675,0.9619944095611572
0.9227467775344849,0.927545428276062,0.9619580507278442
0.9184549450874329,0.927493155002594,0.9619317054748535
0.8969957232475281,0.9274520874023438,0.9619101285934448
0.9141631126403809,0.927409827709198,0.9618861675262451
0.9270386099815369,0.9273772835731506,0.9618569612503052
0.9055793881416321,0.9273630976676941,0.9618399739265442
0.9098712205886841,0.9273305535316467,0.9618085622787476
0.9270386099815369,0.9273071885108948,0.9617887139320374
0.9055793881416321,0.9272372126579285,0.9617461562156677
0.9227467775344849,0.9271796345710754,0.9617194533348083
0.9356223344802856,0.927093505859375,0.9616838097572327
0.9141631126403809,0.927078366279602,0.9616618752479553
0.9184549450874329,0.9270492792129517,0.9616314768791199
0.9270386099815369,0.9269948601722717,0.9615861773490906
0.9313304424285889,0.9269562363624573,0.9615559577941895
0.9227467775344849,0.9269128441810608,0.9615205526351929
0.9055793881416321,0.9268706440925598,0.9614901542663574
0.9184549450874329,0.9268336892127991,0.9614621996879578
0.9098712205886841,0.9268245697021484,0.9614458084106445
0.8969957232475281,0.926798403263092,0.9614255428314209
0.9184549450874329,0.9267774224281311,0.9613982439041138
0.9141631126403809,0.9267410039901733,0.9613757133483887
0.9227467775344849,0.9266876578330994,0.9613396525382996
0.9098712205886841,0.9266481399536133,0.9613081216812134
0.9227467775344849,0.9265989661216736,0.9612783193588257
0.9227467775344849,0.9265747666358948,0.961251437664032
0.9313304424285889,0.9265108704566956,0.9612129926681519
