accuracy,precision,recall
0.8884119987487793,0.9265074133872986,0.9612008333206177
0.9098712205886841,0.9264852404594421,0.9611749649047852
0.9012875556945801,0.9264189004898071,0.9611353874206543
0.8969957232475281,0.9263637661933899,0.961091160774231
0.8927038908004761,0.9263303279876709,0.9610651135444641
0.8969957232475281,0.9262857437133789,0.9610334038734436
0.9141631126403809,0.926234781742096,0.961006760597229
0.9270386099815369,0.9261961579322815,0.9609755277633667
0.8712446093559265,0.9261860847473145,0.9609585404396057
0.8798283338546753,0.9261478781700134,0.9609214067459106
0.9227467775344849,0.9261083602905273,0.9608914852142334
0.8927038908004761,0.9260393381118774,0.9608458280563354
0.9184549450874329,0.9259873032569885,0.9608154296875
0.9356223344802856,0.9259012937545776,0.9607819318771362
0.8884119987487793,0.9258747100830078,0.9607540965080261
0.9098712205886841,0.9258356690406799,0.9607203602790833
0.9184549450874329,0.9257752895355225,0.9606804847717285
0.9270386099815369,0.9257226586341858,0.9606496691703796
0.9270386099815369,0.9256911873817444,0.960618257522583
0.9098712205886841,0.925644040107727,0.9605836868286133
0.9184549450874329,0.9256100654602051,0.960552453994751
0.9141631126403809,0.9255900382995605,0.9605307579040527
0.8841201663017273,0.925553023815155,0.9605070948600769
0.9141631126403809,0.9255270957946777,0.9604765772819519
0.9055793881416321,0.9254838228225708,0.9604450464248657
0.9012875556945801,0.9254434108734131,0.9604167938232422
0.9098712205886841,0.9253959655761719,0.9603827595710754
0.9184549450874329,0.9253363609313965,0.9603438377380371
0.9184549450874329,0.9252989292144775,0.9603127241134644
0.9313304424285889,0.9252743721008301,0.9602869749069214
