accuracy,precision,recall
0.9055793881416321,0.9141716957092285,0.9589352607727051
0.9227467775344849,0.9141443967819214,0.9589163064956665
0.9141631126403809,0.914103627204895,0.958892822265625
0.9098712205886841,0.9140782356262207,0.9588730335235596
0.8884119987487793,0.9140235185623169,0.958830714225769
0.8626609444618225,0.9139983654022217,0.9588213562965393
0.9270386099815369,0.913955569267273,0.9587957262992859
0.9184549450874329,0.9139055609703064,0.9587714076042175
0.8669527769088745,0.9138848781585693,0.9587599039077759
0.8927038908004761,0.9138595461845398,0.9587340354919434
0.9313304424285889,0.9138154983520508,0.9587031602859497
0.9012875556945801,0.9137818813323975,0.9586871862411499
0.9055793881416321,0.9137197136878967,0.9586575627326965
0.9313304424285889,0.9136486053466797,0.958622932434082
0.8927038908004761,0.9136072993278503,0.9585809707641602
0.8755365014076233,0.913575291633606,0.9585604667663574
0.8969957232475281,0.9134961366653442,0.9585192799568176
0.9227467775344849,0.9134691953659058,0.9584996104240417
0.9356223344802856,0.9134349822998047,0.9584647417068481
0.8841201663017273,0.9133983850479126,0.958441972732544
0.8884119987487793,0.9133664965629578,0.9584312438964844
0.8841201663017273,0.9133468866348267,0.958416223526001
0.8927038908004761,0.9133167266845703,0.9583985209465027
0.9012875556945801,0.9132753610610962,0.9583706855773926
0.8454935550689697,0.9132579565048218,0.9583614468574524
0.8884119987487793,0.9132080078125,0.958347737789154
0.8927038908004761,0.9131566882133484,0.9583278894424438
0.9055793881416321,0.9131312370300293,0.9583031535148621
0.9270386099815369,0.9130777716636658,0.9582672715187073
0.9356223344802856,0.9130406379699707,0.9582375288009644
