accuracy,precision,recall
0.8841201663017273,0.9226210713386536,0.9582314491271973
0.8841201663017273,0.92259681224823,0.9582020044326782
0.9055793881416321,0.9225618839263916,0.9581685066223145
0.8884119987487793,0.9225230813026428,0.9581355452537537
0.8755365014076233,0.9224807620048523,0.9581022262573242
0.8755365014076233,0.9224292635917664,0.9580735564231873
0.8884119987487793,0.9224106073379517,0.9580538868904114
0.8927038908004761,0.9223692417144775,0.9580217003822327
0.8583691120147705,0.9223513007164001,0.9579989910125732
0.8884119987487793,0.9223095774650574,0.9579590559005737
0.9184549450874329,0.9222632646560669,0.9579269289970398
0.8669527769088745,0.9222282767295837,0.9578917026519775
0.9012875556945801,0.9221627712249756,0.9578652381896973
0.8969957232475281,0.9221120476722717,0.9578288197517395
0.8884119987487793,0.9220727682113647,0.957798421382904
0.8798283338546753,0.9220267534255981,0.9577651023864746
0.8755365014076233,0.9219832420349121,0.9577407240867615
0.8798283338546753,0.9219540357589722,0.9577164649963379
0.8841201663017273,0.9219309687614441,0.957692563533783
0.8755365014076233,0.921869695186615,0.9576573371887207
0.8841201663017273,0.9218090176582336,0.9576225876808167
0.8884119987487793,0.9217923879623413,0.9575985074043274
0.8755365014076233,0.9217607378959656,0.9575709700584412
0.8927038908004761,0.9217233061790466,0.9575367569923401
0.8755365014076233,0.9216851592063904,0.9574980735778809
0.8798283338546753,0.9216548800468445,0.9574669599533081
0.8798283338546753,0.9216033220291138,0.9574239253997803
0.9141631126403809,0.9215678572654724,0.9573918581008911
0.8927038908004761,0.9215224981307983,0.9573522210121155
0.8841201663017273,0.9214991331100464,0.9573288559913635
