accuracy,precision,recall
0.9442059993743896,0.9406824707984924,0.9711278676986694
0.9399141669273376,0.9408201575279236,0.9711390733718872
0.9442059993743896,0.9407137632369995,0.9710854291915894
0.9399141669273376,0.9406415224075317,0.9710052013397217
0.9356223344802856,0.9405366778373718,0.9709587097167969
0.9399141669273376,0.9404899477958679,0.9709125757217407
0.9356223344802856,0.9404972195625305,0.9709078669548035
0.9442059993743896,0.9405061602592468,0.9708995819091797
0.9356223344802856,0.940548837184906,0.9708901047706604
0.9356223344802856,0.9405229687690735,0.97090083360672
0.9442059993743896,0.9406047463417053,0.9709102511405945
0.9442059993743896,0.9405940175056458,0.9708920121192932
0.9356223344802856,0.9405226707458496,0.9708211421966553
0.9356223344802856,0.9404987692832947,0.9708110690116882
0.9356223344802856,0.9404127597808838,0.9707686305046082
0.9399141669273376,0.9403768181800842,0.9707161784172058
0.9270386099815369,0.9402734041213989,0.9706753492355347
0.9442059993743896,0.9401971697807312,0.9706275463104248
0.9356223344802856,0.9402027130126953,0.9706294536590576
0.9442059993743896,0.9400959014892578,0.9705830812454224
0.9399141669273376,0.9399884343147278,0.9705578684806824
0.9484978318214417,0.9399534463882446,0.9705364108085632
0.9442059993743896,0.939893901348114,0.9705206155776978
0.9356223344802856,0.9400547742843628,0.9705841541290283
0.9442059993743896,0.9400088787078857,0.9705785512924194
0.9356223344802856,0.9399774670600891,0.9705729484558105
0.9399141669273376,0.9399650692939758,0.9705575704574585
0.9442059993743896,0.9399263262748718,0.9705433249473572
0.9399141669273376,0.9398868680000305,0.970523476600647
0.9356223344802856,0.9398672580718994,0.9705068469047546
