accuracy,precision,recall
0.8197425007820129,0.9119671583175659,0.9575011134147644
0.8798283338546753,0.9119348526000977,0.9574751853942871
0.9055793881416321,0.9118976593017578,0.9574435949325562
0.8755365014076233,0.9118701815605164,0.9574216604232788
0.8412017226219177,0.9118354320526123,0.9573915600776672
0.7854077219963074,0.9118093848228455,0.9573773741722107
0.8712446093559265,0.9117733836174011,0.9573518633842468
0.7768240571022034,0.9117497801780701,0.9573284387588501
0.8669527769088745,0.9117226004600525,0.957306981086731
0.8111587762832642,0.9116954803466797,0.9572866559028625
0.8283261656761169,0.9116687178611755,0.9572668671607971
0.8712446093559265,0.911625862121582,0.9572375416755676
0.8068669438362122,0.9116003513336182,0.957229733467102
0.7768240571022034,0.9115813374519348,0.9572179913520813
0.8497853875160217,0.9115443825721741,0.9571893811225891
0.8454935550689697,0.9115257263183594,0.957168459892273
0.8154506683349609,0.9114891886711121,0.9571473598480225
0.8068669438362122,0.911475658416748,0.957138180732727
0.9141631126403809,0.9114447832107544,0.9571106433868408
0.7854077219963074,0.9114110469818115,0.9570841789245605
0.8111587762832642,0.911369800567627,0.9570599794387817
0.8626609444618225,0.9113414883613586,0.9570358991622925
0.7896995544433594,0.9113137125968933,0.9570241570472717
0.8669527769088745,0.9112720489501953,0.9569973945617676
0.8583691120147705,0.9112527966499329,0.9569758176803589
0.8197425007820129,0.9112269282341003,0.9569568037986755
0.8412017226219177,0.9111894369125366,0.9569258093833923
0.8969957232475281,0.9111500382423401,0.9569042325019836
0.8669527769088745,0.9111162424087524,0.9568829536437988
0.8626609444618225,0.9110944867134094,0.9568586349487305
