accuracy,precision,recall
0.8540772795677185,0.9214750528335571,0.9573007822036743
0.9055793881416321,0.9214390516281128,0.9572615623474121
0.8884119987487793,0.9214046597480774,0.9572337865829468
0.8841201663017273,0.9213725328445435,0.957198441028595
0.8841201663017273,0.9213411211967468,0.9571689367294312
0.8240343332290649,0.9213082194328308,0.9571473598480225
0.8712446093559265,0.921286404132843,0.9571201801300049
0.8583691120147705,0.9212487936019897,0.9570825695991516
0.8583691120147705,0.9212234020233154,0.9570554494857788
0.8755365014076233,0.9211849570274353,0.9570285677909851
0.8841201663017273,0.9211326837539673,0.9569931626319885
0.8712446093559265,0.9210954904556274,0.956958532333374
0.8841201663017273,0.9210503101348877,0.9569300413131714
0.8240343332290649,0.9210025668144226,0.956896185874939
0.8583691120147705,0.9209744334220886,0.9568739533424377
0.8798283338546753,0.9209458827972412,0.9568390846252441
0.8712446093559265,0.9209094047546387,0.9568147659301758
0.8497853875160217,0.9208831787109375,0.9567944407463074
0.8669527769088745,0.9208493232727051,0.9567635655403137
0.8240343332290649,0.9207864999771118,0.9567158222198486
0.8068669438362122,0.9207480549812317,0.9566847681999207
0.8626609444618225,0.9207248091697693,0.9566580653190613
0.8841201663017273,0.9206826090812683,0.9566243886947632
0.8283261656761169,0.9206393361091614,0.9565872550010681
0.8540772795677185,0.9206126928329468,0.9565533399581909
0.8626609444618225,0.9205830097198486,0.956521213054657
0.8841201663017273,0.9205541610717773,0.9564874172210693
0.8884119987487793,0.9205164909362793,0.9564566016197205
0.8497853875160217,0.9204882383346558,0.9564306139945984
0.8454935550689697,0.9204649925231934,0.9564030170440674
