accuracy,precision,recall
0.9356223344802856,0.9397895932197571,0.9704556465148926
0.9442059993743896,0.9397995471954346,0.9704239368438721
0.9442059993743896,0.9396811127662659,0.9703496694564819
0.9313304424285889,0.9397146701812744,0.9703466892242432
0.9442059993743896,0.9396083354949951,0.9703195691108704
0.9399141669273376,0.9395347833633423,0.9702721834182739
0.9399141669273376,0.939480185508728,0.9702661633491516
0.9442059993743896,0.9394824504852295,0.9702560901641846
0.9356223344802856,0.939460277557373,0.970217227935791
0.9442059993743896,0.9394090175628662,0.9701931476593018
0.9442059993743896,0.9393648505210876,0.9701510071754456
0.9442059993743896,0.9393137693405151,0.9701104760169983
0.9356223344802856,0.9392220973968506,0.9700548648834229
0.9442059993743896,0.9391340017318726,0.9700204730033875
0.9399141669273376,0.9391012191772461,0.9699976444244385
0.9442059993743896,0.9390494227409363,0.9699651598930359
0.9399141669273376,0.938941478729248,0.9699130058288574
0.9442059993743896,0.9388846158981323,0.9698749780654907
0.9313304424285889,0.9388551712036133,0.969833493232727
0.9442059993743896,0.9387722015380859,0.9697805643081665
0.9442059993743896,0.9386981129646301,0.9697318077087402
0.9399141669273376,0.9386509656906128,0.969714879989624
0.9313304424285889,0.9386075735092163,0.9697090983390808
0.9356223344802856,0.9387060403823853,0.9697360396385193
0.9399141669273376,0.9386079907417297,0.9696847796440125
0.9356223344802856,0.9385577440261841,0.9696530103683472
0.9399141669273376,0.9385035634040833,0.9696381688117981
0.9399141669273376,0.9384297728538513,0.9696100950241089
0.9399141669273376,0.9383518695831299,0.9695623517036438
0.9356223344802856,0.9382908344268799,0.9695180654525757
