accuracy,precision,recall
0.9356223344802856,0.9397674202919006,0.9704448580741882
0.9442059993743896,0.9397772550582886,0.9704129695892334
0.9442059993743896,0.9396591782569885,0.970338761806488
0.9313304424285889,0.939693033695221,0.9703360795974731
0.9442059993743896,0.9395869970321655,0.9703090786933899
0.9399141669273376,0.9395138025283813,0.9702618718147278
0.9399141669273376,0.9394594430923462,0.9702559113502502
0.9442059993743896,0.9394620060920715,0.9702459573745728
0.9313304424285889,0.939437985420227,0.9702074527740479
0.9442059993743896,0.9393847584724426,0.9701899290084839
0.9442059993743896,0.939338207244873,0.9701424837112427
0.9442059993743896,0.9392883777618408,0.9701018333435059
0.9356223344802856,0.9391968846321106,0.97004634141922
0.9442059993743896,0.939109206199646,0.9700120687484741
0.9399141669273376,0.9390767216682434,0.9699892997741699
0.9442059993743896,0.9390254020690918,0.9699572920799255
0.9399141669273376,0.9389179944992065,0.9699051976203918
0.9399141669273376,0.9388618469238281,0.9698672294616699
0.9313304424285889,0.9388326406478882,0.9698258638381958
0.9442059993743896,0.9387500286102295,0.96977299451828
0.9442059993743896,0.938676118850708,0.9697242975234985
0.9399141669273376,0.938629150390625,0.9697074294090271
0.9270386099815369,0.9385870099067688,0.9697023034095764
0.9356223344802856,0.9386854767799377,0.9697290658950806
0.9442059993743896,0.9385840892791748,0.96967613697052
0.9356223344802856,0.9385343194007874,0.9696446061134338
0.9442059993743896,0.9384740591049194,0.9696289896965027
0.9399141669273376,0.9384020566940308,0.9696069955825806
0.9399141669273376,0.9383233189582825,0.9695567488670349
0.9356223344802856,0.9382638931274414,0.9695132970809937
