accuracy,precision,recall
0.9313304424285889,0.9382392168045044,0.9694862961769104
0.9356223344802856,0.9382469654083252,0.9694682359695435
0.9313304424285889,0.9382151365280151,0.969448447227478
0.9356223344802856,0.9382961392402649,0.9694668054580688
0.9356223344802856,0.9382325410842896,0.9694592952728271
0.9399141669273376,0.9381990432739258,0.9694516658782959
0.9356223344802856,0.938249945640564,0.9694751501083374
0.9442059993743896,0.9382403492927551,0.9694680571556091
0.9313304424285889,0.9382258653640747,0.9694383144378662
0.9399141669273376,0.9382362365722656,0.9694429636001587
0.9399141669273376,0.9382444620132446,0.9694384336471558
0.9356223344802856,0.9382156133651733,0.9694154858589172
0.9356223344802856,0.9381552934646606,0.9693818092346191
0.9399141669273376,0.9380753636360168,0.9693678617477417
0.9356223344802856,0.9380200505256653,0.9693421125411987
0.9313304424285889,0.9380810260772705,0.9693512916564941
0.9442059993743896,0.9380096197128296,0.9693126678466797
0.9313304424285889,0.9379889965057373,0.969296395778656
0.9356223344802856,0.9379545450210571,0.969271719455719
0.9442059993743896,0.9379050731658936,0.9692564010620117
0.9399141669273376,0.9378771781921387,0.969243049621582
0.9442059993743896,0.9378265142440796,0.9692214727401733
0.9227467775344849,0.9378451108932495,0.9692240357398987
0.9356223344802856,0.9379162192344666,0.9692367315292358
0.9442059993743896,0.9379119277000427,0.9692299365997314
0.9442059993743896,0.9378480315208435,0.9691823720932007
0.9442059993743896,0.9378536343574524,0.9691715240478516
0.9442059993743896,0.9377956986427307,0.9691498875617981
0.9356223344802856,0.9377262592315674,0.9691208600997925
0.9399141669273376,0.9376945495605469,0.9691095948219299
