accuracy,precision,recall
0.9527897238731384,0.9287080764770508,0.967284083366394
0.9442059993743896,0.9287074208259583,0.9672901630401611
0.9484978318214417,0.9286618232727051,0.9672702550888062
0.9570815563201904,0.9287047386169434,0.9672639966011047
0.9484978318214417,0.9285980463027954,0.9672301411628723
0.9356223344802856,0.9285612106323242,0.9672187566757202
0.9570815563201904,0.9285107851028442,0.9672040939331055
0.9527897238731384,0.9284679889678955,0.9671785831451416
0.9356223344802856,0.9284812808036804,0.9671828150749207
0.9399141669273376,0.9284459352493286,0.9671737551689148
0.9613733887672424,0.9284075498580933,0.9671585559844971
0.9484978318214417,0.9283802509307861,0.9671604633331299
0.9399141669273376,0.9283852577209473,0.9671714901924133
0.9484978318214417,0.9283363819122314,0.9671459197998047
0.9570815563201904,0.92829430103302,0.967106819152832
0.9442059993743896,0.9283701181411743,0.9671311378479004
0.9527897238731384,0.9283406734466553,0.9670984745025635
0.9484978318214417,0.9283280372619629,0.9670919179916382
0.9399141669273376,0.9283062219619751,0.9670708179473877
0.9527897238731384,0.9282686710357666,0.9670238494873047
0.9442059993743896,0.9282445311546326,0.9670118093490601
0.9527897238731384,0.928214430809021,0.9669919610023499
0.9442059993743896,0.9282253384590149,0.9669697284698486
0.9442059993743896,0.9282581806182861,0.9669913649559021
0.9527897238731384,0.9282671809196472,0.9669903516769409
0.9570815563201904,0.9282318353652954,0.9669405221939087
0.9527897238731384,0.9282461404800415,0.9669290781021118
0.9442059993743896,0.9281834363937378,0.9668957591056824
0.9313304424285889,0.9281582236289978,0.9668757915496826
0.9356223344802856,0.92814040184021,0.9668428897857666
