accuracy,precision,recall
0.9399141669273376,0.9376917481422424,0.9690834879875183
0.9313304424285889,0.93770831823349,0.969074010848999
0.9356223344802856,0.9376511573791504,0.9690414071083069
0.9399141669273376,0.9376797676086426,0.9690399169921875
0.9313304424285889,0.9376645684242249,0.9690242409706116
0.9270386099815369,0.9376379251480103,0.9690243601799011
0.9313304424285889,0.9376462697982788,0.9690249562263489
0.9270386099815369,0.9376595616340637,0.9690216779708862
0.9313304424285889,0.9376419186592102,0.9689970016479492
0.9270386099815369,0.9376140236854553,0.9689847826957703
0.9442059993743896,0.9375970959663391,0.9689695835113525
0.9227467775344849,0.9375708103179932,0.9689500331878662
0.9356223344802856,0.9375334978103638,0.9689173698425293
0.9442059993743896,0.9374726414680481,0.9688897728919983
0.9399141669273376,0.9374098777770996,0.9688416123390198
0.9227467775344849,0.9374312162399292,0.9688385725021362
0.9356223344802856,0.9373682737350464,0.9688122272491455
0.9442059993743896,0.9373205304145813,0.9687941074371338
0.9356223344802856,0.9372700452804565,0.9687634706497192
0.9399141669273376,0.9371940493583679,0.9687291383743286
0.9399141669273376,0.9371609687805176,0.9687142968177795
0.9442059993743896,0.9371102452278137,0.9686840772628784
0.9184549450874329,0.9370911717414856,0.9686682224273682
0.9356223344802856,0.9371171593666077,0.9686622023582458
0.9442059993743896,0.9370887279510498,0.9686453342437744
0.9399141669273376,0.937031626701355,0.9686000347137451
0.9399141669273376,0.937031626701355,0.9685938358306885
0.9356223344802856,0.9369707107543945,0.9685568809509277
0.9313304424285889,0.9369269609451294,0.9685344696044922
0.9356223344802856,0.9368810653686523,0.9685065746307373
