accuracy,precision,recall
0.9442059993743896,0.9273372292518616,0.9663435816764832
0.9356223344802856,0.9273386001586914,0.9663410782814026
0.9356223344802856,0.9272925853729248,0.9663270115852356
0.9399141669273376,0.9272692799568176,0.9663046598434448
0.9570815563201904,0.9272602200508118,0.9663083553314209
0.9313304424285889,0.9272373914718628,0.9663103222846985
0.9313304424285889,0.9271993637084961,0.9663013219833374
0.9356223344802856,0.9271569848060608,0.9662902355194092
0.9227467775344849,0.9271606802940369,0.9662909507751465
0.9356223344802856,0.9270917177200317,0.9662604928016663
0.9570815563201904,0.9270385503768921,0.9662457704544067
0.9356223344802856,0.9269628524780273,0.9662294387817383
0.9313304424285889,0.9269532561302185,0.9662279486656189
0.9442059993743896,0.9269041419029236,0.9662089347839355
0.9399141669273376,0.9268693327903748,0.9661850929260254
0.9442059993743896,0.9268815517425537,0.9661718010902405
0.9356223344802856,0.9268168807029724,0.9661291241645813
0.9442059993743896,0.926784336566925,0.9661051630973816
0.9484978318214417,0.9267439842224121,0.9660821557044983
0.9270386099815369,0.9266625046730042,0.9660337567329407
0.9399141669273376,0.926599383354187,0.9660183787345886
0.9484978318214417,0.9265458583831787,0.9659795761108398
0.9484978318214417,0.9265488386154175,0.9659703969955444
0.9484978318214417,0.9265589714050293,0.9659761190414429
0.9570815563201904,0.9265424609184265,0.9659662246704102
0.9442059993743896,0.9265016317367554,0.9659220576286316
0.9442059993743896,0.926476240158081,0.9659152626991272
0.9227467775344849,0.9264255166053772,0.9658855199813843
0.9356223344802856,0.9264043569564819,0.9658792614936829
0.9313304424285889,0.9263807535171509,0.9658536911010742
