accuracy,precision,recall
0.9356223344802856,0.93687903881073,0.9684868454933167
0.9270386099815369,0.936883270740509,0.9684763550758362
0.9227467775344849,0.9368427991867065,0.9684411883354187
0.9313304424285889,0.936848521232605,0.9684333801269531
0.9356223344802856,0.9368422627449036,0.9684223532676697
0.9356223344802856,0.9367956519126892,0.9684122204780579
0.9356223344802856,0.936782956123352,0.9684014320373535
0.9227467775344849,0.9367835521697998,0.9683887958526611
0.9356223344802856,0.9367458820343018,0.9683512449264526
0.9313304424285889,0.9367227554321289,0.9683329463005066
0.9399141669273376,0.9367074370384216,0.96832275390625
0.9227467775344849,0.9366508722305298,0.9682981967926025
0.9442059993743896,0.936609148979187,0.968267023563385
0.9270386099815369,0.9365641474723816,0.9682462215423584
0.9227467775344849,0.9365280866622925,0.968217670917511
0.9399141669273376,0.9365468621253967,0.9681946039199829
0.9356223344802856,0.9364809989929199,0.9681510925292969
0.9313304424285889,0.9364615082740784,0.9681322574615479
0.9356223344802856,0.9364253282546997,0.9680982232093811
0.9356223344802856,0.9363722205162048,0.9680734872817993
0.9356223344802856,0.9363152384757996,0.9680533409118652
0.9442059993743896,0.9362516403198242,0.9680269956588745
0.9227467775344849,0.9362192153930664,0.9680078029632568
0.9399141669273376,0.9362515211105347,0.9680101871490479
0.9442059993743896,0.9362139105796814,0.9679864645004272
0.9484978318214417,0.9361456632614136,0.9679412841796875
0.9442059993743896,0.9361324310302734,0.9679358601570129
0.9399141669273376,0.936057448387146,0.967897891998291
0.9227467775344849,0.9360175132751465,0.9678828716278076
0.9356223344802856,0.9359939694404602,0.967853844165802
