accuracy,precision,recall
0.9356223344802856,0.9368710517883301,0.9684805274009705
0.9270386099815369,0.9368751049041748,0.9684693217277527
0.9227467775344849,0.9368345737457275,0.9684341549873352
0.9313304424285889,0.9368404150009155,0.9684263467788696
0.9356223344802856,0.9368343949317932,0.968415379524231
0.9356223344802856,0.9367877244949341,0.9684051871299744
0.9399141669273376,0.9367753267288208,0.968395471572876
0.9227467775344849,0.9367760419845581,0.9683828353881836
0.9356223344802856,0.9367414712905884,0.9683444499969482
0.9313304424285889,0.9367184042930603,0.968326210975647
0.9399141669273376,0.9367031455039978,0.9683160185813904
0.9227467775344849,0.9366464614868164,0.9682915210723877
0.9442059993743896,0.936604917049408,0.9682604670524597
0.9270386099815369,0.9365598559379578,0.9682396054267883
0.9227467775344849,0.9365239143371582,0.9682112336158752
0.9399141669273376,0.9365425705909729,0.9681881070137024
0.9356223344802856,0.9364761710166931,0.9681431651115417
0.9356223344802856,0.9364578723907471,0.968124508857727
0.9356223344802856,0.9364219307899475,0.9680905938148499
0.9356223344802856,0.9363688230514526,0.9680659174919128
0.9356223344802856,0.9363118410110474,0.9680458307266235
0.9442059993743896,0.9362483024597168,0.9680195450782776
0.9227467775344849,0.936215877532959,0.9680004715919495
0.9356223344802856,0.9362481236457825,0.9680023193359375
0.9442059993743896,0.936210572719574,0.9679785966873169
0.9484978318214417,0.9361422657966614,0.9679333567619324
0.9399141669273376,0.9361292123794556,0.9679281711578369
0.9399141669273376,0.9360542297363281,0.9678900837898254
0.9227467775344849,0.9360142946243286,0.9678751826286316
0.9356223344802856,0.9359908103942871,0.9678460359573364
