accuracy,precision,recall
0.9484978318214417,0.9263731241226196,0.9658452868461609
0.9356223344802856,0.9263820648193359,0.9658464193344116
0.9270386099815369,0.9263850450515747,0.9658529758453369
0.9442059993743896,0.9263481497764587,0.965813934803009
0.9442059993743896,0.9263674020767212,0.9658176302909851
0.9313304424285889,0.9263266921043396,0.9658069610595703
0.9399141669273376,0.9262956976890564,0.9658012390136719
0.9442059993743896,0.9262707829475403,0.9657909870147705
0.9270386099815369,0.9262537360191345,0.9657825231552124
0.9270386099815369,0.9261875748634338,0.9657503366470337
0.9570815563201904,0.9261645078659058,0.9657436609268188
0.9399141669273376,0.9260963797569275,0.9657331109046936
0.9399141669273376,0.9260730743408203,0.9657203555107117
0.9399141669273376,0.9260212182998657,0.9657015800476074
0.9484978318214417,0.9259909987449646,0.9656693339347839
0.9442059993743896,0.9260208010673523,0.9656628370285034
0.9442059993743896,0.9259738922119141,0.9656203985214233
0.9484978318214417,0.9259483814239502,0.9655987024307251
0.9356223344802856,0.925902247428894,0.9655815958976746
0.9527897238731384,0.925871729850769,0.9655508995056152
0.9484978318214417,0.925869345664978,0.9655519127845764
0.9313304424285889,0.9258097410202026,0.9655241966247559
0.9313304424285889,0.9257811307907104,0.9655137658119202
0.9484978318214417,0.9257774949073792,0.9655243754386902
0.9356223344802856,0.9257606863975525,0.9655067920684814
0.9484978318214417,0.9257028698921204,0.9654728174209595
0.9399141669273376,0.9256613850593567,0.965449333190918
0.9227467775344849,0.925608217716217,0.965425431728363
0.9442059993743896,0.9255880117416382,0.9654133319854736
0.9399141669273376,0.9255949258804321,0.9654093980789185
