accuracy,precision,recall
0.9484978318214417,0.9352249503135681,0.9673107862472534
0.9227467775344849,0.9352229237556458,0.9672973155975342
0.9184549450874329,0.935196042060852,0.9672686457633972
0.9356223344802856,0.9351857304573059,0.967246413230896
0.9356223344802856,0.9351872801780701,0.9672253131866455
0.9227467775344849,0.9351217746734619,0.9672060012817383
0.9484978318214417,0.935087263584137,0.9671878814697266
0.9270386099815369,0.9350940585136414,0.9671798944473267
0.9227467775344849,0.9350749254226685,0.967156171798706
0.9227467775344849,0.935058057308197,0.9671501517295837
0.9313304424285889,0.9350653886795044,0.9671432971954346
0.9270386099815369,0.9350351095199585,0.9671184420585632
0.9270386099815369,0.9349849820137024,0.9670883417129517
0.9313304424285889,0.9349139332771301,0.9670600891113281
0.9270386099815369,0.9348784685134888,0.9670352935791016
0.9313304424285889,0.9348888397216797,0.967021644115448
0.9442059993743896,0.9348350763320923,0.9670016765594482
0.9356223344802856,0.934791088104248,0.9669739603996277
0.9399141669273376,0.934758186340332,0.9669486284255981
0.9399141669273376,0.9347153902053833,0.9669244289398193
0.9356223344802856,0.9347095489501953,0.9669119715690613
0.9356223344802856,0.934667706489563,0.9668939709663391
0.9184549450874329,0.9346275925636292,0.9668713212013245
0.9356223344802856,0.9346438646316528,0.9668644666671753
0.9270386099815369,0.9346164464950562,0.966843843460083
0.9313304424285889,0.9345836639404297,0.9668212532997131
0.9399141669273376,0.9345564246177673,0.9668065905570984
0.9356223344802856,0.934511125087738,0.966781497001648
0.9270386099815369,0.93447345495224,0.966753363609314
0.9442059993743896,0.9344558119773865,0.9667285680770874
