accuracy,precision,recall
0.9227467775344849,0.9247779250144958,0.9649961590766907
0.9313304424285889,0.9247863292694092,0.9650088548660278
0.9313304424285889,0.9247623085975647,0.9650017619132996
0.9270386099815369,0.9247555732727051,0.9649782180786133
0.9442059993743896,0.9247528910636902,0.9649604558944702
0.9313304424285889,0.9247140288352966,0.9649510383605957
0.9356223344802856,0.9246716499328613,0.9649283289909363
0.9356223344802856,0.9246481657028198,0.9649025797843933
0.9313304424285889,0.9246217012405396,0.9648957252502441
0.9270386099815369,0.9245789051055908,0.9648897647857666
0.9527897238731384,0.9245530366897583,0.9648784399032593
0.9442059993743896,0.9245041608810425,0.9648727774620056
0.9313304424285889,0.9244779348373413,0.9648571014404297
0.9270386099815369,0.9244255423545837,0.9648399949073792
0.9356223344802856,0.9243649840354919,0.9648095965385437
0.9399141669273376,0.9243654608726501,0.964790940284729
0.9313304424285889,0.9242963194847107,0.9647509455680847
0.9313304424285889,0.9242681264877319,0.9647208452224731
0.9399141669273376,0.9242376089096069,0.9646981358528137
0.9227467775344849,0.9241747856140137,0.9646627902984619
0.9356223344802856,0.9241558313369751,0.9646565914154053
0.9484978318214417,0.9241003394126892,0.9646288156509399
0.9356223344802856,0.9240883588790894,0.9646148681640625
0.9527897238731384,0.9240771532058716,0.9646144509315491
0.9313304424285889,0.9240390658378601,0.9645875096321106
0.9227467775344849,0.9239968657493591,0.9645652770996094
0.9484978318214417,0.923952043056488,0.9645446538925171
0.9270386099815369,0.9239158630371094,0.9645271301269531
0.9356223344802856,0.9238717555999756,0.9645057916641235
0.9356223344802856,0.923873245716095,0.9644939303398132
