accuracy,precision,recall
0.9270386099815369,0.9344371557235718,0.9667057394981384
0.9184549450874329,0.9344183206558228,0.9666863679885864
0.9184549450874329,0.9343822002410889,0.9666597247123718
0.9356223344802856,0.9343710541725159,0.9666371941566467
0.9399141669273376,0.9343634843826294,0.9666153788566589
0.9184549450874329,0.9342965483665466,0.9665915966033936
0.9442059993743896,0.9342402219772339,0.9665659666061401
0.9270386099815369,0.9342385530471802,0.9665511846542358
0.9184549450874329,0.9342010021209717,0.9665193557739258
0.9184549450874329,0.934177041053772,0.9665055274963379
0.9442059993743896,0.9341654181480408,0.9664966464042664
0.9141631126403809,0.9341175556182861,0.9664620757102966
0.9313304424285889,0.9340801239013672,0.9664325714111328
0.9227467775344849,0.934015154838562,0.9664073586463928
0.9270386099815369,0.933972954750061,0.9663854241371155
0.9399141669273376,0.9339871406555176,0.9663721323013306
0.9356223344802856,0.9339213371276855,0.9663457274436951
0.9442059993743896,0.93387770652771,0.9663011431694031
0.9399141669273376,0.933842122554779,0.9662801027297974
0.9313304424285889,0.9337624311447144,0.9662383794784546
0.9356223344802856,0.9337558150291443,0.9662259221076965
0.9270386099815369,0.9336991310119629,0.9662012457847595
0.9141631126403809,0.9336839914321899,0.9661884307861328
0.9313304424285889,0.933687150478363,0.9661781787872314
0.9313304424285889,0.9336564540863037,0.9661572575569153
0.9313304424285889,0.9336232542991638,0.9661330580711365
0.9356223344802856,0.9335896968841553,0.9661118984222412
0.9270386099815369,0.9335588216781616,0.966096818447113
0.9227467775344849,0.9335134029388428,0.9660705327987671
0.9442059993743896,0.9334854483604431,0.9660426378250122
