kbann,kill,kins,uneducated
0.993148871749432,1.00437312352656,0.9993800857376433,4.411506650052198
