uneducated absolute,kins absolute,kill absolute,kbann absolute,uneducated relative,kins relative,kill relative,kbann relative
1.4367216379567527,1.4356450218040566,1.438503085458183,1.4317171851477644,1.0,0.9992506438796125,1.0012399392160363,0.9965167554543791
