accuracy,precision,recall
0.8465082049369812,0.8319776058197021,0.822958767414093
0.8492721319198608,0.8316041827201843,0.8225783109664917
0.846262514591217,0.8312382698059082,0.8222028613090515
0.8501935005187988,0.8308714628219604,0.821829617023468
0.845586895942688,0.8305059671401978,0.8214492201805115
0.8487193584442139,0.8301466703414917,0.8210752010345459
0.8509305119514465,0.8298018574714661,0.8206809163093567
0.848965048789978,0.8294464349746704,0.8203129768371582
0.8442970514297485,0.82908034324646,0.8199325203895569
0.8465082049369812,0.8287571668624878,0.8195569515228271
0.8453412055969238,0.8284019827842712,0.8191623091697693
0.8477980494499207,0.8280564546585083,0.8187955617904663
0.8477980494499207,0.8276906609535217,0.8184210062026978
0.8496406674385071,0.8273293972015381,0.8180332183837891
0.8498863577842712,0.8269579410552979,0.817671000957489
0.8486579656600952,0.8265917301177979,0.817321240901947
0.8449112176895142,0.8262099623680115,0.816928505897522
0.8465695977210999,0.8258667588233948,0.8165626525878906
0.8449726700782776,0.8255384564399719,0.8161859512329102
0.8477980494499207,0.8251948356628418,0.8158035278320312
0.8497635126113892,0.8248384594917297,0.8154062032699585
0.8476752042770386,0.8244897723197937,0.8150120377540588
0.8485965132713318,0.8241273164749146,0.8146357536315918
0.8463853597640991,0.8237844109535217,0.8142489194869995
0.8499478101730347,0.8234471082687378,0.8138749003410339
0.8481051325798035,0.8230873942375183,0.8135093450546265
0.8479208946228027,0.8227327466011047,0.8131409883499146
0.8483508229255676,0.8223882913589478,0.812774658203125
0.8471838235855103,0.822030782699585,0.8123869299888611
0.8471838235855103,0.8216859698295593,0.8120099306106567
