accuracy,precision,recall
0.8469381332397461,0.8213576078414917,0.8116759657859802
0.8489036560058594,0.8210378885269165,0.8113327622413635
0.8467538952827454,0.820711612701416,0.8109834790229797
0.8447269797325134,0.8203741312026978,0.810646116733551
0.8502548933029175,0.8200678825378418,0.8103103041648865
0.8427615165710449,0.8197637796401978,0.809959888458252
0.8476752042770386,0.8194656372070312,0.8096013069152832
0.8456482887268066,0.8191551566123962,0.8092670440673828
0.8446041345596313,0.8188265562057495,0.8089383244514465
0.8484736680984497,0.8185354471206665,0.808617115020752
0.8442355990409851,0.8182157278060913,0.8082849383354187
0.8460168242454529,0.817930281162262,0.8079319000244141
0.8495792746543884,0.8176036477088928,0.8076002597808838
0.8505619764328003,0.8172912001609802,0.8072724342346191
0.8456482887268066,0.816978931427002,0.8069247603416443
0.8446655869483948,0.816659688949585,0.8065892457962036
0.8499478101730347,0.81632399559021,0.8062742352485657
0.8460782766342163,0.8160117268562317,0.8059619665145874
0.8479822874069214,0.8157138824462891,0.8056260943412781
0.843437135219574,0.8153996467590332,0.805290699005127
0.848842203617096,0.8150922060012817,0.8049626350402832
0.8500092029571533,0.8147658705711365,0.80462646484375
0.8472452759742737,0.8144454956054688,0.8042955994606018
0.8498863577842712,0.8141250014305115,0.8039647340774536
0.848842203617096,0.8138140439987183,0.803648054599762
0.8481665849685669,0.8134982585906982,0.803320050239563
0.8465695977210999,0.8131943941116333,0.8029876351356506
0.8476138114929199,0.8128747344017029,0.8026685118675232
0.8474295139312744,0.8125616312026978,0.8023371696472168
0.848965048789978,0.8122564554214478,0.802000105381012
