accuracy,precision,recall
0.8473066687583923,0.8119739294052124,0.8017882108688354
0.8464467525482178,0.8116855025291443,0.8014927506446838
0.8442355990409851,0.8114108443260193,0.8011876344680786
0.8485965132713318,0.8111266493797302,0.8008823990821838
0.848842203617096,0.8108521699905396,0.8005963563919067
0.8411031365394592,0.810579776763916,0.800300657749176
0.8490878939628601,0.8103261590003967,0.799990177154541
0.8454025983810425,0.810056746006012,0.7999193668365479
0.8455254435539246,0.8097553253173828,0.7998443245887756
0.846139669418335,0.809481143951416,0.7997814416885376
0.8498249650001526,0.8092018961906433,0.7997047305107117
0.838584840297699,0.8089289665222168,0.7996293902397156
0.8444198966026306,0.8086553812026978,0.7995395064353943
0.8471224308013916,0.8083778619766235,0.7994691133499146
0.8481051325798035,0.8081054091453552,0.7993769645690918
0.846139669418335,0.8078306913375854,0.799287736415863
0.850439190864563,0.8075560331344604,0.799202024936676
0.8495792746543884,0.807274341583252,0.7991352081298828
0.8458325862884521,0.8070144653320312,0.7990644574165344
0.8451569080352783,0.8067398071289062,0.7989879846572876
0.8473681211471558,0.8064790964126587,0.7989196181297302
0.8483508229255676,0.806182861328125,0.7988371253013611
0.8460168242454529,0.8058901429176331,0.798764705657959
0.8474295139312744,0.8056317567825317,0.7986773252487183
0.8492107391357422,0.8053607940673828,0.7986125349998474
0.8466924428939819,0.8050824403762817,0.7985443472862244
0.8466924428939819,0.8048115372657776,0.7984638810157776
0.8469995856285095,0.8045578002929688,0.7983930706977844
0.844112753868103,0.8042699694633484,0.798311710357666
0.8465082049369812,0.8040143251419067,0.7982255816459656
