accuracy,precision,recall
0.8474295139312744,0.666616678237915,0.7759475111961365
0.8477365970611572,0.6666166186332703,0.7758808135986328
0.8470609784126282,0.6666151881217957,0.7758176922798157
0.8439285159111023,0.6666151285171509,0.7757357358932495
0.8454025983810425,0.6666150689125061,0.7756668925285339
0.8458939790725708,0.6666150093078613,0.775604248046875
0.8480437397956848,0.6666150093078613,0.7755206227302551
0.8474295139312744,0.6666146516799927,0.7754514813423157
0.848289430141449,0.6666146516799927,0.7753698825836182
0.8498249650001526,0.6666145920753479,0.7753065228462219
0.8473066687583923,0.6666145920753479,0.7752282023429871
0.8460168242454529,0.6666144728660583,0.7751541137695312
0.8500706553459167,0.6666069626808167,0.7750647664070129
0.8490265011787415,0.6666069626808167,0.7749945521354675
0.8492107391357422,0.6666069030761719,0.7749103903770447
0.848289430141449,0.6666069030761719,0.7748388648033142
0.8485965132713318,0.6666068434715271,0.7747576832771301
0.8490265011787415,0.6666067838668823,0.7746906876564026
0.8500092029571533,0.6666067838668823,0.7746275067329407
0.8457097411155701,0.6666064262390137,0.7745664715766907
0.8469381332397461,0.6666063070297241,0.7745054960250854
0.8502548933029175,0.6666063070297241,0.77443528175354
0.8454640507698059,0.6666062474250793,0.774353563785553
0.8445427417755127,0.6666048169136047,0.7742918133735657
0.8483508229255676,0.6666048169136047,0.7742307782173157
0.8483508229255676,0.6666046977043152,0.7741624712944031
0.8450340628623962,0.6666046380996704,0.7740881443023682
0.8478594422340393,0.6666046380996704,0.7740271687507629
0.8426386713981628,0.6666042804718018,0.7739569544792175
0.8472452759742737,0.6666042804718018,0.7738946080207825
