accuracy,precision,recall
0.8452183604240417,0.8473583459854126,0.8401787281036377
0.8444198966026306,0.8473528027534485,0.8400912880897522
0.8466310501098633,0.8473420143127441,0.840120255947113
0.8473066687583923,0.8473816514015198,0.8399347066879272
0.8466924428939819,0.8475013971328735,0.839876115322113
0.8458939790725708,0.8474511504173279,0.8398204445838928
0.8468767404556274,0.8474174737930298,0.8398953676223755
0.8465082049369812,0.8474748730659485,0.8398811221122742
0.8447269797325134,0.8474807143211365,0.8396928906440735
0.8487808108329773,0.847627580165863,0.8396929502487183
0.8471224308013916,0.8476953506469727,0.8396392464637756
0.8476138114929199,0.847719132900238,0.8397434949874878
0.8464467525482178,0.847686767578125,0.8396900296211243
0.848842203617096,0.8475732207298279,0.839684247970581
0.8451569080352783,0.8475732207298279,0.8395994901657104
0.8491492867469788,0.8475346565246582,0.839606523513794
0.8450340628623962,0.8475559949874878,0.839447021484375
0.8478594422340393,0.8474948406219482,0.8395922780036926
0.845586895942688,0.84747314453125,0.8398064970970154
0.846262514591217,0.8474947214126587,0.8397826552391052
0.8483508229255676,0.8474494218826294,0.8399348258972168
0.8481665849685669,0.847410261631012,0.8399353623390198
0.8469995856285095,0.8473278880119324,0.8397805690765381
0.8451569080352783,0.8473726511001587,0.8397917151451111
0.8462011218070984,0.8474736213684082,0.8398058414459229
0.8458939790725708,0.847501814365387,0.8398149609565735
0.8439285159111023,0.8475031852722168,0.8398744463920593
0.8415945172309875,0.8475410342216492,0.8397918939590454
0.8459554314613342,0.8475273251533508,0.8398416042327881
0.8477365970611572,0.8475019335746765,0.8397221565246582
