accuracy,precision,recall
0.8415945172309875,0.6665948629379272,0.7718887329101562
0.8457097411155701,0.6665948629379272,0.7718202471733093
0.8450955152511597,0.6665947437286377,0.7717589139938354
0.8449112176895142,0.6665947437286377,0.771699845790863
0.8445427417755127,0.6665947437286377,0.7716450095176697
0.8463239073753357,0.6665947437286377,0.7715966701507568
0.8469381332397461,0.6665947437286377,0.77152419090271
0.8485351204872131,0.6665933132171631,0.7714841961860657
0.8449726700782776,0.6665932536125183,0.7714228630065918
0.8444198966026306,0.6665932536125183,0.7713642716407776
0.8453412055969238,0.6665931344032288,0.7713032960891724
0.8476752042770386,0.6665931344032288,0.7712482810020447
0.8458939790725708,0.6665927767753601,0.7711787223815918
0.8463853597640991,0.6665927171707153,0.7711162567138672
0.8451569080352783,0.6665927171707153,0.7710590362548828
0.8473066687583923,0.6665925979614258,0.7710040807723999
0.8470609784126282,0.6665868163108826,0.7709355354309082
0.848412275314331,0.6665867567062378,0.7708835005760193
0.8462011218070984,0.6665867567062378,0.770844042301178
0.8459554314613342,0.666586697101593,0.7707822918891907
0.8486579656600952,0.6665866374969482,0.7707309126853943
0.8452797532081604,0.6665866374969482,0.7706609964370728
0.8465695977210999,0.6665866374969482,0.7706093192100525
0.8467538952827454,0.6665862798690796,0.7705482840538025
0.8487808108329773,0.6665862202644348,0.7705072164535522
0.8462011218070984,0.66658616065979,0.7704448699951172
0.8477365970611572,0.6665861010551453,0.7703838348388672
0.8438056707382202,0.6665861010551453,0.7703040242195129
0.8437442183494568,0.6665846705436707,0.7702412605285645
0.8445427417755127,0.6665846705436707,0.7701802253723145
