accuracy,precision,recall
0.8484736680984497,0.846862256526947,0.8406654000282288
0.8485351204872131,0.8468018174171448,0.8406586050987244
0.848965048789978,0.8467797040939331,0.8406067490577698
0.8449726700782776,0.8467638492584229,0.8405559062957764
0.8480437397956848,0.8467493653297424,0.8405976891517639
0.8496406674385071,0.8467333316802979,0.8406155705451965
0.8502548933029175,0.846733808517456,0.8405762910842896
0.8499478101730347,0.8466559648513794,0.8406060934066772
0.8491492867469788,0.8466406464576721,0.8405525088310242
0.848842203617096,0.8465967178344727,0.8405382633209229
0.8500092029571533,0.8465571403503418,0.8405525088310242
0.848289430141449,0.8464966416358948,0.8405478000640869
0.8499478101730347,0.8464657664299011,0.8404757976531982
0.8470609784126282,0.8464966416358948,0.8404518365859985
0.8505005836486816,0.8465269804000854,0.8403710722923279
0.8469995856285095,0.8464971780776978,0.8403931260108948
0.849517822265625,0.8465052247047424,0.8403711318969727
0.8498863577842712,0.8465180993080139,0.840330183506012
0.8500706553459167,0.8464747071266174,0.8403405547142029
0.8479822874069214,0.846489667892456,0.8402993679046631
0.8485351204872131,0.8468931317329407,0.8405529856681824
0.8470609784126282,0.8472589254379272,0.8408525586128235
0.8500092029571533,0.8475565910339355,0.8412187695503235
0.8484736680984497,0.8478767275810242,0.8415849804878235
0.8493949770927429,0.8482428789138794,0.8418295383453369
0.8500706553459167,0.8485786318778992,0.8420716524124146
0.8499478101730347,0.848883867263794,0.8423531651496887
0.8508691191673279,0.849158525466919,0.8426508903503418
0.8463239073753357,0.8494189381599426,0.8429242968559265
0.8490878939628601,0.8496772646903992,0.8431706428527832
