accuracy,precision,recall
0.8484736680984497,0.678119957447052,0.8449926972389221
0.8487808108329773,0.67802894115448,0.8442999124526978
0.8485965132713318,0.6779367327690125,0.843629777431488
0.8472452759742737,0.6778451800346375,0.8429334163665771
0.8485351204872131,0.677753746509552,0.8422552347183228
0.8484736680984497,0.6776710748672485,0.8415601253509521
0.8491492867469788,0.6775732636451721,0.8408843874931335
0.8505619764328003,0.67747962474823,0.8402172923088074
0.8486579656600952,0.677388072013855,0.839539647102356
0.8502548933029175,0.6772994995117188,0.8388659954071045
0.8505619764328003,0.6772157549858093,0.8381726145744324
0.8492107391357422,0.6771240830421448,0.837495744228363
0.8505619764328003,0.6770331859588623,0.8368192911148071
0.8473066687583923,0.6769410967826843,0.8361510038375854
0.8498249650001526,0.6768521666526794,0.8354781270027161
0.8509305119514465,0.6767579913139343,0.8348010182380676
0.8487193584442139,0.6766684055328369,0.8341180086135864
0.848842203617096,0.6765725612640381,0.8334661722183228
0.8500092029571533,0.6764916777610779,0.8327943086624146
0.848289430141449,0.6763939261436462,0.8321320414543152
0.8475523591041565,0.6763092875480652,0.8314566612243652
0.8503777384757996,0.6762303113937378,0.8307795524597168
0.8474909663200378,0.676146924495697,0.8301063776016235
0.8491492867469788,0.6760645508766174,0.8294159770011902
0.8496406674385071,0.6759840846061707,0.8287424445152283
0.8503163456916809,0.6759033799171448,0.8280641436576843
0.8485351204872131,0.6757919192314148,0.8274250030517578
0.8490265011787415,0.6757003664970398,0.8267768025398254
0.850439190864563,0.6756199598312378,0.8261072039604187
0.8481051325798035,0.6755259037017822,0.8254400491714478
