accuracy,precision,recall
0.8456482887268066,0.8471989631652832,0.8405466675758362
0.8490265011787415,0.8472002148628235,0.8405064344406128
0.8492721319198608,0.8471590280532837,0.8404632210731506
0.8439285159111023,0.8470765352249146,0.8404613733291626
0.8490265011787415,0.8470779061317444,0.8404016494750977
0.8478594422340393,0.8471046090126038,0.8403860926628113
0.850439190864563,0.8471067547798157,0.8403105735778809
0.8497635126113892,0.8470460772514343,0.8403355479240417
0.8497635126113892,0.8470080494880676,0.8402799963951111
0.8474909663200378,0.8469151854515076,0.8403534889221191
0.8480437397956848,0.8469005823135376,0.8402929306030273
0.8498863577842712,0.8468717336654663,0.8402472734451294
0.8500706553459167,0.8468324542045593,0.8402729630470276
0.8489036560058594,0.8468627333641052,0.8402400016784668
0.8516061902046204,0.8468407988548279,0.8402419090270996
0.8486579656600952,0.8468859195709229,0.8401793241500854
0.8499478101730347,0.8468629717826843,0.8402009606361389
0.8492107391357422,0.8468610644340515,0.8401502370834351
0.8506848216056824,0.8468323349952698,0.8401473164558411
0.8490265011787415,0.8468327522277832,0.840116560459137
0.8509305119514465,0.847196638584137,0.8404454588890076
0.8493949770927429,0.8475340008735657,0.8408204913139343
0.848842203617096,0.8478608131408691,0.8411791920661926
0.8491492867469788,0.8481755256652832,0.841520369052887
0.8503163456916809,0.8485111594200134,0.8417882323265076
0.849517822265625,0.8487634062767029,0.8421342968940735
0.8512990474700928,0.8491514325141907,0.8422777652740479
0.8501935005187988,0.8494284152984619,0.8425672054290771
0.8444812893867493,0.8496699333190918,0.8428718447685242
0.8475523591041565,0.8499535322189331,0.8430502414703369
