accuracy,precision,recall
0.8368036150932312,0.8518983125686646,0.8441463708877563
0.8369264602661133,0.8518977165222168,0.8441686630249023
0.8394447565078735,0.8518981337547302,0.8441767692565918
0.8313371539115906,0.8518761396408081,0.8441863059997559
0.8385234475135803,0.8518893718719482,0.8442187309265137
0.8390148282051086,0.8518676161766052,0.8442601561546326
0.8402432203292847,0.8518744707107544,0.8442708253860474
0.8385234475135803,0.8518698215484619,0.844297468662262
0.8336711525917053,0.8518908619880676,0.8443061709403992
0.8299858570098877,0.8518980741500854,0.8443281054496765
0.8401203751564026,0.8518964648246765,0.8443383574485779
0.837479293346405,0.8518744707107544,0.8443672060966492
0.8280203938484192,0.8518676161766052,0.8444103002548218
0.8341625332832336,0.851874589920044,0.844418466091156
0.8363122940063477,0.8518604636192322,0.8444303870201111
0.8395676016807556,0.8518676161766052,0.8444440960884094
0.8390148282051086,0.8518682718276978,0.8444604873657227
0.8377863764762878,0.8518694043159485,0.8444825410842896
0.8318285346031189,0.8518891930580139,0.8444825410842896
0.8289417028427124,0.8518681526184082,0.8445055484771729
0.8369879126548767,0.851874589920044,0.8445130586624146
0.8248264789581299,0.8518765568733215,0.8445413112640381
0.8327498435974121,0.8518592119216919,0.8445653915405273
0.8350223898887634,0.8518602848052979,0.8445762395858765
0.8389533758163452,0.8518699407577515,0.8446023464202881
0.8361279964447021,0.8518698215484619,0.8446135520935059
0.8312757015228271,0.851891279220581,0.8446344137191772
0.8304158449172974,0.8518998622894287,0.8446356058120728
0.8388305306434631,0.8519201278686523,0.8446441888809204
0.8323813080787659,0.8519265055656433,0.8446336984634399
