accuracy,precision,recall
0.8436213731765747,0.8501821756362915,0.8433205485343933
0.8447884321212769,0.8503795266151428,0.8435755372047424
0.8493335843086243,0.8506074547767639,0.8438088893890381
0.848289430141449,0.8508211970329285,0.843970775604248
0.8492721319198608,0.8510364890098572,0.8441767692565918
0.8482279777526855,0.8511894345283508,0.844421923160553
0.8501935005187988,0.8513776063919067,0.8446066379547119
0.8506848216056824,0.8515642285346985,0.8448089957237244
0.8474295139312744,0.8516917824745178,0.8449922204017639
0.8485965132713318,0.8518959879875183,0.8451465368270874
0.8490265011787415,0.8520811200141907,0.845245361328125
0.8476752042770386,0.8522343635559082,0.8454262018203735
0.8500706553459167,0.8523865342140198,0.8455435633659363
0.848412275314331,0.8525673747062683,0.8456748127937317
0.8492721319198608,0.8526830673217773,0.8458471894264221
0.8465082049369812,0.8528046607971191,0.8460084795951843
0.8460782766342163,0.852937638759613,0.8461230993270874
0.8474295139312744,0.8530968427658081,0.8462288975715637
0.848842203617096,0.8532324433326721,0.8463727831840515
0.8508076667785645,0.8533550500869751,0.8464965224266052
0.8497635126113892,0.8534846305847168,0.8465858697891235
0.8489036560058594,0.8536139130592346,0.8467101454734802
0.8493949770927429,0.8536902666091919,0.8468910455703735
0.8490265011787415,0.8538190126419067,0.8469829559326172
0.8503163456916809,0.8539407849311829,0.8470999598503113
0.8481051325798035,0.8540627956390381,0.8471751809120178
0.8489036560058594,0.8541475534439087,0.8473421335220337
0.850439190864563,0.8542604446411133,0.8474499583244324
0.8505619764328003,0.8543394207954407,0.847564160823822
0.8473066687583923,0.8544332981109619,0.8476647734642029
