accuracy,precision,recall
0.8464467525482178,0.8544995188713074,0.8478083610534668
0.8491492867469788,0.8545855283737183,0.8479025959968567
0.8476138114929199,0.8546968102455139,0.8479835391044617
0.848965048789978,0.854759931564331,0.8480439782142639
0.8497021198272705,0.8548362851142883,0.8481513261795044
0.8491492867469788,0.8549110293388367,0.8482576608657837
0.8509305119514465,0.8549719452857971,0.8483560085296631
0.8498863577842712,0.8550935983657837,0.8484518527984619
0.8506848216056824,0.8552483320236206,0.8485718965530396
0.8468767404556274,0.8554467558860779,0.8486413955688477
0.8497021198272705,0.8555514812469482,0.8487855195999146
0.849517822265625,0.8556908965110779,0.8489069938659668
0.8491492867469788,0.8558434844017029,0.8489989638328552
0.8471224308013916,0.8559592366218567,0.8491189479827881
0.848842203617096,0.8560876250267029,0.8492408990859985
0.8493335843086243,0.8562016487121582,0.8493653535842896
0.8510533571243286,0.856285572052002,0.8494993448257446
0.8500092029571533,0.8563843369483948,0.8496416211128235
0.8467538952827454,0.8565187454223633,0.8497403264045715
0.8458325862884521,0.8566212058067322,0.8498552441596985
0.848412275314331,0.8567199110984802,0.849951982498169
0.8492721319198608,0.8568094372749329,0.8500602841377258
0.8502548933029175,0.856902539730072,0.8501569032669067
0.8493335843086243,0.8569941520690918,0.8502504229545593
0.8466310501098633,0.8570860028266907,0.8503435254096985
0.849517822265625,0.8571850061416626,0.8504247665405273
0.8495792746543884,0.8572994470596313,0.8505226373672485
0.8478594422340393,0.8573840856552124,0.8506165742874146
0.8485965132713318,0.8574839234352112,0.8506990075111389
0.8486579656600952,0.8575659394264221,0.8507996797561646
