accuracy,precision,recall
0.8485351204872131,0.8542854189872742,0.8478918671607971
0.8490878939628601,0.8543702363967896,0.847998857498169
0.848965048789978,0.8544598817825317,0.8480835556983948
0.8503163456916809,0.854529857635498,0.8481663465499878
0.8501935005187988,0.8546227216720581,0.8482648134231567
0.8496406674385071,0.8547142148017883,0.848329484462738
0.8492107391357422,0.8548058867454529,0.8483888506889343
0.8487808108329773,0.8548977971076965,0.8485326766967773
0.8487193584442139,0.855042040348053,0.8486413955688477
0.8487808108329773,0.8551657199859619,0.848785936832428
0.8499478101730347,0.8552623987197876,0.8489373922348022
0.848412275314331,0.855414628982544,0.8490528464317322
0.8478594422340393,0.8555580973625183,0.8491515517234802
0.851114809513092,0.8556801080703735,0.8492757678031921
0.8490878939628601,0.8557756543159485,0.8494189381599426
0.848412275314331,0.8558891415596008,0.84954833984375
0.8498249650001526,0.8559959530830383,0.8496416807174683
0.8508691191673279,0.8561118245124817,0.849768877029419
0.848289430141449,0.856238842010498,0.8498834371566772
0.8491492867469788,0.8563541769981384,0.849982500076294
0.8479208946228027,0.856452465057373,0.8500974774360657
0.8506848216056824,0.8565452694892883,0.8502124547958374
0.8486579656600952,0.8566356897354126,0.8503114581108093
0.8497635126113892,0.8567720651626587,0.8503717184066772
0.8469381332397461,0.8568422198295593,0.8504871129989624
0.8458939790725708,0.8569726347923279,0.850517988204956
0.8490265011787415,0.8570865988731384,0.8506158590316772
0.8487808108329773,0.8571773767471313,0.8507296442985535
0.8474295139312744,0.8572710752487183,0.8507989645004272
0.8492721319198608,0.8573523163795471,0.8509125709533691
