accuracy,precision,recall
0.8505619764328003,0.857664167881012,0.8508690595626831
0.8497021198272705,0.8577574491500854,0.8509306311607361
0.8453412055969238,0.8578485250473022,0.8510043025016785
0.8510533571243286,0.857933521270752,0.8510668873786926
0.8490265011787415,0.8580085635185242,0.8511568903923035
0.8474909663200378,0.8580626249313354,0.851250410079956
0.8492107391357422,0.8581849932670593,0.8512648940086365
0.8470609784126282,0.858253002166748,0.8513506054878235
0.8506234288215637,0.8583352565765381,0.8514171838760376
0.8421472907066345,0.8584068417549133,0.8515015244483948
0.8506848216056824,0.8584827184677124,0.8515602350234985
0.8466924428939819,0.8585515022277832,0.8516240119934082
0.848842203617096,0.8586124777793884,0.8516913652420044
0.8512376546859741,0.858680248260498,0.8517761826515198
0.8498863577842712,0.8587253093719482,0.8518744707107544
0.85099196434021,0.8587946891784668,0.8519569635391235
0.846815288066864,0.8588560223579407,0.8520200848579407
0.8462011218070984,0.8588889241218567,0.8521100282669067
0.8508691191673279,0.8589546084403992,0.8521813154220581
0.8501935005187988,0.859032154083252,0.8522360324859619
0.8473681211471558,0.8590997457504272,0.8522927761077881
0.8489036560058594,0.8591396808624268,0.8523327708244324
0.8484736680984497,0.8592222929000854,0.8523327708244324
0.8502548933029175,0.8592765927314758,0.8523553609848022
0.8476138114929199,0.8593377470970154,0.8523882031440735
0.8469381332397461,0.8594033122062683,0.8524169325828552
0.8493335843086243,0.859466016292572,0.8524492383003235
0.8420244455337524,0.859497606754303,0.8525083661079407
0.849517822265625,0.85955810546875,0.8525106906890869
0.8478594422340393,0.8595902919769287,0.8525606989860535
