accuracy,precision,recall
0.8479208946228027,0.857420027256012,0.8510058522224426
0.8487193584442139,0.8575112819671631,0.851076066493988
0.846262514591217,0.857597827911377,0.8511567711830139
0.8469381332397461,0.8576970100402832,0.851195752620697
0.8473681211471558,0.857795238494873,0.8512578010559082
0.851114809513092,0.8578781485557556,0.8513404130935669
0.849517822265625,0.8579712510108948,0.8513866066932678
0.8485351204872131,0.8580625653266907,0.8514641523361206
0.8498863577842712,0.8581452965736389,0.8515235185623169
0.8454640507698059,0.8582130670547485,0.8516020178794861
0.8514218926429749,0.8582979440689087,0.8516518473625183
0.8477980494499207,0.8583697080612183,0.8517155647277832
0.8477980494499207,0.8584307432174683,0.8517976999282837
0.849517822265625,0.8585121035575867,0.8518658876419067
0.8503777384757996,0.8585597276687622,0.8519376516342163
0.8493335843086243,0.858644425868988,0.8520112633705139
0.8493949770927429,0.8586952090263367,0.8520835041999817
0.8503163456916809,0.8587346076965332,0.8521796464920044
0.848965048789978,0.8588035702705383,0.8522554039955139
0.8494564294815063,0.8588794469833374,0.8523182272911072
0.849517822265625,0.8589478731155396,0.8523560166358948
0.8497635126113892,0.8589871525764465,0.8524096608161926
0.8507462739944458,0.8590465784072876,0.8524242043495178
0.848289430141449,0.859123706817627,0.8524258732795715
0.8477980494499207,0.859192430973053,0.8524407148361206
0.846815288066864,0.859260082244873,0.8524563908576965
0.8505619764328003,0.859321117401123,0.8525062799453735
0.8422086834907532,0.8593446016311646,0.8525713086128235
0.8474295139312744,0.8594053387641907,0.8525910973548889
0.8471838235855103,0.8594643473625183,0.8525999188423157
