accuracy,precision,recall
0.8471838235855103,0.668304979801178,0.793670117855072
0.8489036560058594,0.668234646320343,0.7935490608215332
0.8459554314613342,0.6681605577468872,0.7934266924858093
0.8493949770927429,0.6680909991264343,0.7933042645454407
0.8465082049369812,0.6680271029472351,0.7931829690933228
0.8505005836486816,0.6679495573043823,0.793062686920166
0.848965048789978,0.6678799986839294,0.7929474711418152
0.8487808108329773,0.6678168773651123,0.7928389310836792
0.8490265011787415,0.6677558422088623,0.7927037477493286
0.848842203617096,0.6676933765411377,0.7925947904586792
0.8497635126113892,0.6676032543182373,0.7924824357032776
0.8471838235855103,0.6675386428833008,0.7923657894134521
0.8479208946228027,0.6674612760543823,0.7922460436820984
0.8494564294815063,0.6673882007598877,0.792145311832428
0.8458325862884521,0.6673164367675781,0.7920305728912354
0.8460782766342163,0.66725754737854,0.7919079661369324
0.8493335843086243,0.667183518409729,0.7917808890342712
0.848965048789978,0.6671164631843567,0.7916642427444458
0.8485965132713318,0.6670539379119873,0.7915422916412354
0.8470609784126282,0.666991651058197,0.7914220094680786
0.8483508229255676,0.6669288873672485,0.7912976145744324
0.8470609784126282,0.66684889793396,0.7911807298660278
0.8501935005187988,0.6667879223823547,0.7910175919532776
0.8473066687583923,0.6667169332504272,0.7908958196640015
0.8490265011787415,0.6666656732559204,0.790802001953125
0.8506848216056824,0.6666656732559204,0.790679931640625
0.8471224308013916,0.6666656732559204,0.7905652523040771
0.8484736680984497,0.6666653156280518,0.790438175201416
0.8475523591041565,0.6666653156280518,0.790313184261322
0.8460168242454529,0.666665256023407,0.7902143001556396
