accuracy,precision,recall
0.8477365970611572,0.8596411943435669,0.8525713682174683
0.8514218926429749,0.8596806526184082,0.8525932431221008
0.8492721319198608,0.8597323298454285,0.8526000380516052
0.848412275314331,0.8597480058670044,0.8526217341423035
0.8494564294815063,0.8597500920295715,0.8526871800422668
0.8478594422340393,0.8597937822341919,0.8527131676673889
0.8503777384757996,0.8598309755325317,0.8527442216873169
0.8477980494499207,0.8598917126655579,0.8527527451515198
0.8485351204872131,0.8599355816841125,0.8527598977088928
0.8482279777526855,0.8600090742111206,0.852776288986206
0.8514833450317383,0.8600375056266785,0.8527836799621582
0.8486579656600952,0.8600767850875854,0.8528138995170593
0.846815288066864,0.860106885433197,0.852837324142456
0.8496406674385071,0.8601401448249817,0.8528662919998169
0.8506234288215637,0.8601617217063904,0.852904736995697
0.8498863577842712,0.8601989150047302,0.8529284596443176
0.8512990474700928,0.8602209687232971,0.8529430031776428
0.8497635126113892,0.8602579236030579,0.8529731035232544
0.8513604998588562,0.8602887392044067,0.852997362613678
0.8486579656600952,0.8603216409683228,0.8530251979827881
0.8486579656600952,0.8603520393371582,0.8530358672142029
0.8487193584442139,0.8603821992874146,0.8530358076095581
0.8475523591041565,0.860390841960907,0.8530557155609131
0.8486579656600952,0.8604040741920471,0.8530664443969727
0.8508076667785645,0.8604413270950317,0.8530951738357544
0.8476138114929199,0.8604734539985657,0.8531104326248169
0.8503163456916809,0.8605273962020874,0.8531184196472168
0.8452797532081604,0.8605583310127258,0.8531422019004822
0.8481051325798035,0.860573947429657,0.8531476855278015
0.848842203617096,0.8606173396110535,0.8531515598297119
