accuracy,precision,recall
0.8471838235855103,0.8594948649406433,0.8526284694671631
0.850439190864563,0.8595560193061829,0.8526374101638794
0.846262514591217,0.8595664501190186,0.852661669254303
0.8493335843086243,0.8596212267875671,0.8526611924171448
0.8499478101730347,0.8596713542938232,0.8526900410652161
0.8471838235855103,0.8597034215927124,0.8527148365974426
0.8507462739944458,0.859749972820282,0.8527216911315918
0.8473681211471558,0.8598244190216064,0.8527243137359619
0.848412275314331,0.8598333597183228,0.8527742028236389
0.8492721319198608,0.8598865270614624,0.8528069257736206
0.848965048789978,0.8598942160606384,0.8528357148170471
0.8511762022972107,0.8599548935890198,0.8528657555580139
0.8463853597640991,0.8599846363067627,0.8528745770454407
0.8479822874069214,0.860015332698822,0.8529050946235657
0.8466310501098633,0.860023021697998,0.852936327457428
0.8479822874069214,0.8600690960884094,0.8529661893844604
0.8498863577842712,0.8600836396217346,0.8529894948005676
0.8498249650001526,0.8601146340370178,0.8530201315879822
0.8491492867469788,0.8601611852645874,0.8530362844467163
0.8508076667785645,0.8602057099342346,0.8530578017234802
0.8481665849685669,0.8602011203765869,0.8530884385108948
0.8474295139312744,0.8602532148361206,0.8530668020248413
0.8492107391357422,0.8602684140205383,0.8530810475349426
0.849517822265625,0.860260009765625,0.8531167507171631
0.8500092029571533,0.8602923154830933,0.8531476855278015
0.8485351204872131,0.860320508480072,0.8531777858734131
0.8501320481300354,0.8603802919387817,0.853180468082428
0.8470609784126282,0.860412061214447,0.8532087206840515
0.8470609784126282,0.8604413270950317,0.8532105088233948
0.8469995856285095,0.8604519367218018,0.8532387018203735
