accuracy,precision,recall
0.8484736680984497,0.6666563153266907,0.7868629097938538
0.8497021198272705,0.6666563153266907,0.7867510914802551
0.8455254435539246,0.6666563153266907,0.7866493463516235
0.8474909663200378,0.666655957698822,0.7865391373634338
0.8425772190093994,0.6666558980941772,0.7864457964897156
0.846139669418335,0.6666558980941772,0.7863441109657288
0.8489036560058594,0.6666558980941772,0.7862340807914734
0.8471224308013916,0.6666557788848877,0.7861424684524536
0.8470609784126282,0.6666557788848877,0.7860186696052551
0.8520361185073853,0.6666557788848877,0.7859399914741516
0.8492721319198608,0.6666543483734131,0.7858351469039917
0.8478594422340393,0.6666542887687683,0.7857354879379272
0.8492721319198608,0.6666542887687683,0.7856219410896301
0.8520361185073853,0.6666541695594788,0.7855226397514343
0.8472452759742737,0.6666541695594788,0.7854285836219788
0.8492721319198608,0.6666538119316101,0.7853392958641052
0.8485351204872131,0.6666538119316101,0.7852404117584229
0.8493335843086243,0.6666537523269653,0.7851336598396301
0.8470609784126282,0.6666536331176758,0.7850416302680969
0.8481051325798035,0.6666536331176758,0.7849425673484802
0.8481665849685669,0.6666536331176758,0.7848297357559204
0.8449112176895142,0.6666478514671326,0.7847266793251038
0.8497635126113892,0.6666477918624878,0.7846046090126038
0.8475523591041565,0.6666477918624878,0.7844770550727844
0.8468767404556274,0.6666476726531982,0.7843855023384094
0.8485351204872131,0.6666473150253296,0.7842786312103271
0.8469995856285095,0.6666472554206848,0.7841777205467224
0.8471224308013916,0.6666472554206848,0.784059464931488
0.8469995856285095,0.6666472554206848,0.783965528011322
0.8483508229255676,0.66664719581604,0.7838514447212219
