accuracy,precision,recall
0.8484736680984497,0.8572460412979126,0.849578857421875
0.8499478101730347,0.8567811250686646,0.8491125702857971
0.8505005836486816,0.8563462495803833,0.8486256003379822
0.8480437397956848,0.8558655381202698,0.8481531143188477
0.8507462739944458,0.85540771484375,0.8476958274841309
0.8494564294815063,0.8549500703811646,0.8472311496734619
0.8492107391357422,0.8544910550117493,0.846771776676178
0.8444812893867493,0.854036271572113,0.8463116884231567
0.8444198966026306,0.853607177734375,0.8458184003829956
0.8451569080352783,0.8531730771064758,0.8453357219696045
0.848842203617096,0.8527244329452515,0.8448508977890015
0.8498863577842712,0.8522734045982361,0.844392716884613
0.8505619764328003,0.8518458604812622,0.8439048528671265
0.8500092029571533,0.8514031171798706,0.8434380292892456
0.8501320481300354,0.8509527444839478,0.8429645299911499
0.8475523591041565,0.8505164384841919,0.8424919843673706
0.8509305119514465,0.8500440120697021,0.8420110940933228
0.8482279777526855,0.8495811223983765,0.8415762782096863
0.8497635126113892,0.8491522073745728,0.8411036729812622
0.8481665849685669,0.8487198948860168,0.84063720703125
0.8473681211471558,0.8482709527015686,0.8401658535003662
0.849517822265625,0.8478411436080933,0.8396843075752258
0.8460168242454529,0.8474041819572449,0.8392032384872437
0.8507462739944458,0.8469531536102295,0.8387377858161926
0.8496406674385071,0.8465110659599304,0.8382818698883057
0.848842203617096,0.8460766673088074,0.8378021121025085
0.850439190864563,0.8456426858901978,0.83734130859375
0.8476138114929199,0.845186173915863,0.8368927240371704
0.850439190864563,0.8447499871253967,0.8364281058311462
0.8463853597640991,0.8443085551261902,0.8359662890434265
