accuracy,precision,recall
0.8486579656600952,0.8572104573249817,0.8496699333190918
0.8492107391357422,0.8567594885826111,0.8491827249526978
0.8492721319198608,0.8563215136528015,0.8487019538879395
0.8474909663200378,0.8558637499809265,0.8482292294502258
0.8475523591041565,0.855431079864502,0.8477482795715332
0.8490265011787415,0.8549785614013672,0.8472668528556824
0.8485351204872131,0.8545222282409668,0.8468016982078552
0.8470609784126282,0.8540934920310974,0.8463221192359924
0.8469995856285095,0.8536360263824463,0.845855712890625
0.8477365970611572,0.8531885147094727,0.8453910946846008
0.848965048789978,0.8527312278747559,0.8449170589447021
0.8476138114929199,0.8522955179214478,0.8444497585296631
0.8473681211471558,0.8518463373184204,0.8439727425575256
0.8511762022972107,0.851402997970581,0.843505859375
0.848965048789978,0.8509302139282227,0.8430495262145996
0.8492721319198608,0.8504930734634399,0.842589795589447
0.8486579656600952,0.8500598669052124,0.8420951962471008
0.8499478101730347,0.849609375,0.8416374921798706
0.8494564294815063,0.8491606116294861,0.8411866426467896
0.8481665849685669,0.8487264513969421,0.8407151699066162
0.8497021198272705,0.8482886552810669,0.840247631072998
0.8471838235855103,0.8478388786315918,0.8397758603096008
0.8497021198272705,0.847402811050415,0.83929443359375
0.8478594422340393,0.8469312191009521,0.838829755783081
0.8469995856285095,0.846520185470581,0.8383507132530212
0.8484736680984497,0.8460778594017029,0.8378905057907104
0.8496406674385071,0.8456426858901978,0.8374311327934265
0.8497021198272705,0.8451933860778809,0.8369746208190918
0.8481665849685669,0.8447502255439758,0.8365156054496765
0.849517822265625,0.8443299531936646,0.8360294103622437
