kbann,kill,kins,uneducated
1.0382534853171705,1.0318257699172682,1.04934310756977,217.6197214270166
