uneducated absolute,kins absolute,kill absolute,kbann absolute,uneducated relative,kins relative,kill relative,kbann relative
217.61971194446514,228.35775244519655,224.5456285193669,225.91063727865316,1.0,1.0493431426996451,1.031825777697331,1.0380982276840058
