accuracy,precision,recall
0.9407894611358643,0.9956092834472656,0.9907556176185608
0.9407894611358643,0.9956062436103821,0.9907460808753967
0.9351503849029541,0.9956033229827881,0.990738034248352
0.9483082890510559,0.995602548122406,0.9907323122024536
0.9464285969734192,0.9955998659133911,0.990723192691803
0.9370300769805908,0.9955998659133911,0.9907174706459045
0.9398496150970459,0.9955960512161255,0.9907098412513733
0.9370300769805908,0.9955962896347046,0.9907041192054749
0.9266917109489441,0.9955954551696777,0.9906982183456421
0.9257518649101257,0.9955958127975464,0.9906947016716003
0.9436089992523193,0.9955958127975464,0.9906889796257019
0.9454887509346008,0.9955922365188599,0.9906808137893677
0.932330846786499,0.9955906867980957,0.9906735420227051
0.9285714030265808,0.9955896735191345,0.990667998790741
0.9398496150970459,0.9955894351005554,0.9906620979309082
0.9351503849029541,0.9955889582633972,0.9906570315361023
0.9389097690582275,0.9955877661705017,0.9906506538391113
0.9360902309417725,0.9955869317054749,0.9906449913978577
0.9407894611358643,0.9955846071243286,0.9906373620033264
0.9407894611358643,0.99558424949646,0.9906330108642578
0.9379699230194092,0.9955841302871704,0.9906293153762817
0.9407894611358643,0.9955830574035645,0.9906253814697266
0.9304511547088623,0.9955831170082092,0.9906209111213684
0.9360902309417725,0.9955810308456421,0.9906140565872192
0.9398496150970459,0.9955822229385376,0.9906102418899536
0.9210526347160339,0.9955814480781555,0.990606427192688
0.9389097690582275,0.9955810308456421,0.9906026124954224
0.9342105388641357,0.9955804347991943,0.990597128868103
0.9332706928253174,0.9955788850784302,0.9905920624732971
0.9332706928253174,0.9955806732177734,0.9905873537063599
