accuracy,precision,recall
0.9342105388641357,0.9954209923744202,0.9899348020553589
0.9370300769805908,0.9954190254211426,0.9899255037307739
0.9342105388641357,0.9954148530960083,0.9899159669876099
0.9351503849029541,0.9954129457473755,0.9899080991744995
0.9304511547088623,0.9954113960266113,0.989899218082428
0.9295112490653992,0.9954091310501099,0.989891529083252
0.9285714030265808,0.9954053163528442,0.9898815155029297
0.9210526347160339,0.9954034090042114,0.9898733496665955
0.9257518649101257,0.9954002499580383,0.9898638725280762
0.9248120188713074,0.9953981041908264,0.9898553490638733
0.9266917109489441,0.9953957796096802,0.9898473024368286
0.9445488452911377,0.9953936338424683,0.9898395538330078
0.923872172832489,0.9953904747962952,0.9898298978805542
0.9436089992523193,0.9953880310058594,0.9898207187652588
0.9248120188713074,0.9953864812850952,0.9898127317428589
0.9201127886772156,0.9953840970993042,0.9898038506507874
0.9398496150970459,0.9953823089599609,0.9897964596748352
0.9370300769805908,0.9953805208206177,0.9897887110710144
0.9398496150970459,0.995376706123352,0.9897790551185608
0.9266917109489441,0.9953756928443909,0.9897712469100952
0.9342105388641357,0.9953753352165222,0.9897648096084595
0.9342105388641357,0.9953733086585999,0.989756166934967
0.9276315569877625,0.995371401309967,0.9897480010986328
0.9313910007476807,0.9953675866127014,0.9897370934486389
0.9407894611358643,0.9953656196594238,0.9897289276123047
0.9248120188713074,0.995364785194397,0.9897221922874451
0.9313910007476807,0.9953631162643433,0.9897153377532959
0.9342105388641357,0.9953614473342896,0.9897065758705139
0.923872172832489,0.9953580498695374,0.9896985292434692
0.9276315569877625,0.9953576326370239,0.9896928071975708
