accuracy,precision,recall
0.9210526347160339,0.9952836632728577,0.9894180297851562
0.9210526347160339,0.9952813386917114,0.9894072413444519
0.9135338068008423,0.9952793121337891,0.9893985986709595
0.9257518649101257,0.9952762722969055,0.9893875122070312
0.9163534045219421,0.9952737092971802,0.9893766045570374
0.9257518649101257,0.9952711462974548,0.9893667697906494
0.9144737124443054,0.9952670931816101,0.989355206489563
0.896616518497467,0.9952645301818848,0.9893460273742676
0.9229323267936707,0.995261013507843,0.9893358945846558
0.9172932505607605,0.9952586889266968,0.989325225353241
0.932330846786499,0.9952563047409058,0.9893151521682739
0.9229323267936707,0.9952533841133118,0.9893060326576233
0.9154135584831238,0.9952511787414551,0.9892961978912354
0.9332706928253174,0.9952487945556641,0.9892869591712952
0.9172932505607605,0.9952470064163208,0.98927903175354
0.9107142686843872,0.9952435493469238,0.9892688989639282
0.9257518649101257,0.9952411651611328,0.989258348941803
0.9276315569877625,0.9952391386032104,0.989249050617218
0.9182330965995789,0.9952369928359985,0.9892406463623047
0.9201127886772156,0.9952352046966553,0.9892321228981018
0.9257518649101257,0.9952336549758911,0.9892240166664124
0.9172932505607605,0.9952313899993896,0.9892158508300781
0.9116541147232056,0.9952283501625061,0.989205539226532
0.9135338068008423,0.9952239990234375,0.9891929626464844
0.9351503849029541,0.9952219724655151,0.9891836643218994
0.9116541147232056,0.9952196478843689,0.98917555809021
0.9248120188713074,0.9952170252799988,0.989166259765625
0.9088345766067505,0.995214581489563,0.9891553521156311
0.9003759622573853,0.995211124420166,0.9891457557678223
0.9116541147232056,0.9952092170715332,0.9891380071640015
