accuracy,precision,recall
0.9107142686843872,0.9952647089958191,0.9891858696937561
0.9125939607620239,0.9952621459960938,0.9891747832298279
0.9088345766067505,0.9952588677406311,0.9891651272773743
0.9210526347160339,0.9952563047409058,0.9891548156738281
0.9182330965995789,0.9952530860900879,0.9891433715820312
0.9154135584831238,0.9952507019042969,0.9891337156295776
0.9041353464126587,0.9952458739280701,0.9891220331192017
0.8994361162185669,0.995241641998291,0.9891111850738525
0.9172932505607605,0.9952377080917358,0.9891001582145691
0.905075192451477,0.9952354431152344,0.989090085029602
0.923872172832489,0.995232105255127,0.9890790581703186
0.8909774422645569,0.995229184627533,0.9890691041946411
0.9060150384902954,0.9952259063720703,0.9890581965446472
0.9135338068008423,0.9952231049537659,0.9890481233596802
0.8947368264198303,0.995220422744751,0.9890379309654236
0.9031955003738403,0.9952167272567749,0.989026665687561
0.9088345766067505,0.995214581489563,0.989016592502594
0.9172932505607605,0.9952125549316406,0.9890065789222717
0.9163534045219421,0.9952104091644287,0.9889971613883972
0.905075192451477,0.9952071905136108,0.9889870882034302
0.9248120188713074,0.9952054023742676,0.9889793395996094
0.9097744226455688,0.9952022433280945,0.988968551158905
0.9078947305679321,0.9951992034912109,0.9889580011367798
0.9191729426383972,0.995194137096405,0.9889451265335083
0.9144737124443054,0.9951916933059692,0.9889340996742249
0.9097744226455688,0.9951896667480469,0.9889245629310608
0.9125939607620239,0.9951867461204529,0.9889161586761475
0.9116541147232056,0.9951841831207275,0.9889050722122192
0.9172932505607605,0.995181143283844,0.988894522190094
0.9201127886772156,0.995178759098053,0.9888854026794434
