accuracy,precision,recall
0.8909774422645569,0.9951174259185791,0.988817572593689
0.8956766724586487,0.9951140284538269,0.988805890083313
0.9078947305679321,0.9951114654541016,0.9887949824333191
0.9154135584831238,0.9951081871986389,0.9887836575508118
0.8787593841552734,0.9951058626174927,0.9887734651565552
0.8890977501869202,0.9951024651527405,0.9887624382972717
0.8825187683105469,0.995098352432251,0.9887505769729614
0.8853383660316467,0.9950944185256958,0.9887392520904541
0.905075192451477,0.9950909614562988,0.9887276887893677
0.8909774422645569,0.9950886964797974,0.9887166023254395
0.9013158082962036,0.9950852990150452,0.9887051582336426
0.8806390762329102,0.9950826168060303,0.9886929988861084
0.893796980381012,0.9950795769691467,0.9886819124221802
0.8928571343421936,0.9950771331787109,0.988670825958252
0.8890977501869202,0.9950737953186035,0.9886611700057983
0.9107142686843872,0.99507075548172,0.9886492490768433
0.9069548845291138,0.9950680732727051,0.9886385798454285
0.9107142686843872,0.9950656890869141,0.9886283874511719
0.8994361162185669,0.995062530040741,0.9886174201965332
0.88345867395401,0.9950604438781738,0.9886071681976318
0.9088345766067505,0.9950577020645142,0.9885962009429932
0.9078947305679321,0.9950549006462097,0.9885863065719604
0.8984962701797485,0.9950513243675232,0.9885746240615845
0.905075192451477,0.9950467348098755,0.9885599613189697
0.9031955003738403,0.9950434565544128,0.988548755645752
0.9013158082962036,0.995041012763977,0.988538384437561
0.9031955003738403,0.9950385093688965,0.9885276556015015
0.8684210777282715,0.9950356483459473,0.9885168671607971
0.8872180581092834,0.9950315952301025,0.9885059595108032
0.9116541147232056,0.9950293302536011,0.988495409488678
