accuracy,precision,recall
0.9454887509346008,0.995926022529602,0.9919242858886719
0.9407894611358643,0.995931088924408,0.9919298887252808
0.942669153213501,0.9959283471107483,0.9919173121452332
0.9473684430122375,0.9959134459495544,0.9919033050537109
0.9417293071746826,0.995914101600647,0.991898238658905
0.9436089992523193,0.9959316253662109,0.991909921169281
0.9417293071746826,0.9959279298782349,0.991901159286499
0.9295112490653992,0.9959108829498291,0.991879940032959
0.942669153213501,0.9959090948104858,0.9918731451034546
0.9436089992523193,0.9958978295326233,0.9918652772903442
0.9398496150970459,0.99589604139328,0.9918593168258667
0.9473684430122375,0.995883584022522,0.991849422454834
0.9417293071746826,0.9958770871162415,0.9918347597122192
0.9530075192451477,0.9958661198616028,0.9918163418769836
0.9417293071746826,0.9958793520927429,0.9918264746665955
0.9445488452911377,0.9958953857421875,0.991836428642273
0.9464285969734192,0.9958781003952026,0.9918263554573059
0.9473684430122375,0.9958823919296265,0.9918256402015686
0.942669153213501,0.9958819150924683,0.991815447807312
0.9360902309417725,0.995864987373352,0.9917986392974854
0.9436089992523193,0.9958662390708923,0.9917952418327332
0.942669153213501,0.9958797693252563,0.9918062686920166
0.942669153213501,0.9958658814430237,0.991793155670166
0.9398496150970459,0.995861291885376,0.9917830228805542
0.9417293071746826,0.9958515167236328,0.9917760491371155
0.9473684430122375,0.9958503842353821,0.9917747378349304
0.9407894611358643,0.9958503842353821,0.9917770624160767
0.9407894611358643,0.9958398342132568,0.9917645454406738
0.942669153213501,0.9958378076553345,0.991762638092041
0.9407894611358643,0.9958363771438599,0.9917640686035156
