accuracy,precision,recall
0.9417293071746826,0.995829164981842,0.9916797876358032
0.942669153213501,0.9958260655403137,0.9916738867759705
0.9389097690582275,0.995824933052063,0.9916664361953735
0.9454887509346008,0.9958178400993347,0.9916607141494751
0.942669153213501,0.9958114624023438,0.9916562438011169
0.9445488452911377,0.9958199858665466,0.9916607141494751
0.9379699230194092,0.9958150386810303,0.9916548132896423
0.9332706928253174,0.9958122372627258,0.991650402545929
0.9351503849029541,0.9958100914955139,0.9916444420814514
0.9436089992523193,0.9958158135414124,0.9916462898254395
0.9483082890510559,0.9958207607269287,0.9916471838951111
0.9379699230194092,0.9958174228668213,0.9916425347328186
0.9445488452911377,0.9958178400993347,0.9916385412216187
0.9379699230194092,0.9958184361457825,0.99163818359375
0.9417293071746826,0.9958233833312988,0.9916386604309082
0.9389097690582275,0.9958272576332092,0.991641640663147
0.9370300769805908,0.9958252906799316,0.9916368126869202
0.9417293071746826,0.9958215355873108,0.9916329979896545
0.942669153213501,0.9958177208900452,0.9916270971298218
0.9436089992523193,0.9958150386810303,0.9916215538978577
0.9454887509346008,0.9958158135414124,0.9916176795959473
0.9389097690582275,0.9958208799362183,0.9916196465492249
0.9295112490653992,0.9958253502845764,0.9916197657585144
0.942669153213501,0.9958245754241943,0.9916166663169861
0.9370300769805908,0.9958244562149048,0.9916114807128906
0.9351503849029541,0.9958215355873108,0.9916043877601624
0.9351503849029541,0.9958204627037048,0.9916019439697266
0.9342105388641357,0.9958138465881348,0.9915974736213684
0.9351503849029541,0.9958112239837646,0.9915910363197327
0.9276315569877625,0.995807409286499,0.9915825128555298
