accuracy,precision,recall
0.9417293071746826,0.9955870509147644,0.9914447665214539
0.942669153213501,0.995583713054657,0.9914384484291077
0.9407894611358643,0.9955840110778809,0.9914332032203674
0.9464285969734192,0.9955840110778809,0.991428017616272
0.9454887509346008,0.995581328868866,0.9914264678955078
0.9483082890510559,0.9955917596817017,0.9914348721504211
0.9445488452911377,0.9955940246582031,0.9914327263832092
0.9342105388641357,0.9955951571464539,0.9914298057556152
0.9389097690582275,0.995596170425415,0.9914271235466003
0.942669153213501,0.9956043362617493,0.9914327263832092
0.9492481350898743,0.9956136345863342,0.9914351105690002
0.9360902309417725,0.9956151247024536,0.9914327263832092
0.9436089992523193,0.9956117272377014,0.9914259314537048
0.9351503849029541,0.9956161379814148,0.9914287328720093
0.9417293071746826,0.9956231117248535,0.9914344549179077
0.9342105388641357,0.9956290125846863,0.9914383888244629
0.9436089992523193,0.9956288933753967,0.9914300441741943
0.9445488452911377,0.9956269264221191,0.9914281368255615
0.942669153213501,0.9956234097480774,0.9914186000823975
0.9454887509346008,0.9956228733062744,0.9914137721061707
0.9473684430122375,0.9956227540969849,0.9914107322692871
0.942669153213501,0.9956292510032654,0.9914126396179199
0.9351503849029541,0.9956378936767578,0.9914155006408691
0.9407894611358643,0.9956376552581787,0.991409957408905
0.9398496150970459,0.995638370513916,0.9914052486419678
0.9417293071746826,0.9956361055374146,0.9914019107818604
0.9398496150970459,0.9956356287002563,0.9913997650146484
0.9342105388641357,0.9956345558166504,0.9913983941078186
0.9398496150970459,0.9956337213516235,0.9913964867591858
0.9398496150970459,0.9956350922584534,0.9913970828056335
