accuracy,precision,recall
0.942669153213501,0.9958091974258423,0.9915795922279358
0.9417293071746826,0.9958043694496155,0.9915727972984314
0.9407894611358643,0.9958005547523499,0.9915662407875061
0.9473684430122375,0.9957993626594543,0.9915565252304077
0.9436089992523193,0.9957948327064514,0.9915465116500854
0.9379699230194092,0.9957996606826782,0.991547167301178
0.9379699230194092,0.9957948327064514,0.9915367364883423
0.9342105388641357,0.9957912564277649,0.9915301203727722
0.9332706928253174,0.9957867860794067,0.9915233850479126
0.9389097690582275,0.9957899451255798,0.9915221929550171
0.9454887509346008,0.995791494846344,0.9915196895599365
0.9342105388641357,0.9957846403121948,0.9915114045143127
0.9417293071746826,0.9957824945449829,0.9915032982826233
0.9351503849029541,0.9957824945449829,0.9914994835853577
0.9483082890510559,0.9957864284515381,0.9914970397949219
0.9370300769805908,0.9957903623580933,0.9914975166320801
0.9492481350898743,0.9957864284515381,0.9914899468421936
0.9332706928253174,0.9957910180091858,0.9914918541908264
0.9398496150970459,0.995788037776947,0.9914841651916504
0.9379699230194092,0.9957918524742126,0.9914858341217041
0.9370300769805908,0.9957872033119202,0.9914815425872803
0.9492481350898743,0.9957892298698425,0.9914799928665161
0.9266917109489441,0.9957906007766724,0.9914798736572266
0.9417293071746826,0.9957861304283142,0.9914748072624207
0.9360902309417725,0.9957890510559082,0.9914746284484863
0.9370300769805908,0.9957842230796814,0.9914670586585999
0.9370300769805908,0.9957871437072754,0.9914670586585999
0.9360902309417725,0.995781421661377,0.9914599061012268
0.942669153213501,0.9957833290100098,0.9914593696594238
0.9219924807548523,0.9957787990570068,0.9914517998695374
