accuracy,precision,recall
0.9360902309417725,0.9505420923233032,0.9731367826461792
0.9360902309417725,0.961010754108429,0.9776660799980164
0.9360902309417725,0.9675726294517517,0.9804763793945312
0.9360902309417725,0.9720710515975952,0.9823899269104004
0.9360902309417725,0.9753470420837402,0.9837771058082581
0.9360902309417725,0.9778391718864441,0.9848289489746094
0.9360902309417725,0.9797987341880798,0.9856536984443665
0.9360902309417725,0.9813801050186157,0.9863178133964539
0.9360902309417725,0.9826829433441162,0.9868642091751099
0.9360902309417725,0.9837750792503357,0.9873213768005371
0.9360902309417725,0.9847037196159363,0.9877097010612488
0.9360902309417725,0.9855030179023743,0.988043487071991
0.9360902309417725,0.9861980676651001,0.9883337616920471
0.9360902309417725,0.9868082404136658,0.9885880947113037
0.9360902309417725,0.987348198890686,0.9888134002685547
0.9360902309417725,0.987829327583313,0.989013671875
0.9360902309417725,0.9882607460021973,0.989193320274353
0.9360902309417725,0.9886497259140015,0.9893550872802734
0.9360902309417725,0.9890022277832031,0.9895017147064209
0.9360902309417725,0.9893234372138977,0.9896352291107178
0.9360902309417725,0.9896169304847717,0.9897570610046387
0.9360902309417725,0.9898862242698669,0.9898690581321716
0.9360902309417725,0.9901345372200012,0.9899721741676331
0.9360902309417725,0.9903640747070312,0.9900674223899841
0.9360902309417725,0.990576446056366,0.9901556968688965
0.9360902309417725,0.9907742738723755,0.990237832069397
0.9360902309417725,0.9909582734107971,0.990314245223999
0.9360902309417725,0.9911303520202637,0.9903854131698608
0.9360902309417725,0.9912912845611572,0.9904522895812988
0.9360902309417725,0.9914423823356628,0.990514874458313
