accuracy,precision,recall
0.9342105388641357,0.9959513545036316,0.9906430840492249
0.9201127886772156,0.9959482550621033,0.9906330108642578
0.9266917109489441,0.9959434270858765,0.9906234741210938
0.9436089992523193,0.9959431886672974,0.9906176328659058
0.9313910007476807,0.9959402680397034,0.9906085729598999
0.9370300769805908,0.9959393739700317,0.9906028509140015
0.9398496150970459,0.9959355592727661,0.990594744682312
0.9276315569877625,0.9959340691566467,0.9905873537063599
0.923872172832489,0.9959332942962646,0.9905807375907898
0.9285714030265808,0.9959312677383423,0.9905737638473511
0.9304511547088623,0.9959302544593811,0.9905667901039124
0.9417293071746826,0.995926022529602,0.9905565977096558
0.9276315569877625,0.9959245324134827,0.9905492067337036
0.9304511547088623,0.9959227442741394,0.9905418157577515
0.9219924807548523,0.9959227442741394,0.9905362725257874
0.9313910007476807,0.9959217309951782,0.9905303716659546
0.9360902309417725,0.9959201812744141,0.990524411201477
0.9370300769805908,0.9959190487861633,0.9905185699462891
0.932330846786499,0.9959169030189514,0.9905096888542175
0.9285714030265808,0.9959163665771484,0.9905033111572266
0.9351503849029541,0.9959163665771484,0.9904984831809998
0.9407894611358643,0.9959162473678589,0.9904937744140625
0.9191729426383972,0.9959151148796082,0.9904866814613342
0.9304511547088623,0.9959117770195007,0.990478515625
0.9360902309417725,0.9959107637405396,0.9904727935791016
0.9229323267936707,0.9959092736244202,0.9904657006263733
0.923872172832489,0.9959086179733276,0.9904595613479614
0.9304511547088623,0.9959069490432739,0.9904527068138123
0.932330846786499,0.995904803276062,0.9904460906982422
0.9285714030265808,0.9959035515785217,0.990440845489502
