accuracy,precision,recall
0.9257518649101257,0.9963496923446655,0.9920392632484436
0.9285714030265808,0.9963459968566895,0.9920315742492676
0.9191729426383972,0.9963423609733582,0.9920237064361572
0.9370300769805908,0.9963422417640686,0.9920196533203125
0.9304511547088623,0.9963401556015015,0.9920125603675842
0.9201127886772156,0.9963399171829224,0.9920069575309753
0.9257518649101257,0.9963359832763672,0.9919984340667725
0.9257518649101257,0.9963345527648926,0.9919929504394531
0.9163534045219421,0.9963345527648926,0.9919878840446472
0.9285714030265808,0.9963340759277344,0.9919827580451965
0.9248120188713074,0.9963325262069702,0.9919781684875488
0.9360902309417725,0.9963297843933105,0.9919705986976624
0.905075192451477,0.9963288307189941,0.9919658899307251
0.9304511547088623,0.9963269829750061,0.9919610619544983
0.9360902309417725,0.9963264465332031,0.9919570684432983
0.9201127886772156,0.996324896812439,0.9919515252113342
0.9332706928253174,0.9963245391845703,0.9919456243515015
0.9229323267936707,0.9963245391845703,0.9919415712356567
0.9342105388641357,0.9963212609291077,0.9919338226318359
0.9191729426383972,0.9963208436965942,0.9919285774230957
0.9248120188713074,0.9963209629058838,0.9919247627258301
0.9266917109489441,0.9963212609291077,0.9919204711914062
0.9116541147232056,0.9963212013244629,0.9919154047966003
0.9201127886772156,0.9963182806968689,0.9919084906578064
0.9304511547088623,0.9963179230690002,0.9919034242630005
0.9116541147232056,0.996317446231842,0.9918981194496155
0.9257518649101257,0.9963169097900391,0.9918938875198364
0.9257518649101257,0.996316134929657,0.9918897151947021
0.9210526347160339,0.9963154792785645,0.9918843507766724
0.9163534045219421,0.9963144659996033,0.991879403591156
