accuracy,precision,recall
0.9135338068008423,0.9962770938873291,0.9916973114013672
0.9097744226455688,0.9962750673294067,0.9916893243789673
0.923872172832489,0.9962735772132874,0.9916821718215942
0.9229323267936707,0.9962729215621948,0.9916764497756958
0.9097744226455688,0.9962707757949829,0.9916693568229675
0.9154135584831238,0.9962683320045471,0.9916625022888184
0.9125939607620239,0.9962641596794128,0.9916534423828125
0.9088345766067505,0.9962629675865173,0.9916459321975708
0.9116541147232056,0.9962620735168457,0.991640567779541
0.905075192451477,0.9962603449821472,0.9916344881057739
0.9210526347160339,0.9962592124938965,0.9916287660598755
0.9210526347160339,0.9962577819824219,0.9916229248046875
0.8975563645362854,0.9962558746337891,0.9916157722473145
0.9285714030265808,0.9962539672851562,0.9916096925735474
0.9182330965995789,0.9962524175643921,0.9916043281555176
0.9163534045219421,0.9962506890296936,0.9915976524353027
0.9182330965995789,0.9962500333786011,0.9915910363197327
0.9163534045219421,0.9962489008903503,0.9915860295295715
0.9191729426383972,0.9962486028671265,0.9915795922279358
0.9107142686843872,0.9962475895881653,0.9915738105773926
0.923872172832489,0.996246874332428,0.9915691614151001
0.9248120188713074,0.996246337890625,0.9915634393692017
0.9144737124443054,0.9962456822395325,0.9915568232536316
0.9135338068008423,0.9962426424026489,0.9915485382080078
0.9191729426383972,0.9962426424026489,0.9915426969528198
0.8956766724586487,0.9962411522865295,0.9915357232093811
0.9107142686843872,0.9962402582168579,0.9915302395820618
0.9266917109489441,0.9962388277053833,0.9915242791175842
0.9135338068008423,0.9962384700775146,0.9915198087692261
0.9088345766067505,0.9962372779846191,0.9915142059326172
