accuracy,precision,recall
0.9107142686843872,0.9956628084182739,0.9894297122955322
0.902255654335022,0.9956603050231934,0.9894200563430786
0.9116541147232056,0.9956574440002441,0.9894101619720459
0.9144737124443054,0.9956564903259277,0.9894008636474609
0.9013158082962036,0.9956540465354919,0.9893913269042969
0.9041353464126587,0.9956516027450562,0.9893821477890015
0.8919172883033752,0.9956468939781189,0.9893704652786255
0.8956766724586487,0.9956441521644592,0.9893605709075928
0.8909774422645569,0.9956412315368652,0.9893500208854675
0.8909774422645569,0.9956375360488892,0.9893401861190796
0.9116541147232056,0.9956345558166504,0.9893304109573364
0.8928571343421936,0.995632529258728,0.9893208742141724
0.9003759622573853,0.9956297874450684,0.9893112182617188
0.9078947305679321,0.9956283569335938,0.9893023371696472
0.8947368264198303,0.9956250190734863,0.9892935752868652
0.896616518497467,0.9956226348876953,0.9892838597297668
0.905075192451477,0.995620608329773,0.9892750978469849
0.9060150384902954,0.9956174492835999,0.9892659187316895
0.9003759622573853,0.9956154823303223,0.9892578125
0.8890977501869202,0.9956132173538208,0.9892483949661255
0.9144737124443054,0.995611310005188,0.9892392158508301
0.8919172883033752,0.9956092834472656,0.9892299771308899
0.8919172883033752,0.9956067204475403,0.9892199039459229
0.9097744226455688,0.9956035614013672,0.9892087578773499
0.9154135584831238,0.9956007599830627,0.9891992211341858
0.896616518497467,0.995598316192627,0.9891892671585083
0.9041353464126587,0.9955959320068359,0.9891801476478577
0.9107142686843872,0.9955933690071106,0.9891708493232727
0.905075192451477,0.9955906867980957,0.9891608953475952
0.9107142686843872,0.9955884218215942,0.9891514778137207
