accuracy,precision,recall
0.8656014800071716,0.9906022548675537,0.9759671688079834
0.8712406158447266,0.9905740022659302,0.9758750796318054
0.8806390762329102,0.9905513525009155,0.9757953882217407
0.8862782120704651,0.990522027015686,0.9757129549980164
0.8693609237670898,0.9904941320419312,0.9756115078926086
0.8656014800071716,0.9904569983482361,0.9755253791809082
0.8618420958518982,0.9904264807701111,0.9754363894462585
0.8233082890510559,0.9903846979141235,0.9753444790840149
0.8881579041481018,0.9903566837310791,0.9752577543258667
0.847744345664978,0.9903279542922974,0.9751932621002197
0.8740601539611816,0.9902899265289307,0.9751201868057251
0.8731203079223633,0.990261971950531,0.975043773651123
0.8524436354637146,0.9902286529541016,0.9749623537063599
0.8599624037742615,0.9901995062828064,0.9748871922492981
0.8345864415168762,0.9901672601699829,0.9748072624206543
0.8383458852767944,0.9901406764984131,0.9747325778007507
0.8637217879295349,0.9901121854782104,0.9746622443199158
0.8740601539611816,0.9900925755500793,0.9745864868164062
0.8703007698059082,0.9900732636451721,0.974517285823822
0.8552631735801697,0.9900506138801575,0.9744479060173035
0.8825187683105469,0.9900245666503906,0.9743783473968506
0.8599624037742615,0.9899938106536865,0.9743078947067261
0.8458646535873413,0.9899590611457825,0.9742187261581421
0.875,0.989898681640625,0.9741134643554688
0.8571428656578064,0.9898790717124939,0.9740586280822754
0.8552631735801697,0.9898525476455688,0.9739649295806885
0.8806390762329102,0.9898194670677185,0.9738887548446655
0.8571428656578064,0.9897945523262024,0.9738141298294067
0.8599624037742615,0.9897701144218445,0.9737453460693359
0.8928571343421936,0.9897521734237671,0.973683774471283
