accuracy,precision,recall
0.9360902309417725,0.9961419701576233,0.991894006729126
0.9342105388641357,0.9961370825767517,0.9918847680091858
0.9379699230194092,0.9961334466934204,0.9918809533119202
0.9417293071746826,0.9961305260658264,0.9918767213821411
0.9360902309417725,0.9961299896240234,0.9918742179870605
0.9351503849029541,0.9961374998092651,0.9918814301490784
0.9379699230194092,0.996136486530304,0.9918768405914307
0.9332706928253174,0.9961287379264832,0.9918680787086487
0.9389097690582275,0.996126651763916,0.9918639063835144
0.9398496150970459,0.9961352348327637,0.991873025894165
0.9389097690582275,0.9961352348327637,0.9918646216392517
0.9304511547088623,0.9961304664611816,0.9918561577796936
0.9360902309417725,0.9961285591125488,0.9918522834777832
0.9342105388641357,0.996127188205719,0.9918481111526489
0.9398496150970459,0.9961326718330383,0.9918539524078369
0.9445488452911377,0.996143102645874,0.9918600916862488
0.9332706928253174,0.9961400628089905,0.9918520450592041
0.942669153213501,0.9961420893669128,0.9918496608734131
0.9332706928253174,0.9961416721343994,0.9918468594551086
0.9342105388641357,0.9961403012275696,0.9918404817581177
0.9389097690582275,0.9961367249488831,0.9918389916419983
0.9342105388641357,0.9961485862731934,0.9918463230133057
0.9304511547088623,0.9961555600166321,0.9918495416641235
0.9304511547088623,0.9961557984352112,0.9918435215950012
0.9389097690582275,0.9961534142494202,0.9918407201766968
0.9398496150970459,0.9961514472961426,0.9918332695960999
0.932330846786499,0.9961504340171814,0.9918307065963745
0.9351503849029541,0.9961480498313904,0.9918219447135925
0.9351503849029541,0.9961436986923218,0.9918184876441956
0.9332706928253174,0.9961385130882263,0.9918099641799927
