accuracy,precision,recall
0.9285714030265808,0.9963790774345398,0.9929588437080383
0.9389097690582275,0.9963774085044861,0.9929531216621399
0.9360902309417725,0.9963716864585876,0.9929486513137817
0.9407894611358643,0.9963726997375488,0.9929467439651489
0.9454887509346008,0.9963719844818115,0.9929443597793579
0.9379699230194092,0.9963809847831726,0.992952823638916
0.9313910007476807,0.996380627155304,0.9929503202438354
0.9417293071746826,0.9963824152946472,0.9929471611976624
0.9360902309417725,0.9963816404342651,0.9929407835006714
0.9351503849029541,0.9963891506195068,0.9929463863372803
0.932330846786499,0.9963967800140381,0.9929493069648743
0.9398496150970459,0.9963961243629456,0.9929471611976624
0.9370300769805908,0.9963935613632202,0.9929453730583191
0.9304511547088623,0.9963982701301575,0.9929486513137817
0.9417293071746826,0.9964055418968201,0.9929519891738892
0.9417293071746826,0.9964117407798767,0.9929549098014832
0.9398496150970459,0.9964117407798767,0.9929510951042175
0.9398496150970459,0.9964072108268738,0.9929466247558594
0.9342105388641357,0.9963990449905396,0.9929311275482178
0.9342105388641357,0.9963976740837097,0.9929273128509521
0.9351503849029541,0.99639892578125,0.9929261207580566
0.9285714030265808,0.9964041113853455,0.992929995059967
0.9163534045219421,0.996411919593811,0.9929344058036804
0.9454887509346008,0.9964108467102051,0.9929299354553223
0.9360902309417725,0.9964107275009155,0.9929267764091492
0.9276315569877625,0.9964097142219543,0.9929232597351074
0.9360902309417725,0.9964088201522827,0.9929223656654358
0.9210526347160339,0.9964065551757812,0.9929206967353821
0.9370300769805908,0.9963986873626709,0.9929089546203613
0.9389097690582275,0.9963992834091187,0.9929056763648987
