accuracy,precision,recall
0.9370300769805908,0.9961019158363342,0.991577684879303
0.9342105388641357,0.9960991144180298,0.9915729761123657
0.9398496150970459,0.996096134185791,0.9915662407875061
0.9351503849029541,0.9960965514183044,0.9915601015090942
0.9407894611358643,0.9960956573486328,0.9915549159049988
0.9379699230194092,0.9960973262786865,0.9915540218353271
0.9332706928253174,0.9960941076278687,0.9915452003479004
0.9370300769805908,0.9960907101631165,0.9915364384651184
0.9389097690582275,0.9960904121398926,0.9915342926979065
0.9389097690582275,0.99609375,0.9915321469306946
0.9445488452911377,0.996096134185791,0.9915305972099304
0.9248120188713074,0.9960942268371582,0.9915232062339783
0.9342105388641357,0.9960904717445374,0.9915183782577515
0.9304511547088623,0.9960919618606567,0.9915183782577515
0.942669153213501,0.9960938692092896,0.9915170073509216
0.9276315569877625,0.9960961937904358,0.991516649723053
0.9370300769805908,0.9960933923721313,0.9915101528167725
0.9351503849029541,0.996094286441803,0.9915101528167725
0.9370300769805908,0.9960919618606567,0.9915043115615845
0.9370300769805908,0.9960938692092896,0.9915008544921875
0.9379699230194092,0.9960967898368835,0.9914996027946472
0.9407894611358643,0.996100902557373,0.9914996027946472
0.9313910007476807,0.996103823184967,0.9914990663528442
0.9351503849029541,0.996103048324585,0.9914937019348145
0.9360902309417725,0.9961053133010864,0.9914923310279846
0.9351503849029541,0.9961026310920715,0.9914872646331787
0.9332706928253174,0.9961053133010864,0.991487979888916
0.9276315569877625,0.9961056709289551,0.9914862513542175
0.9285714030265808,0.9961064457893372,0.9914823174476624
0.9295112490653992,0.996103048324585,0.9914749264717102
