accuracy,precision,recall
0.9379699230194092,0.9961068630218506,0.9914724826812744
0.9276315569877625,0.996105432510376,0.9914650917053223
0.9313910007476807,0.9961008429527283,0.991457462310791
0.9360902309417725,0.996096134185791,0.9914495944976807
0.9332706928253174,0.9960946440696716,0.99144047498703
0.9389097690582275,0.996096134185791,0.9914380311965942
0.9407894611358643,0.9960919618606567,0.991430401802063
0.9342105388641357,0.9960930943489075,0.9914286136627197
0.9295112490653992,0.9960942268371582,0.991426944732666
0.9313910007476807,0.9960955381393433,0.9914246797561646
0.9417293071746826,0.9960965514183044,0.9914227724075317
0.9398496150970459,0.9960957765579224,0.991415798664093
0.9342105388641357,0.9960930943489075,0.9914090633392334
0.9398496150970459,0.9960942268371582,0.9914072751998901
0.9342105388641357,0.996096134185791,0.9914047122001648
0.9313910007476807,0.996096134185791,0.9914017915725708
0.9398496150970459,0.9960905909538269,0.9913945198059082
0.9370300769805908,0.9960922002792358,0.991393506526947
0.9360902309417725,0.9960892796516418,0.9913883209228516
0.9332706928253174,0.9960892796516418,0.9913846254348755
0.9360902309417725,0.9960922002792358,0.991381049156189
0.9313910007476807,0.9960927367210388,0.9913790225982666
0.9229323267936707,0.9960947632789612,0.9913763403892517
0.9295112490653992,0.9960904717445374,0.9913702607154846
0.9370300769805908,0.9960914850234985,0.9913678765296936
0.9332706928253174,0.9960904121398926,0.9913627505302429
0.9389097690582275,0.9960923194885254,0.9913598299026489
0.9276315569877625,0.996090829372406,0.9913544654846191
0.9360902309417725,0.9960904717445374,0.9913510680198669
0.9304511547088623,0.9960876703262329,0.9913445711135864
