accuracy,precision,recall
0.9484978318214417,0.9350169897079468,0.9350169897079468
0.9442059993743896,0.9408396482467651,0.9408396482467651
0.9527897238731384,0.9377123117446899,0.9377123117446899
0.9399141669273376,0.9395161867141724,0.9395161867141724
0.9484978318214417,0.9400262236595154,0.9400262236595154
0.9442059993743896,0.939697802066803,0.939697802066803
0.9442059993743896,0.9404469132423401,0.9404469132423401
0.9570815563201904,0.9406179785728455,0.9406179785728455
0.9484978318214417,0.9409001469612122,0.9409001469612122
0.9313304424285889,0.940310537815094,0.940310537815094
0.9270386099815369,0.9405288696289062,0.9405288696289062
0.9570815563201904,0.9398346543312073,0.9398346543312073
0.9613733887672424,0.9394590854644775,0.9394590854644775
0.9399141669273376,0.9392183423042297,0.9392183423042297
0.9442059993743896,0.9389665126800537,0.9389665126800537
0.9484978318214417,0.9388076663017273,0.9388076663017273
0.9570815563201904,0.938378632068634,0.938378632068634
0.9742489457130432,0.9382396936416626,0.9382396936416626
0.9356223344802856,0.9383358955383301,0.9383358955383301
0.9442059993743896,0.9383060932159424,0.9383060932159424
0.9399141669273376,0.9385860562324524,0.9385860562324524
0.9313304424285889,0.9386217594146729,0.9386217594146729
0.9442059993743896,0.9387266039848328,0.9387266039848328
0.9399141669273376,0.9387940168380737,0.9387940168380737
0.9399141669273376,0.9389076828956604,0.9389076828956604
0.9484978318214417,0.9386885166168213,0.9386885166168213
0.9442059993743896,0.9385652542114258,0.9385652542114258
0.9484978318214417,0.938377857208252,0.938377857208252
0.9570815563201904,0.9381681084632874,0.9381681084632874
0.9442059993743896,0.9381043910980225,0.9381043910980225
