accuracy,precision,recall
0.8369098901748657,0.6394994258880615,0.6394990086555481
0.6523604989051819,0.6393831968307495,0.6393828988075256
0.3519313335418701,0.6393775343894958,0.6393771767616272
0.6351931095123291,0.6393052339553833,0.6393048167228699
0.6480686664581299,0.6392831206321716,0.6392827033996582
0.5193132758140564,0.6392897963523865,0.6392894387245178
0.6480686664581299,0.6392053365707397,0.6392049789428711
0.5836910009384155,0.6392184495925903,0.6392180919647217
0.6309012770652771,0.6392208337783813,0.6392204761505127
0.8111587762832642,0.6390870809555054,0.6390867829322815
0.7725321650505066,0.6390819549560547,0.639081597328186
0.5236051678657532,0.6389146447181702,0.6389142870903015
0.6652360558509827,0.6389700174331665,0.6389696598052979
0.6609442234039307,0.6389224529266357,0.6389220356941223
0.6738197207450867,0.6389454007148743,0.6389450430870056
0.6437768340110779,0.6388634443283081,0.6388630270957947
0.6695278882980347,0.6388902068138123,0.6388899087905884
0.6523604989051819,0.6387940049171448,0.6387937664985657
0.6995708346366882,0.6386020183563232,0.6386016607284546
0.7682403326034546,0.6386004090309143,0.6386001110076904
0.7768240571022034,0.6385911107063293,0.6385908126831055
0.725321888923645,0.6385586261749268,0.6385582685470581
0.5965664982795715,0.6384125351905823,0.6384121179580688
0.7725321650505066,0.6383347511291504,0.6383344531059265
0.5836910009384155,0.6382482051849365,0.6382477879524231
0.5021459460258484,0.6380349397659302,0.6380347013473511
0.7939913868904114,0.638045608997345,0.6380453109741211
0.5622317790985107,0.6378766298294067,0.6378762722015381
0.6695278882980347,0.637802243232727,0.6378018856048584
0.7467811107635498,0.6377537846565247,0.6377533674240112
