accuracy,precision,recall
0.8369098901748657,0.6395066976547241,0.6395062804222107
0.6523604989051819,0.6393905282020569,0.6393901109695435
0.3519313335418701,0.6393847465515137,0.6393843293190002
0.6351931095123291,0.6393123865127563,0.6393120288848877
0.6480686664581299,0.6392902731895447,0.6392898559570312
0.5193132758140564,0.6392969489097595,0.6392965316772461
0.6480686664581299,0.639212429523468,0.6392120718955994
0.5836910009384155,0.6392256021499634,0.63922518491745
0.6309012770652771,0.6392278671264648,0.6392275094985962
0.8111587762832642,0.6390941143035889,0.6390937566757202
0.7725321650505066,0.6390889883041382,0.6390886306762695
0.5236051678657532,0.6389217376708984,0.638921320438385
0.6652360558509827,0.6389769911766052,0.6389766931533813
0.6609442234039307,0.6389294266700745,0.6389289498329163
0.6738197207450867,0.6389523148536682,0.6389519572257996
0.6437768340110779,0.638870358467102,0.6388698816299438
0.6695278882980347,0.6388971209526062,0.6388967633247375
0.6523604989051819,0.6388009190559387,0.6388005018234253
0.6995708346366882,0.6386088132858276,0.638608455657959
0.7682403326034546,0.6386072635650635,0.63860684633255
0.7768240571022034,0.6385979652404785,0.6385975480079651
0.725321888923645,0.6385654211044312,0.6385650038719177
0.5965664982795715,0.6384192705154419,0.6384189128875732
0.7725321650505066,0.63834148645401,0.6383411288261414
0.5836910009384155,0.6382549405097961,0.6382544636726379
0.5021459460258484,0.638041615486145,0.6380413174629211
0.7939913868904114,0.6380522847175598,0.6380519270896912
0.5622317790985107,0.6378833055496216,0.6378828883171082
0.6695278882980347,0.6378087997436523,0.6378084421157837
0.7467811107635498,0.63776034116745,0.6377599835395813
