accuracy,precision,recall
0.9484978318214417,0.9596076607704163,0.9596076607704163
0.9442059993743896,0.9595913887023926,0.9595913887023926
0.9399141669273376,0.9595986008644104,0.9595986008644104
0.9442059993743896,0.9596018195152283,0.9596018195152283
0.9527897238731384,0.9596042633056641,0.9596042633056641
0.9442059993743896,0.9595861434936523,0.9595861434936523
0.9356223344802856,0.9595733284950256,0.9595733284950256
0.9484978318214417,0.9595798850059509,0.9595798850059509
0.9356223344802856,0.9595520496368408,0.9595520496368408
0.9313304424285889,0.9595420360565186,0.9595420360565186
0.9399141669273376,0.9595234990119934,0.9595234990119934
0.9356223344802856,0.9595197439193726,0.9595197439193726
0.9399141669273376,0.9595060348510742,0.9595060348510742
0.9484978318214417,0.9594885110855103,0.9594885110855103
0.9356223344802856,0.9594854116439819,0.9594854116439819
0.9484978318214417,0.9595009088516235,0.9595009088516235
0.9399141669273376,0.9594942331314087,0.9594942331314087
0.9442059993743896,0.9594904184341431,0.9594904184341431
0.9356223344802856,0.9594866037368774,0.9594866037368774
0.9442059993743896,0.9594683647155762,0.9594683647155762
0.9484978318214417,0.9594632387161255,0.9594632387161255
0.9442059993743896,0.9594545960426331,0.9594545960426331
0.9399141669273376,0.9594691395759583,0.9594691395759583
0.9399141669273376,0.9594494104385376,0.9594494104385376
0.9270386099815369,0.9594462513923645,0.9594462513923645
0.9527897238731384,0.9594327211380005,0.9594327211380005
0.9399141669273376,0.9594277143478394,0.9594277143478394
0.9484978318214417,0.9594150185585022,0.9594150185585022
0.9356223344802856,0.9594026207923889,0.9594026207923889
0.9399141669273376,0.959406852722168,0.959406852722168
