accuracy,precision,recall
0.9399141669273376,0.9591847062110901,0.9591847062110901
0.9356223344802856,0.9591770172119141,0.9591770172119141
0.9527897238731384,0.9591599702835083,0.9591599702835083
0.9442059993743896,0.9591466188430786,0.9591466188430786
0.9442059993743896,0.9591377973556519,0.9591377973556519
0.9484978318214417,0.9591225981712341,0.9591225981712341
0.9570815563201904,0.9591124653816223,0.9591124653816223
0.9442059993743896,0.9591078162193298,0.9591078162193298
0.9399141669273376,0.9591054916381836,0.9591054916381836
0.9356223344802856,0.9591003656387329,0.9591003656387329
0.9527897238731384,0.9590911865234375,0.9590911865234375
0.9484978318214417,0.9590863585472107,0.9590863585472107
0.9442059993743896,0.9590790271759033,0.9590790271759033
0.9399141669273376,0.9590736031532288,0.9590736031532288
0.9399141669273376,0.9590502977371216,0.9590502977371216
0.9356223344802856,0.9590530395507812,0.9590530395507812
0.9399141669273376,0.9590563178062439,0.9590563178062439
0.9442059993743896,0.9590507745742798,0.9590507745742798
0.9527897238731384,0.9590463638305664,0.9590463638305664
0.9442059993743896,0.9590425491333008,0.9590425491333008
0.9442059993743896,0.9590272307395935,0.9590272307395935
0.9442059993743896,0.9590072631835938,0.9590072631835938
0.9313304424285889,0.9590044617652893,0.9590044617652893
0.9313304424285889,0.9589929580688477,0.9589929580688477
0.9442059993743896,0.9589881300926208,0.9589881300926208
0.9442059993743896,0.958985447883606,0.958985447883606
0.9399141669273376,0.9589910507202148,0.9589910507202148
0.9442059993743896,0.9589815139770508,0.9589815139770508
0.9442059993743896,0.9589806795120239,0.9589806795120239
0.9227467775344849,0.9589782953262329,0.9589782953262329
