accuracy,precision,recall
0.9270386099815369,0.9503059983253479,0.9503059983253479
0.9356223344802856,0.9502754211425781,0.9502754211425781
0.9570815563201904,0.9502682685852051,0.9502682685852051
0.9484978318214417,0.9502437114715576,0.9502437114715576
0.9399141669273376,0.9502224922180176,0.9502224922180176
0.9442059993743896,0.9501848816871643,0.9501848816871643
0.9442059993743896,0.950165331363678,0.950165331363678
0.9442059993743896,0.950153648853302,0.950153648853302
0.9399141669273376,0.9501549601554871,0.9501549601554871
0.9442059993743896,0.9501574039459229,0.9501574039459229
0.9399141669273376,0.9501438140869141,0.9501438140869141
0.9356223344802856,0.9501433968544006,0.9501433968544006
0.9399141669273376,0.9501264095306396,0.9501264095306396
0.9484978318214417,0.950114369392395,0.950114369392395
0.9613733887672424,0.950097918510437,0.950097918510437
0.9527897238731384,0.9500731229782104,0.9500731229782104
0.9356223344802856,0.9500671029090881,0.9500671029090881
0.9313304424285889,0.9500551819801331,0.9500551819801331
0.9484978318214417,0.9500263929367065,0.9500263929367065
0.9227467775344849,0.9500150680541992,0.9500150680541992
0.9742489457130432,0.9499924778938293,0.9499924778938293
0.9399141669273376,0.9499901533126831,0.9499901533126831
0.9399141669273376,0.9499855041503906,0.9499855041503906
0.9399141669273376,0.9499853849411011,0.9499853849411011
0.9570815563201904,0.949996829032898,0.949996829032898
0.9484978318214417,0.9499863982200623,0.9499863982200623
0.9484978318214417,0.9499810934066772,0.9499810934066772
0.9399141669273376,0.9499424695968628,0.9499424695968628
0.9442059993743896,0.9499156475067139,0.9499156475067139
0.9484978318214417,0.9498857259750366,0.9498857259750366
