accuracy,precision,recall
0.9484978318214417,0.9494636058807373,0.9494636058807373
0.9484978318214417,0.9494466185569763,0.9494466185569763
0.9442059993743896,0.9494267106056213,0.9494267106056213
0.9442059993743896,0.9494102001190186,0.9494102001190186
0.9270386099815369,0.9494001865386963,0.9494001865386963
0.9442059993743896,0.949358344078064,0.949358344078064
0.9442059993743896,0.9493329524993896,0.9493329524993896
0.9356223344802856,0.949313223361969,0.949313223361969
0.9442059993743896,0.9493166208267212,0.9493166208267212
0.9656652212142944,0.9493077993392944,0.9493077993392944
0.9399141669273376,0.9492798447608948,0.9492798447608948
0.9527897238731384,0.9492489099502563,0.9492489099502563
0.9570815563201904,0.9492436647415161,0.9492436647415161
0.9484978318214417,0.9492313861846924,0.9492313861846924
0.9484978318214417,0.9492029547691345,0.9492029547691345
0.9527897238731384,0.9491734504699707,0.9491734504699707
0.9484978318214417,0.9491528868675232,0.9491528868675232
0.9613733887672424,0.94914311170578,0.94914311170578
0.9484978318214417,0.9491243958473206,0.9491243958473206
0.9527897238731384,0.949114203453064,0.949114203453064
0.9484978318214417,0.9490805864334106,0.9490805864334106
0.9442059993743896,0.9490437507629395,0.9490437507629395
0.9613733887672424,0.9490228891372681,0.9490228891372681
0.9527897238731384,0.9490061402320862,0.9490061402320862
0.9527897238731384,0.9489697217941284,0.9489697217941284
0.9356223344802856,0.9489570260047913,0.9489570260047913
0.9313304424285889,0.948946475982666,0.948946475982666
0.9570815563201904,0.9489454030990601,0.9489454030990601
0.9442059993743896,0.9489258527755737,0.9489258527755737
0.9442059993743896,0.9488911628723145,0.9488911628723145
