accuracy,precision,recall
0.9484978318214417,0.9581663608551025,0.9581663608551025
0.9527897238731384,0.9581536650657654,0.9581536650657654
0.9484978318214417,0.958139955997467,0.958139955997467
0.9399141669273376,0.958139181137085,0.958139181137085
0.9484978318214417,0.9581311345100403,0.9581311345100403
0.9527897238731384,0.9581236839294434,0.9581236839294434
0.9484978318214417,0.9581217765808105,0.9581217765808105
0.9313304424285889,0.958109438419342,0.958109438419342
0.9399141669273376,0.95810467004776,0.95810467004776
0.9570815563201904,0.9580883383750916,0.9580883383750916
0.9442059993743896,0.9580761790275574,0.9580761790275574
0.9356223344802856,0.9580697417259216,0.9580697417259216
0.9527897238731384,0.9580626487731934,0.9580626487731934
0.9484978318214417,0.9580620527267456,0.9580620527267456
0.9227467775344849,0.9580498337745667,0.9580498337745667
0.9484978318214417,0.9580553770065308,0.9580553770065308
0.9399141669273376,0.9580450057983398,0.9580450057983398
0.9613733887672424,0.958035945892334,0.958035945892334
0.9442059993743896,0.9580401182174683,0.9580401182174683
0.9399141669273376,0.9580416679382324,0.9580416679382324
0.9570815563201904,0.9580268859863281,0.9580268859863281
0.9442059993743896,0.9580183029174805,0.9580183029174805
0.9399141669273376,0.9580023884773254,0.9580023884773254
0.9484978318214417,0.9579969048500061,0.9579969048500061
0.9442059993743896,0.9579875469207764,0.9579875469207764
0.9399141669273376,0.9579883813858032,0.9579883813858032
0.9399141669273376,0.9579892754554749,0.9579892754554749
0.9356223344802856,0.9579848051071167,0.9579848051071167
0.9484978318214417,0.9579819440841675,0.9579819440841675
0.9527897238731384,0.9579687118530273,0.9579687118530273
