accuracy,precision,recall
0.9570815563201904,0.947422444820404,0.947422444820404
0.9356223344802856,0.9473990201950073,0.9473990201950073
0.9442059993743896,0.9473739862442017,0.9473739862442017
0.9527897238731384,0.9473523497581482,0.9473523497581482
0.9570815563201904,0.9473214149475098,0.9473214149475098
0.9527897238731384,0.9473006725311279,0.9473006725311279
0.9484978318214417,0.9472870826721191,0.9472870826721191
0.9613733887672424,0.9472678899765015,0.9472678899765015
0.9484978318214417,0.9472664594650269,0.9472664594650269
0.9356223344802856,0.9472693204879761,0.9472693204879761
0.9527897238731384,0.9472513198852539,0.9472513198852539
0.9656652212142944,0.9472432732582092,0.9472432732582092
0.9356223344802856,0.9472389221191406,0.9472389221191406
0.9570815563201904,0.9472293853759766,0.9472293853759766
0.9399141669273376,0.9472140669822693,0.9472140669822693
0.9527897238731384,0.9472091197967529,0.9472091197967529
0.9356223344802856,0.947197675704956,0.947197675704956
0.9527897238731384,0.9471721649169922,0.9471721649169922
0.9527897238731384,0.9471555948257446,0.9471555948257446
0.9399141669273376,0.9471426010131836,0.9471426010131836
0.9442059993743896,0.9471191167831421,0.9471191167831421
0.9442059993743896,0.9471040368080139,0.9471040368080139
0.9527897238731384,0.9471057057380676,0.9471057057380676
0.9527897238731384,0.9470962285995483,0.9470962285995483
0.9570815563201904,0.9470849633216858,0.9470849633216858
0.9442059993743896,0.9470667839050293,0.9470667839050293
0.9356223344802856,0.9470611214637756,0.9470611214637756
0.9356223344802856,0.9470271468162537,0.9470271468162537
0.9399141669273376,0.9470208883285522,0.9470208883285522
0.9313304424285889,0.946990966796875,0.946990966796875
