accuracy,precision,recall
0.7124463319778442,0.6968768835067749,0.6968768835067749
0.8369098901748657,0.6943289041519165,0.6943289041519165
0.729613721370697,0.692696213722229,0.692696213722229
0.8197425007820129,0.691476583480835,0.691476583480835
0.8412017226219177,0.6904509663581848,0.6904509663581848
0.8497853875160217,0.6893136501312256,0.6893136501312256
0.6437768340110779,0.6883416175842285,0.6883416175842285
0.7811158895492554,0.6876358389854431,0.6876358389854431
0.7939913868904114,0.6864722967147827,0.6864722967147827
0.8154506683349609,0.685721218585968,0.685721218585968
0.8154506683349609,0.6847859621047974,0.6847859621047974
0.7939913868904114,0.6838388442993164,0.6838388442993164
0.5879828333854675,0.6823127865791321,0.6823127865791321
0.6523604989051819,0.6810691356658936,0.6810691356658936
0.8540772795677185,0.6797773838043213,0.6797773838043213
0.8540772795677185,0.6791508197784424,0.6791508197784424
0.6566523313522339,0.6789090633392334,0.6789090633392334
0.8583691120147705,0.6788670420646667,0.6788670420646667
0.8454935550689697,0.6788790822029114,0.6788790822029114
0.8240343332290649,0.6783843040466309,0.6783843040466309
0.6437768340110779,0.6778485774993896,0.6778485774993896
0.6051502227783203,0.6767829060554504,0.6767829060554504
0.7682403326034546,0.6764891147613525,0.6764891147613525
0.733905553817749,0.6762733459472656,0.6762733459472656
0.7854077219963074,0.6754841804504395,0.6754841804504395
0.7939913868904114,0.6749593019485474,0.6749593019485474
0.7467811107635498,0.6737785339355469,0.6737785339355469
0.8412017226219177,0.6736893653869629,0.6736893653869629
0.7467811107635498,0.673376202583313,0.673376202583313
0.8240343332290649,0.6728909611701965,0.6728909611701965
