accuracy,precision,recall
0.9399141669273376,0.9615576863288879,0.9615576863288879
0.9399141669273376,0.9615456461906433,0.9615456461906433
0.9399141669273376,0.961472749710083,0.961472749710083
0.9356223344802856,0.9614941477775574,0.9614941477775574
0.9442059993743896,0.9614719748497009,0.9614719748497009
0.9399141669273376,0.9614988565444946,0.9614988565444946
0.9356223344802856,0.9615155458450317,0.9615155458450317
0.9442059993743896,0.9614613056182861,0.9614613056182861
0.9356223344802856,0.9614753723144531,0.9614753723144531
0.9356223344802856,0.961371898651123,0.961371898651123
0.9442059993743896,0.9613627195358276,0.9613627195358276
0.9313304424285889,0.9613758325576782,0.9613758325576782
0.9356223344802856,0.9613974094390869,0.9613974094390869
0.9442059993743896,0.9613784551620483,0.9613784551620483
0.9356223344802856,0.961355984210968,0.961355984210968
0.9399141669273376,0.9613430500030518,0.9613430500030518
0.9399141669273376,0.961348295211792,0.961348295211792
0.9356223344802856,0.9613428711891174,0.9613428711891174
0.9356223344802856,0.961355984210968,0.961355984210968
0.9356223344802856,0.9613986015319824,0.9613986015319824
0.9399141669273376,0.9614375829696655,0.9614375829696655
0.9356223344802856,0.9614368081092834,0.9614368081092834
0.9356223344802856,0.9614057540893555,0.9614057540893555
0.9313304424285889,0.9612932801246643,0.9612932801246643
0.9356223344802856,0.9613602161407471,0.9613602161407471
0.9313304424285889,0.9613566398620605,0.9613566398620605
0.9442059993743896,0.9613832235336304,0.9613832235336304
0.9399141669273376,0.9613601565361023,0.9613601565361023
0.9399141669273376,0.9613345265388489,0.9613345265388489
0.9356223344802856,0.9613283276557922,0.9613283276557922
