accuracy,precision,recall
0.9356223344802856,0.9389051198959351,0.9389051198959351
0.9442059993743896,0.9394489526748657,0.9394489526748657
0.9313304424285889,0.9400244951248169,0.9400244951248169
0.9270386099815369,0.9405215382575989,0.9405215382575989
0.9442059993743896,0.9410851001739502,0.9410851001739502
0.9270386099815369,0.9415786862373352,0.9415786862373352
0.9399141669273376,0.9420393705368042,0.9420393705368042
0.9356223344802856,0.9425562620162964,0.9425562620162964
0.9313304424285889,0.9428978562355042,0.9428978562355042
0.9399141669273376,0.9433143734931946,0.9433143734931946
0.9313304424285889,0.9435985684394836,0.9435985684394836
0.9399141669273376,0.9440563321113586,0.9440563321113586
0.9270386099815369,0.9443284869194031,0.9443284869194031
0.9313304424285889,0.9446951150894165,0.9446951150894165
0.9442059993743896,0.9450268745422363,0.9450268745422363
0.9313304424285889,0.9453008770942688,0.9453008770942688
0.9313304424285889,0.9456365704536438,0.9456365704536438
0.9356223344802856,0.9459338188171387,0.9459338188171387
0.9399141669273376,0.9462100267410278,0.9462100267410278
0.9356223344802856,0.9464269876480103,0.9464269876480103
0.9442059993743896,0.9466233253479004,0.9466233253479004
0.9270386099815369,0.9468470811843872,0.9468470811843872
0.9570815563201904,0.9470502138137817,0.9470502138137817
0.9399141669273376,0.9473161697387695,0.9473161697387695
0.9442059993743896,0.947515606880188,0.947515606880188
0.9356223344802856,0.9477440118789673,0.9477440118789673
0.9313304424285889,0.9479361772537231,0.9479361772537231
0.9313304424285889,0.9481925368309021,0.9481925368309021
0.9313304424285889,0.9483250379562378,0.9483250379562378
0.9399141669273376,0.9485016465187073,0.9485016465187073
