accuracy,precision,recall
0.9313304424285889,0.9486709237098694,0.9486709237098694
0.9313304424285889,0.948771595954895,0.948771595954895
0.9356223344802856,0.9488893747329712,0.9488893747329712
0.9313304424285889,0.9490161538124084,0.9490161538124084
0.9313304424285889,0.9490793347358704,0.9490793347358704
0.9399141669273376,0.9491829872131348,0.9491829872131348
0.9356223344802856,0.949325680732727,0.949325680732727
0.9356223344802856,0.9494558572769165,0.9494558572769165
0.9356223344802856,0.9495951533317566,0.9495951533317566
0.9399141669273376,0.9497151970863342,0.9497151970863342
0.9313304424285889,0.9498298168182373,0.9498298168182373
0.9356223344802856,0.9499205350875854,0.9499205350875854
0.9313304424285889,0.9499813318252563,0.9499813318252563
0.9442059993743896,0.9500453472137451,0.9500453472137451
0.9399141669273376,0.9501599073410034,0.9501599073410034
0.9313304424285889,0.950191855430603,0.950191855430603
0.9442059993743896,0.9502819776535034,0.9502819776535034
0.9313304424285889,0.9504419565200806,0.9504419565200806
0.9356223344802856,0.9504988193511963,0.9504988193511963
0.9442059993743896,0.9505255222320557,0.9505255222320557
0.9313304424285889,0.9506328105926514,0.9506328105926514
0.9399141669273376,0.9507297277450562,0.9507297277450562
0.9313304424285889,0.9508166909217834,0.9508166909217834
0.9356223344802856,0.9508838653564453,0.9508838653564453
0.9313304424285889,0.9509665369987488,0.9509665369987488
0.9356223344802856,0.9509968161582947,0.9509968161582947
0.9399141669273376,0.9511340260505676,0.9511340260505676
0.9399141669273376,0.9512110948562622,0.9512110948562622
0.9356223344802856,0.9512624740600586,0.9512624740600586
0.9356223344802856,0.9513327479362488,0.9513327479362488
