accuracy,precision,recall
0.9484978318214417,0.960989773273468,0.960989773273468
0.9442059993743896,0.9609844088554382,0.9609844088554382
0.9484978318214417,0.9609670639038086,0.9609670639038086
0.9399141669273376,0.9609459042549133,0.9609459042549133
0.9442059993743896,0.9609713554382324,0.9609713554382324
0.9442059993743896,0.9609789252281189,0.9609789252281189
0.9356223344802856,0.9609649777412415,0.9609649777412415
0.9399141669273376,0.9609923958778381,0.9609923958778381
0.9313304424285889,0.9609801769256592,0.9609801769256592
0.9442059993743896,0.960993230342865,0.960993230342865
0.9442059993743896,0.9609802961349487,0.9609802961349487
0.9399141669273376,0.9609504342079163,0.9609504342079163
0.9356223344802856,0.9609618186950684,0.9609618186950684
0.9442059993743896,0.9609418511390686,0.9609418511390686
0.9442059993743896,0.9609102010726929,0.9609102010726929
0.9356223344802856,0.9609084129333496,0.9609084129333496
0.9356223344802856,0.9608943462371826,0.9608943462371826
0.9399141669273376,0.9608729481697083,0.9608729481697083
0.9356223344802856,0.9608798027038574,0.9608798027038574
0.9356223344802856,0.960844874382019,0.960844874382019
0.9484978318214417,0.9607873558998108,0.9607873558998108
0.9442059993743896,0.9607853889465332,0.9607853889465332
0.9442059993743896,0.9607990980148315,0.9607990980148315
0.9356223344802856,0.9607656002044678,0.9607656002044678
0.9442059993743896,0.9607752561569214,0.9607752561569214
0.9399141669273376,0.9607762694358826,0.9607762694358826
0.9399141669273376,0.9607787728309631,0.9607787728309631
0.9442059993743896,0.9607842564582825,0.9607842564582825
0.9356223344802856,0.9607930183410645,0.9607930183410645
0.9313304424285889,0.9607816338539124,0.9607816338539124
