accuracy,precision,recall
0.9356223344802856,0.9514173865318298,0.9514173865318298
0.9442059993743896,0.9514622092247009,0.9514622092247009
0.9399141669273376,0.9514749050140381,0.9514749050140381
0.9399141669273376,0.9515364766120911,0.9515364766120911
0.9356223344802856,0.9515609741210938,0.9515609741210938
0.9399141669273376,0.9515763521194458,0.9515763521194458
0.9270386099815369,0.9516710638999939,0.9516710638999939
0.9484978318214417,0.9517211318016052,0.9517211318016052
0.9442059993743896,0.9517247080802917,0.9517247080802917
0.9356223344802856,0.9517903923988342,0.9517903923988342
0.9356223344802856,0.9517988562583923,0.9517988562583923
0.9356223344802856,0.9518803954124451,0.9518803954124451
0.9442059993743896,0.9518997073173523,0.9518997073173523
0.9356223344802856,0.9518998861312866,0.9518998861312866
0.9313304424285889,0.9519430994987488,0.9519430994987488
0.9356223344802856,0.9519712924957275,0.9519712924957275
0.9442059993743896,0.95196533203125,0.95196533203125
0.9399141669273376,0.9519603252410889,0.9519603252410889
0.9399141669273376,0.9519962668418884,0.9519962668418884
0.9313304424285889,0.9519796371459961,0.9519796371459961
0.9356223344802856,0.9520463347434998,0.9520463347434998
0.9313304424285889,0.9521267414093018,0.9521267414093018
0.9484978318214417,0.9521456360816956,0.9521456360816956
0.9313304424285889,0.9521903991699219,0.9521903991699219
0.9356223344802856,0.9521662592887878,0.9521662592887878
0.9442059993743896,0.9521856904029846,0.9521856904029846
0.9356223344802856,0.9522271156311035,0.9522271156311035
0.9356223344802856,0.9522812366485596,0.9522812366485596
0.9356223344802856,0.9522759914398193,0.9522759914398193
0.9313304424285889,0.9522908926010132,0.9522908926010132
