accuracy,precision,recall
0.6995708346366882,0.6542388796806335,0.6542385220527649
0.5150214433670044,0.6538473963737488,0.6538470387458801
0.7896995544433594,0.6534731388092041,0.6534728407859802
0.6394850015640259,0.6536362171173096,0.6536358594894409
0.725321888923645,0.6533823013305664,0.6533818244934082
0.8154506683349609,0.6531482338905334,0.65314781665802
0.8154506683349609,0.6528764963150024,0.652876079082489
0.497854083776474,0.652456521987915,0.6524560451507568
0.7682403326034546,0.6520932912826538,0.6520928740501404
0.5751072764396667,0.6519986987113953,0.6519982814788818
0.45493561029434204,0.6518161296844482,0.6518157720565796
0.5665236115455627,0.6518035531044006,0.6518031358718872
0.5622317790985107,0.6518536806106567,0.6518533229827881
0.6394850015640259,0.6518640518188477,0.6518636345863342
0.8626609444618225,0.6516480445861816,0.6516475677490234
0.6866952776908875,0.6518069505691528,0.6518064737319946
0.7553648352622986,0.6514713168144226,0.6514707803726196
0.45922747254371643,0.6516528129577637,0.6516523361206055
0.6094420552253723,0.6514975428581238,0.6514970660209656
0.6223176121711731,0.6514551639556885,0.6514546871185303
0.7038626670837402,0.6510938405990601,0.6510933041572571
0.6695278882980347,0.6510174870491028,0.6510169506072998
0.7081544995307922,0.6508938670158386,0.6508933305740356
0.6137338876724243,0.6505357623100281,0.6505352258682251
0.7553648352622986,0.6504166722297668,0.6504160761833191
0.7811158895492554,0.6502610445022583,0.6502605080604553
0.8197425007820129,0.6501522064208984,0.6501516103744507
0.5193132758140564,0.650052011013031,0.650051474571228
0.7381974458694458,0.6499084830284119,0.6499079465866089
0.8497853875160217,0.6497842073440552,0.6497836112976074
