accuracy,precision,recall
0.6995708346366882,0.6542297601699829,0.6542295813560486
0.5150214433670044,0.6538383364677429,0.6538380980491638
0.7896995544433594,0.6534641981124878,0.6534639596939087
0.6394850015640259,0.653627336025238,0.6536270380020142
0.725321888923645,0.6533734202384949,0.6533731818199158
0.8154506683349609,0.6531394720077515,0.6531391143798828
0.8154506683349609,0.65286785364151,0.6528674960136414
0.497854083776474,0.6524478793144226,0.6524475812911987
0.7682403326034546,0.6520847678184509,0.652084469795227
0.5751072764396667,0.6519902348518372,0.6519898772239685
0.45493561029434204,0.6518077254295349,0.651807427406311
0.54935622215271,0.6517921090126038,0.6517918705940247
0.5622317790985107,0.6518420577049255,0.6518417000770569
0.6394850015640259,0.6518524885177612,0.6518521904945374
0.8626609444618225,0.6516366004943848,0.6516361236572266
0.6866952776908875,0.651795506477356,0.6517951488494873
0.7553648352622986,0.6514599323272705,0.6514595746994019
0.45922747254371643,0.6516415476799011,0.6516411304473877
0.6094420552253723,0.6514863967895508,0.6514859795570374
0.6180257797241211,0.65144282579422,0.6514424085617065
0.7038626670837402,0.6510814428329468,0.6510810256004333
0.6695278882980347,0.651005208492279,0.6510047912597656
0.7081544995307922,0.6508816480636597,0.650881290435791
0.6137338876724243,0.6505236625671387,0.6505231857299805
0.7553648352622986,0.6504046320915222,0.650404155254364
0.7811158895492554,0.6502491235733032,0.650248646736145
0.8197425007820129,0.6501403450965881,0.6501398682594299
0.5193132758140564,0.6500402092933655,0.6500397324562073
0.7381974458694458,0.6498968005180359,0.6498963236808777
0.8454935550689697,0.6497712135314941,0.6497707962989807
