accuracy,precision,recall
0.9399141669273376,0.9607796669006348,0.9607796669006348
0.9399141669273376,0.9607750177383423,0.9607750177383423
0.9356223344802856,0.9607819318771362,0.9607819318771362
0.9399141669273376,0.9607798457145691,0.9607798457145691
0.9484978318214417,0.9607645869255066,0.9607645869255066
0.9399141669273376,0.9607412219047546,0.9607412219047546
0.9442059993743896,0.9607298374176025,0.9607298374176025
0.9399141669273376,0.9607157707214355,0.9607157707214355
0.9442059993743896,0.960737407207489,0.960737407207489
0.9270386099815369,0.9607343673706055,0.9607343673706055
0.9399141669273376,0.9607273936271667,0.9607273936271667
0.9484978318214417,0.9606903791427612,0.9606903791427612
0.9399141669273376,0.9606934785842896,0.9606934785842896
0.9442059993743896,0.9606931805610657,0.9606931805610657
0.9313304424285889,0.9606776833534241,0.9606776833534241
0.9356223344802856,0.9606665968894958,0.9606665968894958
0.9356223344802856,0.9606568217277527,0.9606568217277527
0.9399141669273376,0.9606310725212097,0.9606310725212097
0.9356223344802856,0.9606298208236694,0.9606298208236694
0.9399141669273376,0.9606119990348816,0.9606119990348816
0.9399141669273376,0.9606114625930786,0.9606114625930786
0.9442059993743896,0.9605886936187744,0.9605886936187744
0.9356223344802856,0.9605833888053894,0.9605833888053894
0.9399141669273376,0.9605702757835388,0.9605702757835388
0.9442059993743896,0.9605733156204224,0.9605733156204224
0.9313304424285889,0.960578203201294,0.960578203201294
0.9399141669273376,0.9605709314346313,0.9605709314346313
0.9399141669273376,0.9605666995048523,0.9605666995048523
0.9356223344802856,0.960549533367157,0.960549533367157
0.9399141669273376,0.9605409502983093,0.9605409502983093
