accuracy,precision,recall
0.42060086131095886,0.649552047252655,0.6495515704154968
0.7768240571022034,0.6492688059806824,0.649268388748169
0.6051502227783203,0.649516224861145,0.6495157480239868
0.6909871101379395,0.6493265628814697,0.6493260860443115
0.5708154439926147,0.6491843461990356,0.6491838693618774
0.7639485001564026,0.64891517162323,0.6489147543907166
0.45922747254371643,0.6486638784408569,0.6486634612083435
0.7424892783164978,0.6484265923500061,0.6484261155128479
0.557939887046814,0.6484066843986511,0.6484062075614929
0.4849785268306732,0.6481514573097229,0.6481509804725647
0.545064389705658,0.6481809616088867,0.6481805443763733
0.6909871101379395,0.6480665802955627,0.6480661630630493
0.7510729432106018,0.6481010913848877,0.6481006741523743
0.7596566677093506,0.647896945476532,0.6478965282440186
0.8154506683349609,0.647956907749176,0.6479564309120178
0.7081544995307922,0.6476024985313416,0.6476020812988281
0.6480686664581299,0.647718608379364,0.6477181315422058
0.6437768340110779,0.6475255489349365,0.6475250720977783
0.6866952776908875,0.6475958228111267,0.6475954055786133
0.6523604989051819,0.647398829460144,0.6473984718322754
0.6995708346366882,0.647347629070282,0.6473472118377686
0.553648054599762,0.6471683382987976,0.647167980670929
0.5193132758140564,0.6467033624649048,0.6467030048370361
0.7081544995307922,0.6465820074081421,0.6465816497802734
0.7424892783164978,0.6464669108390808,0.6464664936065674
0.6738197207450867,0.6463982462882996,0.6463978886604309
0.6223176121711731,0.6461671590805054,0.6461667418479919
0.8068669438362122,0.6461308002471924,0.6461304426193237
0.832617998123169,0.6459176540374756,0.6459172964096069
0.716738224029541,0.6457135677337646,0.645713210105896
