accuracy,precision,recall
0.42060086131095886,0.6495650410652161,0.6495645046234131
0.7768240571022034,0.6492817401885986,0.6492811441421509
0.6051502227783203,0.6495290398597717,0.649528443813324
0.6909871101379395,0.6493392586708069,0.6493387818336487
0.5708154439926147,0.6491969227790833,0.6491963863372803
0.7639485001564026,0.6489277482032776,0.6489271521568298
0.4763948619365692,0.6486799120903015,0.6486794352531433
0.7424892783164978,0.6484427452087402,0.6484422087669373
0.557939887046814,0.6484228372573853,0.6484223008155823
0.4849785268306732,0.6481674313545227,0.648166835308075
0.553648054599762,0.6481974720954895,0.6481969356536865
0.6909871101379395,0.6480832099914551,0.6480826735496521
0.7510729432106018,0.6481174826622009,0.6481170058250427
0.7596566677093506,0.6479132771492004,0.6479128003120422
0.8154506683349609,0.6479731798171997,0.6479726433753967
0.7081544995307922,0.6476186513900757,0.6476181745529175
0.6480686664581299,0.6477346420288086,0.6477341651916504
0.6437768340110779,0.6475414633750916,0.6475409269332886
0.6866952776908875,0.6476116180419922,0.647611141204834
0.6523604989051819,0.6474148035049438,0.6474143266677856
0.6995708346366882,0.6473634839057922,0.6473629474639893
0.553648054599762,0.6471840739250183,0.6471835970878601
0.5193132758140564,0.6467189788818359,0.6467185020446777
0.7081544995307922,0.6465975046157837,0.6465970277786255
0.7424892783164978,0.6464823484420776,0.6464818716049194
0.6738197207450867,0.6464136242866516,0.6464131474494934
0.6223176121711731,0.6461824178695679,0.6461819410324097
0.8068669438362122,0.6461459994316101,0.6461455821990967
0.832617998123169,0.6459328532218933,0.6459323763847351
0.716738224029541,0.6457286477088928,0.6457281708717346
