accuracy,precision,recall
0.7725321650505066,0.6454654932022095,0.645465075969696
0.6137338876724243,0.6457434892654419,0.6457430124282837
0.7381974458694458,0.6457290053367615,0.645728588104248
0.7081544995307922,0.6457536816596985,0.6457532048225403
0.7939913868904114,0.645654559135437,0.6456540822982788
0.3605150282382965,0.645508348941803,0.6455079317092896
0.7381974458694458,0.6453847885131836,0.6453843712806702
0.42918455600738525,0.64531010389328,0.6453096866607666
0.54935622215271,0.645199716091156,0.6451992988586426
0.6394850015640259,0.645264208316803,0.6452637910842896
0.6266094446182251,0.6451295018196106,0.6451290845870972
0.721030056476593,0.645171046257019,0.6451705694198608
0.3776824176311493,0.6449216604232788,0.6449212431907654
0.8369098901748657,0.6450040340423584,0.6450036764144897
0.6137338876724243,0.6447005867958069,0.6447001695632935
0.4849785268306732,0.6449359655380249,0.6449355483055115
0.6523604989051819,0.644842803478241,0.6448423266410828
0.7081544995307922,0.6448239088058472,0.6448235511779785
0.6480686664581299,0.6448192000389099,0.6448187232017517
0.6223176121711731,0.6448483467102051,0.6448479294776917
0.6266094446182251,0.6446754932403564,0.6446750164031982
0.7038626670837402,0.6443475484848022,0.6443471312522888
0.7939913868904114,0.6442106366157532,0.6442102193832397
0.716738224029541,0.6440921425819397,0.6440916657447815
0.721030056476593,0.6441092491149902,0.6441088914871216
0.6437768340110779,0.6439658999443054,0.643965482711792
0.7381974458694458,0.6438807249069214,0.643880307674408
0.7124463319778442,0.6436972618103027,0.6436967849731445
0.4935622215270996,0.6434789896011353,0.6434786319732666
0.8025751113891602,0.6435033679008484,0.6435030102729797
