accuracy,precision,recall
0.9484978318214417,0.960048258304596,0.960048258304596
0.9484978318214417,0.960023045539856,0.960023045539856
0.9399141669273376,0.9600110054016113,0.9600110054016113
0.9399141669273376,0.9600167274475098,0.9600167274475098
0.9399141669273376,0.9600096344947815,0.9600096344947815
0.9484978318214417,0.959998607635498,0.959998607635498
0.9399141669273376,0.9599689841270447,0.9599689841270447
0.9442059993743896,0.9599637985229492,0.9599637985229492
0.9484978318214417,0.9599618911743164,0.9599618911743164
0.9356223344802856,0.9599562287330627,0.9599562287330627
0.9484978318214417,0.9599332809448242,0.9599332809448242
0.9356223344802856,0.959926187992096,0.959926187992096
0.9356223344802856,0.9599148631095886,0.9599148631095886
0.9442059993743896,0.959906280040741,0.959906280040741
0.9484978318214417,0.9598976373672485,0.9598976373672485
0.9527897238731384,0.959879994392395,0.959879994392395
0.9442059993743896,0.9598721265792847,0.9598721265792847
0.9399141669273376,0.9598671793937683,0.9598671793937683
0.9356223344802856,0.9598619937896729,0.9598619937896729
0.9484978318214417,0.9598509669303894,0.9598509669303894
0.9399141669273376,0.9598302841186523,0.9598302841186523
0.9356223344802856,0.9598155617713928,0.9598155617713928
0.9399141669273376,0.9598125219345093,0.9598125219345093
0.9442059993743896,0.9598023295402527,0.9598023295402527
0.9356223344802856,0.959800124168396,0.959800124168396
0.9399141669273376,0.9597930908203125,0.9597930908203125
0.9442059993743896,0.9597778916358948,0.9597778916358948
0.9399141669273376,0.9597682952880859,0.9597682952880859
0.9356223344802856,0.9597580432891846,0.9597580432891846
0.9570815563201904,0.95975661277771,0.95975661277771
