accuracy,precision,recall
0.729613721370697,0.6415817141532898,0.6415812373161316
0.8497853875160217,0.641609787940979,0.6416093111038208
0.6480686664581299,0.6415085196495056,0.6415081024169922
0.3690987229347229,0.6414526700973511,0.6414521932601929
0.7124463319778442,0.6413784027099609,0.6413779854774475
0.7596566677093506,0.64129638671875,0.6412960290908813
0.5150214433670044,0.641327977180481,0.6413276195526123
0.6094420552253723,0.6412978172302246,0.641297459602356
0.6266094446182251,0.6411848068237305,0.641184389591217
0.6866952776908875,0.6412104368209839,0.6412100195884705
0.8111587762832642,0.6410866379737854,0.6410862803459167
0.8154506683349609,0.6411234140396118,0.6411229372024536
0.7381974458694458,0.6408881545066833,0.6408877968788147
0.733905553817749,0.6409480571746826,0.640947699546814
0.6008583903312683,0.640896201133728,0.6408957839012146
0.6566523313522339,0.6409186720848083,0.6409182548522949
0.7124463319778442,0.6408436298370361,0.6408432722091675
0.7081544995307922,0.6408715844154358,0.6408711671829224
0.5665236115455627,0.6407701373100281,0.6407697200775146
0.6738197207450867,0.6405428647994995,0.6405425071716309
0.7896995544433594,0.6405525803565979,0.6405521631240845
0.716738224029541,0.6404284834861755,0.6404281258583069
0.6824034452438354,0.6403816938400269,0.6403813362121582
0.3390558063983917,0.640267014503479,0.6402666568756104
0.7467811107635498,0.6401853561401367,0.6401849389076233
0.6609442234039307,0.6399911642074585,0.6399908065795898
0.42060086131095886,0.6397097706794739,0.6397094130516052
0.8068669438362122,0.6396844387054443,0.6396840214729309
0.6309012770652771,0.63956618309021,0.6395658254623413
0.6652360558509827,0.6394997835159302,0.6394994854927063
