accuracy,precision,recall
0.5817669034004211,0.9534100890159607,0.9858272671699524
0.5817669034004211,0.9523258209228516,0.9846088290214539
0.5817669034004211,0.951248049736023,0.9833973050117493
0.5817669034004211,0.9501762390136719,0.9821932315826416
0.5817669034004211,0.9491106867790222,0.9809964299201965
0.5817669034004211,0.9480514526367188,0.9798067808151245
0.5817669034004211,0.946998119354248,0.9786239862442017
0.5817669034004211,0.9459509253501892,0.9774479866027832
0.5817669034004211,0.9449096918106079,0.9762793183326721
0.5817669034004211,0.9438743591308594,0.9751172661781311
0.5817669034004211,0.9428448677062988,0.9739623069763184
0.5817669034004211,0.9418211579322815,0.9728140234947205
0.5817669034004211,0.9408034086227417,0.9716722965240479
0.5817669034004211,0.939791202545166,0.9705374240875244
0.5817669034004211,0.938784658908844,0.9694088101387024
0.5817669034004211,0.93778395652771,0.9682869911193848
0.5817669034004211,0.9367886781692505,0.9671713709831238
0.5817669034004211,0.9357990026473999,0.9660624265670776
0.5817669034004211,0.9348148107528687,0.9649597406387329
0.5817669034004211,0.9338361024856567,0.9638633728027344
0.5817669034004211,0.9328627586364746,0.9627731442451477
0.5817669034004211,0.9318946599960327,0.9616892337799072
0.5817669034004211,0.9309319853782654,0.9606113433837891
0.5817669034004211,0.9299744963645935,0.9595396518707275
0.5817669034004211,0.9290223717689514,0.9584738612174988
0.5817669034004211,0.9280754327774048,0.9574142694473267
0.5817669034004211,0.9271335601806641,0.9563603401184082
0.5817669034004211,0.9261967539787292,0.9553124904632568
0.5817669034004211,0.9252650141716003,0.9542704224586487
0.5817669034004211,0.9243382811546326,0.953234076499939
