accuracy,precision,recall
0.9304511547088623,0.8973867893218994,0.9002392888069153
0.9360902309417725,0.8975770473480225,0.9002859592437744
0.9295112490653992,0.8975700736045837,0.9002177119255066
0.9276315569877625,0.8975535035133362,0.9001435041427612
0.9276315569877625,0.8976538181304932,0.9001879692077637
0.9342105388641357,0.897701621055603,0.9002664089202881
0.9295112490653992,0.8977192044258118,0.9002994894981384
0.9304511547088623,0.8977288603782654,0.9003404378890991
0.9313910007476807,0.897610068321228,0.9002929329872131
0.9295112490653992,0.8975314497947693,0.9003136157989502
0.9313910007476807,0.8975251913070679,0.9003254175186157
0.9266917109489441,0.8975217938423157,0.9003181457519531
0.9313910007476807,0.8974881172180176,0.9003228545188904
0.9360902309417725,0.897524356842041,0.9003210663795471
0.9360902309417725,0.8975566625595093,0.9003309607505798
0.9351503849029541,0.8974677324295044,0.9003017544746399
0.9304511547088623,0.8974838256835938,0.9003130793571472
0.9304511547088623,0.8974677324295044,0.9002929925918579
0.932330846786499,0.897459864616394,0.9002755880355835
0.9304511547088623,0.8974648714065552,0.9002614617347717
0.932330846786499,0.8974609971046448,0.9002568125724792
0.9342105388641357,0.8974548578262329,0.9002704620361328
0.9266917109489441,0.8974542021751404,0.9002432227134705
0.9285714030265808,0.8974285125732422,0.9002313613891602
0.9313910007476807,0.8974549770355225,0.9002259969711304
0.932330846786499,0.8974562287330627,0.9002269506454468
0.9332706928253174,0.8974770307540894,0.900219202041626
0.9342105388641357,0.8974810838699341,0.9002158641815186
0.9285714030265808,0.8974823951721191,0.9002083539962769
0.9342105388641357,0.8974992632865906,0.9002096652984619
