accuracy,precision,recall
0.923872172832489,0.884954571723938,0.8841738104820251
0.9332706928253174,0.8849011659622192,0.8840898275375366
0.9266917109489441,0.8848342895507812,0.8839969038963318
0.9332706928253174,0.8847737312316895,0.8839103579521179
0.9295112490653992,0.8846955299377441,0.8838150501251221
0.9276315569877625,0.8846240043640137,0.8837277293205261
0.9313910007476807,0.8845551013946533,0.8836402893066406
0.9285714030265808,0.8844904899597168,0.8835542798042297
0.9201127886772156,0.884428083896637,0.8834704756736755
0.9313910007476807,0.8843737244606018,0.883391797542572
0.9285714030265808,0.8843035697937012,0.883302628993988
0.9351503849029541,0.8842272758483887,0.8832066655158997
0.932330846786499,0.8841623663902283,0.883117139339447
0.9285714030265808,0.8840962052345276,0.8830294609069824
0.9295112490653992,0.8840407133102417,0.8829488158226013
0.9276315569877625,0.8839759826660156,0.8828691244125366
0.9332706928253174,0.8839201927185059,0.8827876448631287
0.9266917109489441,0.8838719725608826,0.8827166557312012
0.9266917109489441,0.883804202079773,0.8826274275779724
0.9285714030265808,0.8837428092956543,0.8825410604476929
0.9276315569877625,0.8836994171142578,0.8824690580368042
0.9276315569877625,0.8836283683776855,0.8823822140693665
0.923872172832489,0.8835673332214355,0.8822992444038391
0.9266917109489441,0.8834934830665588,0.8821985721588135
0.9285714030265808,0.8834379315376282,0.8821238279342651
0.9276315569877625,0.8833694458007812,0.882036030292511
0.9201127886772156,0.88330078125,0.8819427490234375
0.9285714030265808,0.8832440972328186,0.8818657994270325
0.932330846786499,0.8831768035888672,0.8817818760871887
0.923872172832489,0.883127748966217,0.8817100524902344
