accuracy,precision,recall
0.9304511547088623,0.8708512783050537,0.8652309775352478
0.9295112490653992,0.8707796335220337,0.8650928139686584
0.9257518649101257,0.8706526756286621,0.864924967288971
0.932330846786499,0.8705517053604126,0.864778459072113
0.9285714030265808,0.8703961372375488,0.8646029829978943
0.9219924807548523,0.8702616095542908,0.8644576072692871
0.932330846786499,0.8701387047767639,0.8643161058425903
0.9266917109489441,0.8700377345085144,0.864177405834198
0.9266917109489441,0.8699371218681335,0.864046573638916
0.9276315569877625,0.8698652982711792,0.8639323115348816
0.9313910007476807,0.8697443604469299,0.8637875318527222
0.9351503849029541,0.8695919513702393,0.8636178374290466
0.9285714030265808,0.869488000869751,0.8634735941886902
0.9295112490653992,0.8693766593933105,0.8633336424827576
0.9285714030265808,0.8693063855171204,0.8632184267044067
0.9295112490653992,0.8692025542259216,0.8631049394607544
0.9342105388641357,0.8691301345825195,0.8629904985427856
0.9276315569877625,0.8690906167030334,0.8629110455513
0.932330846786499,0.8689776062965393,0.8627697825431824
0.9266917109489441,0.868892252445221,0.8626388907432556
0.9276315569877625,0.8688587546348572,0.8625565767288208
0.9295112490653992,0.8687394261360168,0.8624250292778015
0.9219924807548523,0.8686506748199463,0.8623062968254089
0.9360902309417725,0.8685146570205688,0.8621286749839783
0.9276315569877625,0.8684497475624084,0.8620397448539734
0.9219924807548523,0.8683426380157471,0.8619068264961243
0.932330846786499,0.868233859539032,0.8617595434188843
0.9285714030265808,0.8681577444076538,0.8616598844528198
0.9295112490653992,0.8680517673492432,0.8615427613258362
0.9304511547088623,0.8680077791213989,0.8614634275436401
