accuracy,precision,recall
0.9285714030265808,0.8678885102272034,0.8613079786300659
0.9295112490653992,0.8677823543548584,0.8611496090888977
0.9285714030265808,0.8676432371139526,0.8609861731529236
0.9332706928253174,0.8675376176834106,0.8608407378196716
0.932330846786499,0.8673893213272095,0.8606731295585632
0.9304511547088623,0.8672724962234497,0.8605268001556396
0.932330846786499,0.8671454191207886,0.8603689670562744
0.9304511547088623,0.8670608401298523,0.8602404594421387
0.923872172832489,0.8669410943984985,0.86009281873703
0.9248120188713074,0.8668464422225952,0.8599697351455688
0.9295112490653992,0.8667149543762207,0.8598110675811768
0.9285714030265808,0.8665583729743958,0.8596444129943848
0.932330846786499,0.8664504885673523,0.8594962954521179
0.9304511547088623,0.8663439750671387,0.8593636751174927
0.9332706928253174,0.8662681579589844,0.8592479228973389
0.932330846786499,0.8661625981330872,0.8591292500495911
0.9351503849029541,0.8660760521888733,0.858999490737915
0.9276315569877625,0.8660098314285278,0.8589029312133789
0.9295112490653992,0.8658952116966248,0.8587565422058105
0.9257518649101257,0.8658013939857483,0.8586263060569763
0.9285714030265808,0.8657622933387756,0.8585425615310669
0.9276315569877625,0.8656481504440308,0.8584079146385193
0.9295112490653992,0.8655478358268738,0.8582741022109985
0.9342105388641357,0.8654313087463379,0.8581123948097229
0.9304511547088623,0.8653479218482971,0.8579926490783691
0.9229323267936707,0.8652318120002747,0.8578512668609619
0.9219924807548523,0.8651135563850403,0.8576982021331787
0.9342105388641357,0.8650038242340088,0.8575623035430908
0.9257518649101257,0.8649151921272278,0.8574513792991638
0.9295112490653992,0.8648596405982971,0.8573682904243469
