accuracy,precision,recall
0.8110902309417725,0.7497038841247559,0.7723042368888855
0.8129699230194092,0.7496070861816406,0.7721913456916809
0.8129699230194092,0.7495074272155762,0.7720697522163391
0.8101503849029541,0.7494197487831116,0.7719588279724121
0.8139097690582275,0.749332845211029,0.7718620300292969
0.8139097690582275,0.7492635846138,0.7717660665512085
0.8110902309417725,0.749192476272583,0.7716706991195679
0.8110902309417725,0.7491247057914734,0.7715776562690735
0.8101503849029541,0.7490445375442505,0.7714785933494568
0.8139097690582275,0.7489637732505798,0.7713775634765625
0.8139097690582275,0.7488589286804199,0.7712652683258057
0.8120300769805908,0.7487564086914062,0.7711427807807922
0.8139097690582275,0.7486703395843506,0.771029531955719
0.8110902309417725,0.7485823631286621,0.7709211111068726
0.8129699230194092,0.7485011219978333,0.7708147764205933
0.8110902309417725,0.7484164237976074,0.7707170844078064
0.8101503849029541,0.7483438849449158,0.7706217169761658
0.8139097690582275,0.7482698559761047,0.770530641078949
0.8101503849029541,0.7481899261474609,0.7704223394393921
0.8139097690582275,0.7481112480163574,0.7703189253807068
0.8129699230194092,0.7480613589286804,0.7702348828315735
0.8129699230194092,0.7479666471481323,0.7701279520988464
0.8110902309417725,0.7478768825531006,0.7700265645980835
0.8110902309417725,0.7477741837501526,0.7699058651924133
0.8129699230194092,0.7476825714111328,0.7697963714599609
0.8110902309417725,0.7475813627243042,0.7696870565414429
0.8101503849029541,0.7474942803382874,0.769576370716095
0.8110902309417725,0.7474084496498108,0.7694718837738037
0.8129699230194092,0.7473280429840088,0.7693762183189392
0.8129699230194092,0.7472665905952454,0.7692775726318359
