accuracy,precision,recall
0.9342105388641357,0.8831267356872559,0.8816213011741638
0.9295112490653992,0.8830642104148865,0.8815282583236694
0.9285714030265808,0.8829897046089172,0.881433367729187
0.9351503849029541,0.8829245567321777,0.8813437223434448
0.9276315569877625,0.8828467130661011,0.8812479972839355
0.9295112490653992,0.8827757835388184,0.8811566829681396
0.9276315569877625,0.8827070593833923,0.8810657262802124
0.9304511547088623,0.8826465010643005,0.8809831142425537
0.9229323267936707,0.8825744986534119,0.8808916807174683
0.9285714030265808,0.8825111389160156,0.8808076977729797
0.9295112490653992,0.882436215877533,0.8807116746902466
0.9351503849029541,0.8823511600494385,0.8806130886077881
0.9295112490653992,0.8822841644287109,0.8805177807807922
0.9313910007476807,0.8822174668312073,0.8804299831390381
0.9304511547088623,0.8821601867675781,0.880347728729248
0.9304511547088623,0.8820951581001282,0.8802655935287476
0.9332706928253174,0.8820338249206543,0.8801782131195068
0.9295112490653992,0.8819789886474609,0.8801015019416809
0.9266917109489441,0.8819079399108887,0.8800080418586731
0.9248120188713074,0.8818449974060059,0.8799189925193787
0.9257518649101257,0.8818020820617676,0.8798487186431885
0.9248120188713074,0.8817309737205505,0.8797604441642761
0.9201127886772156,0.8816642761230469,0.8796709179878235
0.9285714030265808,0.8815937638282776,0.8795710206031799
0.9360902309417725,0.8815345764160156,0.8794873356819153
0.923872172832489,0.8814606070518494,0.8793926239013672
0.9276315569877625,0.8813875317573547,0.8792949914932251
0.9266917109489441,0.8813157081604004,0.8792016506195068
0.9304511547088623,0.8812523484230042,0.879119873046875
0.923872172832489,0.8811983466148376,0.8790445923805237
