accuracy,precision,recall
0.9276315569877625,0.8810461163520813,0.8789382576942444
0.923872172832489,0.8809755444526672,0.8788354992866516
0.9276315569877625,0.8808894157409668,0.8787286877632141
0.932330846786499,0.8808134198188782,0.878625750541687
0.9313910007476807,0.8807277083396912,0.8785204887390137
0.9229323267936707,0.8806493878364563,0.8784193396568298
0.9313910007476807,0.8805702328681946,0.8783183097839355
0.9210526347160339,0.880494236946106,0.8782194256782532
0.9219924807548523,0.8804125785827637,0.8781147003173828
0.9295112490653992,0.8803384900093079,0.8780169486999512
0.9304511547088623,0.8802599310874939,0.8779141902923584
0.9304511547088623,0.8801707625389099,0.8778067231178284
0.9313910007476807,0.8800906538963318,0.8776993751525879
0.932330846786499,0.8800201416015625,0.8776073455810547
0.9332706928253174,0.8799540996551514,0.8775172233581543
0.9304511547088623,0.8798809051513672,0.8774237036705017
0.9342105388641357,0.8798105716705322,0.8773282170295715
0.9266917109489441,0.8797435760498047,0.8772395253181458
0.9276315569877625,0.879655659198761,0.8771263360977173
0.9285714030265808,0.8795833587646484,0.87702876329422
0.9257518649101257,0.8795294165611267,0.8769472241401672
0.9276315569877625,0.8794474601745605,0.8768457174301147
0.9276315569877625,0.8793787956237793,0.8767513632774353
0.9295112490653992,0.8792973756790161,0.8766422271728516
0.9332706928253174,0.8792248368263245,0.8765466809272766
0.9248120188713074,0.8791459202766418,0.8764398694038391
0.9248120188713074,0.8790662884712219,0.8763346672058105
0.9295112490653992,0.8789918422698975,0.8762392997741699
0.9285714030265808,0.8789172172546387,0.8761435151100159
0.9304511547088623,0.878847599029541,0.8760537505149841
