accuracy,precision,recall
0.9276315569877625,0.8811225891113281,0.8789458274841309
0.9266917109489441,0.8810533881187439,0.8788431286811829
0.9257518649101257,0.8809682130813599,0.8787359595298767
0.9313910007476807,0.8808951377868652,0.8786340355873108
0.932330846786499,0.8808082342147827,0.878528356552124
0.923872172832489,0.8807299733161926,0.8784275054931641
0.9304511547088623,0.880649983882904,0.8783262372016907
0.9229323267936707,0.8805736303329468,0.8782267570495605
0.9285714030265808,0.8804932236671448,0.8781226873397827
0.9248120188713074,0.8804202079772949,0.8780252933502197
0.9304511547088623,0.8803419470787048,0.8779233694076538
0.9332706928253174,0.8802527189254761,0.877814769744873
0.9276315569877625,0.8801722526550293,0.8777079582214355
0.9342105388641357,0.8801029324531555,0.8776170015335083
0.932330846786499,0.8800368309020996,0.877526581287384
0.9313910007476807,0.8799629211425781,0.8774318099021912
0.9332706928253174,0.879894495010376,0.8773377537727356
0.9276315569877625,0.879828155040741,0.8772485852241516
0.9313910007476807,0.8797398209571838,0.8771370649337769
0.9210526347160339,0.8796672821044922,0.8770384788513184
0.9285714030265808,0.8796117901802063,0.8769564032554626
0.9266917109489441,0.8795298933982849,0.8768530488014221
0.9219924807548523,0.8794623017311096,0.8767603039741516
0.9257518649101257,0.8793782591819763,0.8766496777534485
0.9313910007476807,0.8793052434921265,0.8765537738800049
0.9229323267936707,0.8792252540588379,0.8764474391937256
0.9276315569877625,0.8791479468345642,0.8763442039489746
0.9313910007476807,0.8790735602378845,0.8762495517730713
0.9257518649101257,0.878997802734375,0.8761520385742188
0.9266917109489441,0.8789291977882385,0.8760637640953064
