accuracy,precision,recall
0.9266917109489441,0.8610333800315857,0.8524635434150696
0.9266917109489441,0.8609123826026917,0.8522855043411255
0.9257518649101257,0.8607520461082458,0.8520932197570801
0.9295112490653992,0.8606197237968445,0.8519163727760315
0.9285714030265808,0.8604620099067688,0.8517265319824219
0.923872172832489,0.8603182435035706,0.8515494465827942
0.9248120188713074,0.8601759672164917,0.8513779044151306
0.9295112490653992,0.8600515723228455,0.8512173891067505
0.9257518649101257,0.8599075078964233,0.8510364294052124
0.9276315569877625,0.8597840070724487,0.8508790731430054
0.9295112490653992,0.859642505645752,0.850700318813324
0.9295112490653992,0.859485924243927,0.8505125641822815
0.9266917109489441,0.8593422174453735,0.8503320217132568
0.9313910007476807,0.859216034412384,0.8501765131950378
0.9266917109489441,0.8591095805168152,0.8500319123268127
0.932330846786499,0.8589870929718018,0.849885106086731
0.9295112490653992,0.8588682413101196,0.8497288823127747
0.9276315569877625,0.8587619066238403,0.8495888710021973
0.9304511547088623,0.8585991859436035,0.8493925929069519
0.9229323267936707,0.858491063117981,0.849246621131897
0.9191729426383972,0.858392059803009,0.8491132259368896
0.9342105388641357,0.8582532405853271,0.848942220211029
0.9210526347160339,0.8581433892250061,0.8487939238548279
0.923872172832489,0.8579992651939392,0.848611056804657
0.9276315569877625,0.8578915596008301,0.8484649658203125
0.9210526347160339,0.8577454686164856,0.8482842445373535
0.9210526347160339,0.8576213121414185,0.8481221199035645
0.9285714030265808,0.8575044274330139,0.8479822278022766
0.9248120188713074,0.8573835492134094,0.847830057144165
0.9248120188713074,0.8572672009468079,0.8476874828338623
