accuracy,precision,recall
0.9313910007476807,0.8764610886573792,0.8728556036949158
0.923872172832489,0.876380443572998,0.8727469444274902
0.9219924807548523,0.8762815594673157,0.8726270794868469
0.9304511547088623,0.8761920928955078,0.8725118041038513
0.9313910007476807,0.8761016726493835,0.872399628162384
0.9219924807548523,0.8760051131248474,0.872281551361084
0.9219924807548523,0.8759193420410156,0.8721733093261719
0.9219924807548523,0.8758392333984375,0.8720703125
0.9229323267936707,0.8757491111755371,0.8719558715820312
0.9229323267936707,0.8756656646728516,0.8718526363372803
0.9248120188713074,0.8755722045898438,0.8717345595359802
0.9266917109489441,0.8754839897155762,0.8716225624084473
0.9210526347160339,0.8753901124000549,0.8715057373046875
0.9163534045219421,0.8753030896186829,0.8713968396186829
0.9219924807548523,0.8752250671386719,0.8712958693504333
0.9313910007476807,0.8751430511474609,0.8711927533149719
0.9248120188713074,0.8750591278076172,0.8710842132568359
0.9266917109489441,0.8749787211418152,0.8709829449653625
0.9210526347160339,0.8748795986175537,0.870861291885376
0.9201127886772156,0.8748016953468323,0.8707599639892578
0.9219924807548523,0.8747205138206482,0.8706548810005188
0.9257518649101257,0.8746358752250671,0.8705482482910156
0.9154135584831238,0.8745517730712891,0.8704395890235901
0.9210526347160339,0.8744597434997559,0.8703230023384094
0.9248120188713074,0.8743815422058105,0.8702197074890137
0.9154135584831238,0.8742880821228027,0.8701014518737793
0.9219924807548523,0.8742027282714844,0.8699965476989746
0.9276315569877625,0.874122142791748,0.8698976635932922
0.9266917109489441,0.8740382194519043,0.8697939515113831
0.9210526347160339,0.8739578127861023,0.8696913123130798
