accuracy,precision,recall
0.8082706928253174,0.7425975799560547,0.7627319097518921
0.8045112490653992,0.7425289154052734,0.7626228332519531
0.8120300769805908,0.7424386739730835,0.7624964118003845
0.8110902309417725,0.7423609495162964,0.7623804211616516
0.8120300769805908,0.7422848343849182,0.7622697949409485
0.8129699230194092,0.742209255695343,0.7621569037437439
0.8101503849029541,0.7421395182609558,0.7620542645454407
0.8110902309417725,0.7420807480812073,0.7619550228118896
0.8101503849029541,0.7420061230659485,0.7618445754051208
0.8101503849029541,0.7419329881668091,0.7617418766021729
0.8101503849029541,0.741847813129425,0.7616252899169922
0.8110902309417725,0.7417643070220947,0.7615102529525757
0.8110902309417725,0.7416892051696777,0.7613958120346069
0.8092105388641357,0.7416103482246399,0.7612781524658203
0.8092105388641357,0.7415446639060974,0.7611740231513977
0.8092105388641357,0.7414830923080444,0.7610695362091064
0.8092105388641357,0.7414107322692871,0.7609613537788391
0.8110902309417725,0.7413368225097656,0.7608596682548523
0.8129699230194092,0.7412548065185547,0.7607420086860657
0.8092105388641357,0.7411854267120361,0.760637104511261
0.8110902309417725,0.7411198616027832,0.7605355978012085
0.8120300769805908,0.7410486340522766,0.7604274153709412
0.8110902309417725,0.7409742474555969,0.7603233456611633
0.8110902309417725,0.7408931851387024,0.7602043151855469
0.8110902309417725,0.7408210635185242,0.7600980401039124
0.8110902309417725,0.7407379150390625,0.7599811553955078
0.8101503849029541,0.7406673431396484,0.7598781585693359
0.8120300769805908,0.7406044006347656,0.7597770690917969
0.8110902309417725,0.7405370473861694,0.7596771121025085
0.8110902309417725,0.740470826625824,0.7595728039741516
