accuracy,precision,recall
0.8956766724586487,0.852818489074707,0.842230498790741
0.896616518497467,0.8526588678359985,0.8420331478118896
0.9097744226455688,0.8524574637413025,0.8418079018592834
0.9172932505607605,0.852276623249054,0.8415921330451965
0.9191729426383972,0.852109432220459,0.8413926959037781
0.923872172832489,0.8519136905670166,0.8411654233932495
0.893796980381012,0.851751446723938,0.8409739136695862
0.8853383660316467,0.8515877723693848,0.8407801389694214
0.9013158082962036,0.8514174818992615,0.8405815362930298
0.8994361162185669,0.85126131772995,0.8403958678245544
0.902255654335022,0.8510845899581909,0.8401840329170227
0.8984962701797485,0.8509114384651184,0.8399772644042969
0.9154135584831238,0.8507256507873535,0.8397616147994995
0.8994361162185669,0.8505586981773376,0.8395674228668213
0.8994361162185669,0.8504069447517395,0.8393855094909668
0.8947368264198303,0.8502610921859741,0.83921217918396
0.9154135584831238,0.8500910997390747,0.8390089869499207
0.893796980381012,0.8499423265457153,0.8388379216194153
0.9135338068008423,0.8497562408447266,0.8386266231536865
0.9013158082962036,0.8496101498603821,0.8384506702423096
0.9078947305679321,0.8494592905044556,0.8382675647735596
0.8956766724586487,0.8493015170097351,0.838083803653717
0.8975563645362854,0.8491462469100952,0.8379033207893372
0.9031955003738403,0.8489646315574646,0.8376867771148682
0.893796980381012,0.8488125801086426,0.8375031352043152
0.9154135584831238,0.8486416339874268,0.8373028635978699
0.9041353464126587,0.8484799861907959,0.8371229767799377
0.8928571343421936,0.8483343720436096,0.8369581699371338
0.9060150384902954,0.8481797575950623,0.8367837071418762
0.905075192451477,0.8480404019355774,0.836611270904541
