accuracy,precision,recall
0.7330827116966248,0.7381088137626648,0.756072998046875
0.7340225577354431,0.7380313277244568,0.7559655904769897
0.7434210777282715,0.7379468679428101,0.7558500170707703
0.7528195381164551,0.7378629446029663,0.7557336091995239
0.7481203079223633,0.7377873659133911,0.7556288838386536
0.7659774422645569,0.7377046346664429,0.7555143237113953
0.7359022498130798,0.7376298308372498,0.7554077506065369
0.7377819418907166,0.7375527024269104,0.7552992105484009
0.74154132604599,0.7374742031097412,0.7551916837692261
0.7406014800071716,0.7373981475830078,0.7550851702690125
0.7359022498130798,0.7373156547546387,0.7549729943275452
0.7340225577354431,0.7372322082519531,0.7548612952232361
0.7669172883033752,0.7371496558189392,0.7547473907470703
0.7490601539611816,0.7370679378509521,0.754632830619812
0.7424812316894531,0.7369917631149292,0.7545261383056641
0.7387217879295349,0.7369264364242554,0.7544286847114563
0.7453007698059082,0.7368488311767578,0.7543187141418457
0.7330827116966248,0.7367781400680542,0.754221498966217
0.7575187683105469,0.736692488193512,0.754104733467102
0.7359022498130798,0.7366250157356262,0.7540037035942078
0.7481203079223633,0.7365491986274719,0.7538971900939941
0.7377819418907166,0.7364716529846191,0.7537923455238342
0.7471804618835449,0.7363961935043335,0.753685474395752
0.7462406158447266,0.7363088726997375,0.7535702586174011
0.7359022498130798,0.7362328171730042,0.7534661889076233
0.7650375962257385,0.7361517548561096,0.7533550262451172
0.7462406158447266,0.7360780835151672,0.7532507181167603
0.7349624037742615,0.736007571220398,0.7531530261039734
0.7368420958518982,0.7359389662742615,0.7530540227890015
0.7556390762329102,0.7358664870262146,0.7529508471488953
