accuracy,precision,recall
0.7265037298202515,0.8650442361831665,0.859488308429718
0.722744345664978,0.8649412393569946,0.8593831658363342
0.7631579041481018,0.8648415207862854,0.8592784404754639
0.7265037298202515,0.8647443056106567,0.8591792583465576
0.7274436354637146,0.8646583557128906,0.8590942621231079
0.7265037298202515,0.8645631074905396,0.8589987754821777
0.7255638837814331,0.8644794821739197,0.8589158058166504
0.728383481502533,0.8643801212310791,0.8588148951530457
0.7265037298202515,0.8642846345901489,0.8587176203727722
0.7218044996261597,0.8641954660415649,0.8586280941963196
0.7274436354637146,0.8640990257263184,0.8585305213928223
0.728383481502533,0.8640027642250061,0.8584332466125488
0.7274436354637146,0.8639029860496521,0.8583309054374695
0.7293233275413513,0.863813042640686,0.8582407236099243
0.7246240377426147,0.8637134432792664,0.8581385612487793
0.728383481502533,0.8636319637298584,0.8580562472343445
0.7274436354637146,0.8635350465774536,0.8579593300819397
0.722744345664978,0.8634408712387085,0.8578649759292603
0.7274436354637146,0.8633447289466858,0.8577678203582764
0.7565789222717285,0.8632470965385437,0.8576666116714478
0.7321428656578064,0.8631527423858643,0.8575709462165833
0.7218044996261597,0.8630567789077759,0.8574725985527039
0.7265037298202515,0.8629614114761353,0.8573744893074036
0.7265037298202515,0.8628630042076111,0.8572722673416138
0.7255638837814331,0.8627678155899048,0.8571727871894836
0.731203019618988,0.8626712560653687,0.8570752143859863
0.731203019618988,0.8625779747962952,0.85698002576828
0.7218044996261597,0.8624840974807739,0.8568845987319946
0.731203019618988,0.8623950481414795,0.8567954897880554
0.731203019618988,0.8623003959655762,0.8566997051239014
