accuracy,precision,recall
0.7001879811286926,0.8622362017631531,0.8566348552703857
0.6851503849029541,0.8621591925621033,0.8565587997436523
0.701127827167511,0.8620789051055908,0.8564788699150085
0.6936089992523193,0.8620026111602783,0.8564038872718811
0.6973684430122375,0.8619370460510254,0.8563381433486938
0.6983082890510559,0.8618630170822144,0.8562649488449097
0.6992481350898743,0.8617962002754211,0.8561984896659851
0.6983082890510559,0.861720085144043,0.8561228513717651
0.6936089992523193,0.8616509437561035,0.8560537695884705
0.6945488452911377,0.8615843057632446,0.8559874296188354
0.6945488452911377,0.861510157585144,0.8559138178825378
0.7001879811286926,0.8614414930343628,0.855845034122467
0.6992481350898743,0.8613642454147339,0.8557689189910889
0.6973684430122375,0.861293375492096,0.8556985259056091
0.6945488452911377,0.8612203001976013,0.8556265234947205
0.6983082890510559,0.8611592054367065,0.8555648922920227
0.6936089992523193,0.8610866665840149,0.8554930686950684
0.6983082890510559,0.861016035079956,0.8554234504699707
0.6954887509346008,0.8609399795532227,0.8553476929664612
0.6964285969734192,0.8608689904212952,0.8552770614624023
0.6964285969734192,0.8607968091964722,0.855205774307251
0.6936089992523193,0.860723614692688,0.8551327586174011
0.6992481350898743,0.8606469631195068,0.8550556898117065
0.6983082890510559,0.8605757355690002,0.8549840450286865
0.6964285969734192,0.8604953289031982,0.854902982711792
0.7020676732063293,0.8604138493537903,0.8548221588134766
0.7001879811286926,0.8603456020355225,0.8547542095184326
0.6936089992523193,0.8602713346481323,0.8546797037124634
0.7001879811286926,0.8602062463760376,0.8546150922775269
0.6983082890510559,0.8601372241973877,0.8545464277267456
