accuracy,precision,recall
0.5986841917037964,0.7314056754112244,0.7471950650215149
0.5986841917037964,0.731343686580658,0.7471261024475098
0.5986841917037964,0.731285810470581,0.747060239315033
0.5986841917037964,0.7312226891517639,0.7469897270202637
0.5986841917037964,0.7311683893203735,0.7469277381896973
0.5986841917037964,0.731105625629425,0.7468570470809937
0.5986841917037964,0.7310471534729004,0.7467904686927795
0.5986841917037964,0.7309864163398743,0.7467218041419983
0.5986841917037964,0.7309272885322571,0.7466550469398499
0.5986841917037964,0.7308679819107056,0.7465877532958984
0.5986841917037964,0.7308111786842346,0.7465227246284485
0.5986841917037964,0.7307490110397339,0.746452271938324
0.5986841917037964,0.7306857109069824,0.7463821768760681
0.5986841917037964,0.7306278347969055,0.7463167905807495
0.5986841917037964,0.7305675745010376,0.746248722076416
0.5986841917037964,0.730510950088501,0.7461835145950317
0.5986841917037964,0.7304496765136719,0.7461148500442505
0.5986841917037964,0.7303896546363831,0.7460474967956543
0.5986841917037964,0.7303274273872375,0.7459778189659119
0.5986841917037964,0.7302693724632263,0.7459118962287903
0.5986841917037964,0.7302117347717285,0.7458468079566956
0.5986841917037964,0.7301515340805054,0.745779275894165
0.5986841917037964,0.7300915718078613,0.7457112073898315
0.5986841917037964,0.7300346493721008,0.7456465363502502
0.5986841917037964,0.7299761176109314,0.7455796599388123
0.5986841917037964,0.7299141883850098,0.7455100417137146
0.5986841917037964,0.7298595309257507,0.7454478740692139
0.5986841917037964,0.7298020720481873,0.7453829050064087
0.5986841917037964,0.7297411561012268,0.7453144788742065
0.5986841917037964,0.729679524898529,0.745245099067688
