accuracy,precision,recall
0.9342105388641357,0.8973783850669861,0.900114893913269
0.9276315569877625,0.8973019123077393,0.9000204205513
0.9342105388641357,0.8971566557884216,0.8998762965202332
0.9304511547088623,0.8970932960510254,0.8997942805290222
0.9266917109489441,0.8969709277153015,0.8996754288673401
0.9304511547088623,0.8968942761421204,0.8995968103408813
0.9248120188713074,0.8967986702919006,0.8995112776756287
0.9257518649101257,0.8967812657356262,0.8994637727737427
0.9257518649101257,0.8966875672340393,0.8993840217590332
0.9304511547088623,0.896634578704834,0.8993188738822937
0.9295112490653992,0.8966009020805359,0.8992522358894348
0.9313910007476807,0.8965332508087158,0.8991758823394775
0.9351503849029541,0.8965005874633789,0.899145245552063
0.9351503849029541,0.8964313268661499,0.899072527885437
0.9332706928253174,0.8963901996612549,0.8990268111228943
0.9229323267936707,0.8963832259178162,0.8990216255187988
0.9276315569877625,0.896316647529602,0.8989701271057129
0.9285714030265808,0.8963043689727783,0.8989399671554565
0.9276315569877625,0.8962421417236328,0.8988803625106812
0.9257518649101257,0.8962121605873108,0.8988324999809265
0.9313910007476807,0.8961536288261414,0.8987755179405212
0.9285714030265808,0.8961265087127686,0.8987515568733215
0.9285714030265808,0.8961049318313599,0.8987199068069458
0.9295112490653992,0.8960736989974976,0.898685097694397
0.9304511547088623,0.8960596919059753,0.8986651301383972
0.9248120188713074,0.8960114121437073,0.898611307144165
0.9257518649101257,0.8960034847259521,0.8985702395439148
0.9304511547088623,0.895980954170227,0.8985550999641418
0.9219924807548523,0.8959403038024902,0.8985153436660767
0.923872172832489,0.895915150642395,0.898492157459259
