accuracy,precision,recall
0.9248120188713074,0.7776587009429932,0.8047652244567871
0.9219924807548523,0.7775036096572876,0.8045755624771118
0.9266917109489441,0.7772934436798096,0.8043036460876465
0.9266917109489441,0.7771531343460083,0.8041146397590637
0.9182330965995789,0.7769083976745605,0.8039584159851074
0.9266917109489441,0.7767203450202942,0.8037784099578857
0.9248120188713074,0.7765927910804749,0.8035962581634521
0.9257518649101257,0.7764772772789001,0.8034460544586182
0.923872172832489,0.7763386368751526,0.8032769560813904
0.9172932505607605,0.7762285470962524,0.8031886219978333
0.9219924807548523,0.7761217951774597,0.8030523657798767
0.9266917109489441,0.7760021090507507,0.8028863668441772
0.9210526347160339,0.7758989334106445,0.8027932643890381
0.9266917109489441,0.7757754325866699,0.8026794195175171
0.9266917109489441,0.7756832242012024,0.8025500178337097
0.9125939607620239,0.7756626009941101,0.802544116973877
0.9210526347160339,0.7755597829818726,0.8024542927742004
0.9229323267936707,0.7754803895950317,0.8023861050605774
0.9219924807548523,0.7754154205322266,0.8023010492324829
0.9257518649101257,0.7753578424453735,0.8021963834762573
0.9229323267936707,0.7752774953842163,0.8020862936973572
0.923872172832489,0.7752071022987366,0.8020228147506714
0.9257518649101257,0.775110125541687,0.801964282989502
0.9229323267936707,0.7750530242919922,0.8019063472747803
0.9219924807548523,0.7749974727630615,0.8018453121185303
0.9248120188713074,0.7749276161193848,0.8017626404762268
0.9248120188713074,0.7749158143997192,0.8017129898071289
0.9201127886772156,0.7748750448226929,0.801660418510437
0.9248120188713074,0.7748200297355652,0.801597535610199
0.9201127886772156,0.7747677564620972,0.8015472888946533
