accuracy,precision,recall
0.9332706928253174,0.8978400826454163,0.9003401398658752
0.9285714030265808,0.8977630734443665,0.9002344608306885
0.9295112490653992,0.8976004123687744,0.9000911712646484
0.9295112490653992,0.8975058197975159,0.8999748229980469
0.9304511547088623,0.8973627090454102,0.8998591899871826
0.9295112490653992,0.8972525596618652,0.8997762799263
0.9304511547088623,0.8971895575523376,0.8996949195861816
0.9285714030265808,0.8971308469772339,0.8996285200119019
0.9313910007476807,0.8970562815666199,0.8995384573936462
0.9276315569877625,0.8969962000846863,0.8994442224502563
0.9276315569877625,0.8969225883483887,0.8993712067604065
0.9266917109489441,0.8968369960784912,0.8992978930473328
0.9285714030265808,0.8968258500099182,0.8992737531661987
0.9304511547088623,0.8967505097389221,0.8991981744766235
0.9332706928253174,0.8967108726501465,0.8991454839706421
0.9248120188713074,0.8966748118400574,0.8991371393203735
0.9266917109489441,0.8966055512428284,0.8990698456764221
0.932330846786499,0.8965790867805481,0.8990488052368164
0.9304511547088623,0.8965199589729309,0.8990011811256409
0.9285714030265808,0.8964799642562866,0.8989575505256653
0.932330846786499,0.8964153528213501,0.8988959789276123
0.9285714030265808,0.896373450756073,0.89885413646698
0.9313910007476807,0.8963526487350464,0.8988264203071594
0.9304511547088623,0.8963062763214111,0.8987904787063599
0.9342105388641357,0.8963119983673096,0.8987691402435303
0.9266917109489441,0.8962507843971252,0.8987200856208801
0.9276315569877625,0.8962311744689941,0.898668646812439
0.9332706928253174,0.8962163329124451,0.898644745349884
0.9313910007476807,0.8961681723594666,0.8986015319824219
0.9266917109489441,0.8961271047592163,0.8985721468925476
