accuracy,precision,recall
0.6156014800071716,0.8290016651153564,0.8172503113746643
0.6071428656578064,0.8289272785186768,0.8171801567077637
0.61654132604599,0.828853964805603,0.8171116709709167
0.6118420958518982,0.8287860155105591,0.8170486688613892
0.606203019618988,0.8287279009819031,0.8169949650764465
0.6212406158447266,0.8286553621292114,0.8169271349906921
0.6231203079223633,0.8285790085792542,0.8168549537658691
0.6127819418907166,0.8285079002380371,0.8167886137962341
0.6221804618835449,0.8284333944320679,0.8167181015014648
0.6231203079223633,0.8283634185791016,0.8166528344154358
0.6090225577354431,0.82829350233078,0.8165874481201172
0.6118420958518982,0.8282251358032227,0.8165234923362732
0.6099624037742615,0.8281502723693848,0.8164530396461487
0.6071428656578064,0.828082799911499,0.816390335559845
0.6156014800071716,0.8280054926872253,0.8163175582885742
0.6099624037742615,0.8279399275779724,0.8162564635276794
0.6231203079223633,0.8278623819351196,0.81618332862854
0.6174812316894531,0.8278053402900696,0.8161309361457825
0.6193609237670898,0.8277309536933899,0.8160606622695923
0.606203019618988,0.8276628851890564,0.8159974813461304
0.6231203079223633,0.8275819420814514,0.815920352935791
0.6146616339683533,0.8275083899497986,0.8158515691757202
0.6109022498130798,0.8274261355400085,0.8157731294631958
0.6212406158447266,0.8273535370826721,0.8157048225402832
0.6137217879295349,0.8272682428359985,0.8156245946884155
0.6137217879295349,0.8271956443786621,0.8155552744865417
0.625,0.8271231651306152,0.8154873847961426
0.625,0.8270511627197266,0.8154193758964539
0.6156014800071716,0.8269852995872498,0.815357506275177
0.6203007698059082,0.8269183039665222,0.8152951002120972
