accuracy,precision,recall
0.61654132604599,0.8601018190383911,0.8545117974281311
0.6212406158447266,0.8600602746009827,0.8544703125953674
0.6231203079223633,0.8600190877914429,0.8544301390647888
0.6193609237670898,0.8599804043769836,0.8543923497200012
0.603383481502533,0.8599461913108826,0.8543590307235718
0.6259398460388184,0.8599047660827637,0.8543186783790588
0.6203007698059082,0.8598616123199463,0.854276180267334
0.61654132604599,0.8598214983940125,0.8542366027832031
0.6231203079223633,0.8597791194915771,0.8541948795318604
0.6221804618835449,0.8597390651702881,0.8541558980941772
0.606203019618988,0.8596988916397095,0.8541169166564941
0.6127819418907166,0.8596596717834473,0.8540785312652588
0.6090225577354431,0.8596175909042358,0.8540371060371399
0.6278195381164551,0.8595795631408691,0.8539994359016418
0.6203007698059082,0.8595361709594727,0.8539569973945618
0.6071428656578064,0.8594982028007507,0.8539198637008667
0.6212406158447266,0.8594540953636169,0.8538766503334045
0.6221804618835449,0.8594203591346741,0.8538442254066467
0.6231203079223633,0.8593779802322388,0.8538025617599487
0.6240601539611816,0.8593392968177795,0.8537645936012268
0.6231203079223633,0.859294056892395,0.8537196516990662
0.6174812316894531,0.8592524528503418,0.8536791801452637
0.6306390762329102,0.8592071533203125,0.8536337018013
0.6221804618835449,0.8591657280921936,0.8535932898521423
0.6118420958518982,0.8591179847717285,0.8535466194152832
0.6127819418907166,0.8590760827064514,0.8535051941871643
0.625,0.8590346574783325,0.8534647822380066
0.625,0.8589932918548584,0.853424072265625
0.6212406158447266,0.858954906463623,0.8533864617347717
0.6268796920776367,0.8589162826538086,0.8533489108085632
