accuracy,precision,recall
0.5328947305679321,0.7296455502510071,0.7452075481414795
0.5328947305679321,0.729611337184906,0.7451698184013367
0.5328947305679321,0.7295783758163452,0.7451333999633789
0.5328947305679321,0.7295429110527039,0.7450942993164062
0.5328947305679321,0.7295123338699341,0.7450602650642395
0.5328947305679321,0.7294782996177673,0.7450229525566101
0.5328947305679321,0.7294434905052185,0.7449844479560852
0.5328947305679321,0.729410707950592,0.7449482083320618
0.5328947305679321,0.7293785810470581,0.7449124455451965
0.5328947305679321,0.7293427586555481,0.7448734045028687
0.5328947305679321,0.7293102741241455,0.7448376417160034
0.5328947305679321,0.7292746901512146,0.7447983622550964
0.5328947305679321,0.729241132736206,0.7447614073753357
0.5328947305679321,0.7292090654373169,0.7447258830070496
0.5328947305679321,0.7291735410690308,0.7446870803833008
0.5328947305679321,0.7291405200958252,0.7446507215499878
0.5328947305679321,0.7291061878204346,0.7446128726005554
0.5328947305679321,0.7290738224983215,0.7445769309997559
0.5328947305679321,0.729038417339325,0.7445383071899414
0.5328947305679321,0.7290070652961731,0.7445037961006165
0.5328947305679321,0.7289735078811646,0.7444663047790527
0.5328947305679321,0.7289392352104187,0.7444287538528442
0.5328947305679321,0.7289037108421326,0.7443897724151611
0.5328947305679321,0.7288715243339539,0.7443543076515198
0.5328947305679321,0.7288373112678528,0.7443168759346008
0.5328947305679321,0.7288029193878174,0.7442787885665894
0.5328947305679321,0.7287707924842834,0.7442430257797241
0.5328947305679321,0.7287375330924988,0.7442062497138977
0.5328947305679321,0.7287022471427917,0.7441678047180176
0.5328947305679321,0.7286679148674011,0.74413001537323
