accuracy,precision,recall
0.61654132604599,0.8600294589996338,0.8544967770576477
0.6203007698059082,0.8599882125854492,0.8544553518295288
0.6221804618835449,0.8599467277526855,0.8544151186943054
0.6109022498130798,0.8599079847335815,0.854377269744873
0.6052631735801697,0.8598737120628357,0.8543438911437988
0.6193609237670898,0.8598322868347168,0.8543037176132202
0.6259398460388184,0.859789252281189,0.8542612195014954
0.6231203079223633,0.8597492575645447,0.8542218208312988
0.6268796920776367,0.8597071170806885,0.8541803359985352
0.6240601539611816,0.8596670627593994,0.8541412949562073
0.6109022498130798,0.8596270680427551,0.8541023135185242
0.606203019618988,0.8595878481864929,0.8540640473365784
0.6268796920776367,0.8595457077026367,0.854022204875946
0.6287593841552734,0.8595078587532043,0.8539848327636719
0.6146616339683533,0.8594641089439392,0.8539421558380127
0.6193609237670898,0.8594263792037964,0.8539052605628967
0.6240601539611816,0.8593825697898865,0.8538622856140137
0.6221804618835449,0.8593488335609436,0.8538296818733215
0.6221804618835449,0.859306275844574,0.8537878394126892
0.6221804618835449,0.8592677116394043,0.8537498712539673
0.6212406158447266,0.8592223525047302,0.8537049889564514
0.6184210777282715,0.8591803908348083,0.8536639213562012
0.6156014800071716,0.8591341972351074,0.8536182641983032
0.6212406158447266,0.8590927124023438,0.853577733039856
0.6174812316894531,0.8590449094772339,0.8535311222076416
0.6137217879295349,0.8590041995048523,0.8534900546073914
0.6240601539611816,0.8589626550674438,0.8534497618675232
0.625,0.8589215278625488,0.8534090518951416
0.6193609237670898,0.8588835000991821,0.853371798992157
0.6268796920776367,0.8588448762893677,0.8533341288566589
