accuracy,precision,recall
0.9276315569877625,0.8960355520248413,0.898482620716095
0.9285714030265808,0.8959614634513855,0.898410439491272
0.923872172832489,0.8958469033241272,0.8983019590377808
0.9257518649101257,0.8957804441452026,0.8982136249542236
0.9257518649101257,0.8956799507141113,0.8981085419654846
0.932330846786499,0.8956280946731567,0.8980435729026794
0.9295112490653992,0.8955363035202026,0.8979544639587402
0.9276315569877625,0.8955000638961792,0.8978846073150635
0.9229323267936707,0.8954268097877502,0.897815465927124
0.9219924807548523,0.8953736424446106,0.8977580070495605
0.9201127886772156,0.8953137397766113,0.8977001905441284
0.9257518649101257,0.8952273726463318,0.8976109027862549
0.923872172832489,0.8951853513717651,0.8975557684898376
0.932330846786499,0.895125687122345,0.8974880576133728
0.9295112490653992,0.895107626914978,0.8974525332450867
0.9201127886772156,0.8950711488723755,0.8974207639694214
0.9285714030265808,0.8950250744819641,0.8973733186721802
0.9248120188713074,0.8950132727622986,0.8973323106765747
0.9210526347160339,0.8949584364891052,0.8972845673561096
0.9276315569877625,0.894899308681488,0.8972181677818298
0.9266917109489441,0.894856870174408,0.897167444229126
0.9257518649101257,0.8948267698287964,0.8971263766288757
0.9285714030265808,0.8947791457176208,0.8970956802368164
0.9295112490653992,0.8947577476501465,0.8970464468002319
0.9257518649101257,0.894733190536499,0.8970064520835876
0.9219924807548523,0.8946675658226013,0.8969550728797913
0.9135338068008423,0.8946321606636047,0.8968963027000427
0.9276315569877625,0.8946048617362976,0.8968537449836731
0.9295112490653992,0.8945406675338745,0.8967869877815247
0.9182330965995789,0.8944969177246094,0.8967463970184326
