accuracy,precision,recall
0.5836465954780579,0.8993328213691711,0.9253211617469788
0.5845864415168762,0.8986237645149231,0.9245316982269287
0.5855262875556946,0.8979167938232422,0.9237446188926697
0.5845864415168762,0.8972178101539612,0.9229660034179688
0.5836465954780579,0.8965179920196533,0.922187089920044
0.5845864415168762,0.8958213925361633,0.9214118123054504
0.5845864415168762,0.8951274752616882,0.9206395149230957
0.5827067494392395,0.8944328427314758,0.9198668003082275
0.5836465954780579,0.8937513828277588,0.9191083908081055
0.5845864415168762,0.8930687308311462,0.9183487892150879
0.5845864415168762,0.892387866973877,0.9175912737846375
0.5845864415168762,0.8917016386985779,0.9168286919593811
0.5845864415168762,0.8910218477249146,0.9160733222961426
0.5836465954780579,0.8903475403785706,0.9153236150741577
0.5827067494392395,0.8896793127059937,0.9145808219909668
0.5808270573616028,0.8890119194984436,0.9138389229774475
0.5836465954780579,0.8883494734764099,0.9131024479866028
0.5836465954780579,0.8876938819885254,0.9123733043670654
0.5836465954780579,0.8870393633842468,0.9116458892822266
0.5845864415168762,0.8863825798034668,0.9109165072441101
0.5836465954780579,0.8857318162918091,0.9101932644844055
0.5845864415168762,0.8850863575935364,0.9094758033752441
0.5845864415168762,0.8844465613365173,0.908764660358429
0.5836465954780579,0.8838066458702087,0.9080535769462585
0.5845864415168762,0.8831629753112793,0.9073392152786255
0.5836465954780579,0.8825191855430603,0.9066248536109924
0.5827067494392395,0.8818808197975159,0.9059162735939026
0.5836465954780579,0.8812451958656311,0.9052111506462097
0.5827067494392395,0.8806118965148926,0.9045083522796631
0.5798872113227844,0.8799842000007629,0.9038119316101074
