accuracy,precision,recall
0.9285714030265808,0.8942718505859375,0.8966153860092163
0.9266917109489441,0.8942526578903198,0.8965659141540527
0.9285714030265808,0.8941748142242432,0.8964875340461731
0.9219924807548523,0.8941195011138916,0.8964008092880249
0.9182330965995789,0.8940271735191345,0.8963106274604797
0.9257518649101257,0.8939741253852844,0.8962496519088745
0.923872172832489,0.8939075469970703,0.8961739540100098
0.9276315569877625,0.8938634991645813,0.8961039185523987
0.923872172832489,0.8938005566596985,0.8960376381874084
0.9229323267936707,0.8937585949897766,0.895988941192627
0.9201127886772156,0.8936934471130371,0.8959352374076843
0.9276315569877625,0.8936251401901245,0.8958560228347778
0.9285714030265808,0.893609881401062,0.8958121538162231
0.9276315569877625,0.8935546875,0.8957495093345642
0.923872172832489,0.8935317397117615,0.8957127928733826
0.9285714030265808,0.8934895396232605,0.8956772089004517
0.9276315569877625,0.8934699892997742,0.8956393003463745
0.9257518649101257,0.8934628963470459,0.8955987095832825
0.9248120188713074,0.8934303522109985,0.8955537676811218
0.9210526347160339,0.8933883905410767,0.8955016732215881
0.9285714030265808,0.8933315873146057,0.8954405784606934
0.9295112490653992,0.8933009505271912,0.8953946232795715
0.9210526347160339,0.8932551145553589,0.8953489065170288
0.9219924807548523,0.893220841884613,0.8952904343605042
0.9248120188713074,0.8931907415390015,0.895246148109436
0.9219924807548523,0.8931384086608887,0.8951906561851501
0.9182330965995789,0.8931063413619995,0.8951408267021179
0.9257518649101257,0.8930756449699402,0.8951008915901184
0.9172932505607605,0.8930191993713379,0.8950403928756714
0.9257518649101257,0.8929803967475891,0.89499431848526
