accuracy,precision,recall
0.5836465954780579,0.8793902397155762,0.9031532406806946
0.5855262875556946,0.8788090348243713,0.9025077223777771
0.5817669034004211,0.8782200217247009,0.9018546938896179
0.5855262875556946,0.8776388168334961,0.901209831237793
0.5836465954780579,0.8770540952682495,0.9005615711212158
0.5845864415168762,0.8764772415161133,0.8999218344688416
0.5845864415168762,0.8759011626243591,0.8992826342582703
0.5827067494392395,0.8753243684768677,0.8986434936523438
0.5808270573616028,0.8747605681419373,0.8980175256729126
0.5845864415168762,0.8741933107376099,0.8973884582519531
0.5845864415168762,0.8736256957054138,0.8967592716217041
0.5855262875556946,0.8730518221855164,0.896124005317688
0.5836465954780579,0.8724896907806396,0.8955010771751404
0.5827067494392395,0.8719241619110107,0.894874632358551
0.5836465954780579,0.8713650703430176,0.8942552208900452
0.5817669034004211,0.8708111643791199,0.8936415314674377
0.5855262875556946,0.8702611327171326,0.8930315971374512
0.5836465954780579,0.8697106242179871,0.8924219012260437
0.5836465954780579,0.8691640496253967,0.8918160796165466
0.5836465954780579,0.868614673614502,0.891207754611969
0.5855262875556946,0.8680716156959534,0.8906064033508301
0.5836465954780579,0.8675310015678406,0.8900074362754822
0.5836465954780579,0.8669962882995605,0.88941490650177
0.5845864415168762,0.8664582371711731,0.8888192176818848
0.5808270573616028,0.8659171462059021,0.8882207274436951
0.5827067494392395,0.865368664264679,0.8876145482063293
0.5827067494392395,0.8648324012756348,0.8870211243629456
0.5817669034004211,0.8642987608909607,0.8864307999610901
0.5808270573616028,0.8637595176696777,0.8858350515365601
0.5836465954780579,0.8632343411445618,0.8852535486221313
