accuracy,precision,recall
0.923872172832489,0.8944187164306641,0.8966770172119141
0.9257518649101257,0.894401490688324,0.8966270685195923
0.9144737124443054,0.8943314552307129,0.896544873714447
0.9285714030265808,0.8942736983299255,0.8964653015136719
0.923872172832489,0.8941799402236938,0.8963750600814819
0.9276315569877625,0.8941318988800049,0.8963212370872498
0.9313910007476807,0.8940544128417969,0.8962435126304626
0.9257518649101257,0.8940062522888184,0.8961716890335083
0.9248120188713074,0.893943727016449,0.896110475063324
0.9191729426383972,0.8938940763473511,0.8960599303245544
0.9248120188713074,0.8938250541687012,0.8960068821907043
0.923872172832489,0.8937605023384094,0.8959322571754456
0.9285714030265808,0.8937403559684753,0.895889401435852
0.9257518649101257,0.8936806917190552,0.8958238959312439
0.9229323267936707,0.893653392791748,0.8957831263542175
0.9191729426383972,0.893609881401062,0.8957443833351135
0.9266917109489441,0.8935928344726562,0.8957047462463379
0.9229323267936707,0.8935904502868652,0.8956616520881653
0.9266917109489441,0.8935566544532776,0.8956159949302673
0.9219924807548523,0.8935124278068542,0.8955570459365845
0.923872172832489,0.893470287322998,0.8955003023147583
0.9229323267936707,0.8934359550476074,0.8954536318778992
0.923872172832489,0.8933907747268677,0.8954117894172668
0.923872172832489,0.8933616876602173,0.8953462243080139
0.923872172832489,0.8933238983154297,0.8953022360801697
0.9182330965995789,0.8932662010192871,0.8952482342720032
0.9201127886772156,0.8932280540466309,0.8951886892318726
0.923872172832489,0.8931909203529358,0.8951448798179626
0.9257518649101257,0.893120527267456,0.895084023475647
0.9191729426383972,0.8930855989456177,0.8950421214103699
