accuracy,precision,recall
0.9182330965995789,0.8929151296615601,0.8949240446090698
0.9295112490653992,0.8929033279418945,0.8948804140090942
0.9182330965995789,0.8928412795066833,0.8948110342025757
0.9248120188713074,0.8927745819091797,0.8947218656539917
0.9276315569877625,0.8926846385002136,0.8946281671524048
0.9285714030265808,0.8926444053649902,0.8945667743682861
0.9248120188713074,0.8925628662109375,0.8944829106330872
0.9285714030265808,0.8925100564956665,0.894408643245697
0.9248120188713074,0.8924484252929688,0.8943356871604919
0.923872172832489,0.8923969268798828,0.8942747712135315
0.9285714030265808,0.8923395872116089,0.8942194581031799
0.9295112490653992,0.8922882080078125,0.8941435217857361
0.9276315569877625,0.8922576904296875,0.8940842151641846
0.9304511547088623,0.8922136425971985,0.8940234184265137
0.9285714030265808,0.8921964168548584,0.8939719200134277
0.9257518649101257,0.8921564221382141,0.8939225077629089
0.9295112490653992,0.8921183347702026,0.8938649296760559
0.9313910007476807,0.8920961022377014,0.893821120262146
0.923872172832489,0.8920515179634094,0.8937640190124512
0.9313910007476807,0.8920063972473145,0.8937011957168579
0.923872172832489,0.891960084438324,0.8936361074447632
0.9201127886772156,0.8919104933738708,0.8935696482658386
0.9248120188713074,0.8918666243553162,0.8935147523880005
0.9219924807548523,0.8918414115905762,0.8934551477432251
0.9257518649101257,0.8918070793151855,0.8934071063995361
0.9257518649101257,0.8917522430419922,0.8933407664299011
0.9182330965995789,0.8917215466499329,0.8932857513427734
0.9266917109489441,0.8916817307472229,0.893233597278595
0.9191729426383972,0.8916148543357849,0.8931728005409241
0.9219924807548523,0.8915868997573853,0.8931232690811157
