accuracy,precision,recall
0.9304511547088623,0.8915215134620667,0.8930504322052002
0.9266917109489441,0.8914980888366699,0.8929910063743591
0.9295112490653992,0.8914446830749512,0.892919659614563
0.9210526347160339,0.8913863301277161,0.8928388953208923
0.9248120188713074,0.891298770904541,0.8927434682846069
0.9276315569877625,0.8912428617477417,0.8926730751991272
0.9304511547088623,0.8911685943603516,0.8925918340682983
0.9276315569877625,0.8911037445068359,0.8925089240074158
0.923872172832489,0.8910502791404724,0.8924349546432495
0.9266917109489441,0.8909949064254761,0.8923643827438354
0.9285714030265808,0.8909283876419067,0.8922879099845886
0.9257518649101257,0.890866756439209,0.8922029137611389
0.923872172832489,0.8908272385597229,0.8921360969543457
0.9257518649101257,0.8907889127731323,0.8920740485191345
0.9266917109489441,0.8907718658447266,0.8920209407806396
0.923872172832489,0.8907259106636047,0.8919636011123657
0.9248120188713074,0.8906760215759277,0.8918923735618591
0.9257518649101257,0.8906493186950684,0.8918417096138
0.9219924807548523,0.8906129002571106,0.8917829990386963
0.9313910007476807,0.89056396484375,0.891710102558136
0.923872172832489,0.8905181884765625,0.891649067401886
0.9257518649101257,0.890464723110199,0.891583263874054
0.9285714030265808,0.8904187083244324,0.8915208578109741
0.9266917109489441,0.8903772830963135,0.8914464712142944
0.9313910007476807,0.8903343081474304,0.8913819193840027
0.923872172832489,0.8902777433395386,0.8913089632987976
0.9266917109489441,0.8902283310890198,0.8912348747253418
0.9257518649101257,0.8901858329772949,0.891173779964447
0.9248120188713074,0.8901180624961853,0.8911072015762329
0.9229323267936707,0.8900792598724365,0.8910512924194336
