accuracy,precision,recall
0.9266917109489441,0.8899237513542175,0.8909465074539185
0.9285714030265808,0.8898884057998657,0.8908805251121521
0.9210526347160339,0.8898253440856934,0.8908038139343262
0.9257518649101257,0.8897722363471985,0.8907263278961182
0.9332706928253174,0.8896942138671875,0.8906339406967163
0.9219924807548523,0.8896321654319763,0.890556275844574
0.9229323267936707,0.8895586133003235,0.8904742002487183
0.9257518649101257,0.8895049095153809,0.8903961181640625
0.9191729426383972,0.8894496560096741,0.8903272747993469
0.9229323267936707,0.8893986940383911,0.8902552127838135
0.9295112490653992,0.8893378973007202,0.890178918838501
0.9304511547088623,0.8892709016799927,0.8900946378707886
0.9313910007476807,0.8892264366149902,0.8900260925292969
0.9191729426383972,0.8891730308532715,0.8899574875831604
0.9257518649101257,0.889144778251648,0.8898996114730835
0.9285714030265808,0.8890913724899292,0.8898348212242126
0.9276315569877625,0.8890437483787537,0.8897625803947449
0.9248120188713074,0.8890091180801392,0.8897104859352112
0.9276315569877625,0.888961911201477,0.8896424770355225
0.9229323267936707,0.8889163732528687,0.8895681500434875
0.9295112490653992,0.8888812065124512,0.8895086646080017
0.9219924807548523,0.8888221979141235,0.8894380927085876
0.9229323267936707,0.8887753486633301,0.8893706798553467
0.9276315569877625,0.8887227773666382,0.8892898559570312
0.9342105388641357,0.8886812925338745,0.8892281651496887
0.9210526347160339,0.8886205554008484,0.889154851436615
0.923872172832489,0.8885688781738281,0.8890780210494995
0.9276315569877625,0.888528048992157,0.8890166878700256
0.9248120188713074,0.8884696960449219,0.8889539837837219
0.9229323267936707,0.8884372711181641,0.8888987302780151
