accuracy,precision,recall
0.9332706928253174,0.8883838653564453,0.888824462890625
0.9295112490653992,0.8883469700813293,0.8887571096420288
0.9210526347160339,0.8882765769958496,0.8886713981628418
0.9285714030265808,0.8882200121879578,0.8885912895202637
0.9257518649101257,0.8881440758705139,0.8885015249252319
0.9266917109489441,0.8880860805511475,0.8884251117706299
0.9313910007476807,0.8880181908607483,0.8883469700813293
0.9313910007476807,0.8879675269126892,0.8882719874382019
0.9201127886772156,0.887913167476654,0.8882039189338684
0.9304511547088623,0.8878693580627441,0.8881338238716125
0.9276315569877625,0.8878019452095032,0.8880476951599121
0.9266917109489441,0.8877296447753906,0.88796067237854
0.9295112490653992,0.8876776099205017,0.8878870010375977
0.9332706928253174,0.8876205682754517,0.8878118991851807
0.9313910007476807,0.8875803351402283,0.8877463340759277
0.9248120188713074,0.887527346611023,0.887681782245636
0.9276315569877625,0.8874700665473938,0.8876083493232727
0.9295112490653992,0.8874390721321106,0.8875505328178406
0.9313910007476807,0.8873792290687561,0.8874734044075012
0.9248120188713074,0.8873268365859985,0.8873929381370544
0.9257518649101257,0.8872885704040527,0.8873323798179626
0.9266917109489441,0.8872278332710266,0.8872602581977844
0.9257518649101257,0.8871760368347168,0.8871879577636719
0.9332706928253174,0.8871212601661682,0.8871039748191833
0.9313910007476807,0.8870763182640076,0.887039840221405
0.9248120188713074,0.8870177268981934,0.8869665265083313
0.923872172832489,0.8869578838348389,0.8868840336799622
0.9276315569877625,0.8869112133979797,0.8868193626403809
0.9248120188713074,0.8868484497070312,0.886749267578125
0.9201127886772156,0.8868082761764526,0.8866888284683228
