accuracy,precision,recall
0.9398496150970459,0.9960065484046936,0.9919794797897339
0.9285714030265808,0.9960025548934937,0.9919719696044922
0.9389097690582275,0.9959944486618042,0.9919572472572327
0.932330846786499,0.995987057685852,0.9919478297233582
0.9360902309417725,0.9959782958030701,0.9919320344924927
0.9257518649101257,0.995971143245697,0.9919171929359436
0.9332706928253174,0.9959639310836792,0.9919044375419617
0.9276315569877625,0.9959500432014465,0.991882860660553
0.9304511547088623,0.9959427118301392,0.9918653964996338
0.9370300769805908,0.9959330558776855,0.9918505549430847
0.9332706928253174,0.9959273338317871,0.9918414950370789
0.9417293071746826,0.9959191679954529,0.9918244481086731
0.9398496150970459,0.995913028717041,0.991814136505127
0.9276315569877625,0.9959051609039307,0.9917990565299988
0.9389097690582275,0.9959026575088501,0.9917940497398376
0.9313910007476807,0.9959023594856262,0.9917874932289124
0.9313910007476807,0.9958969354629517,0.9917801022529602
0.9342105388641357,0.9958939552307129,0.9917747378349304
0.9360902309417725,0.9958912134170532,0.9917685389518738
0.9285714030265808,0.9958816766738892,0.9917590022087097
0.9360902309417725,0.9958825707435608,0.9917517304420471
0.9304511547088623,0.9958816766738892,0.991747260093689
0.9370300769805908,0.9958792328834534,0.991741955280304
0.9436089992523193,0.995874285697937,0.9917284846305847
0.9417293071746826,0.9958721399307251,0.9917170405387878
0.9389097690582275,0.995864748954773,0.9917033910751343
0.9266917109489441,0.9958595037460327,0.9916887879371643
0.942669153213501,0.9958558082580566,0.991678774356842
0.9295112490653992,0.9958567023277283,0.991675078868866
0.932330846786499,0.9958498477935791,0.9916650056838989
