accuracy,precision,recall
0.4624060094356537,0.9838414192199707,0.9649229645729065
0.5056390762329102,0.9838021397590637,0.9648114442825317
0.44924813508987427,0.9837695956230164,0.9646863341331482
0.48590224981307983,0.9837297797203064,0.9645768404006958
0.50845867395401,0.9836855530738831,0.9644541144371033
0.5093985199928284,0.9836470484733582,0.9643369317054749
0.4934210479259491,0.9836142063140869,0.9642396569252014
0.5592105388641357,0.9835795164108276,0.9641188383102417
0.4577067792415619,0.9835453033447266,0.9640148282051086
0.48120301961898804,0.9835125207901001,0.9638811945915222
0.46522557735443115,0.9834793210029602,0.963794469833374
0.45676690340042114,0.9834499359130859,0.96368408203125
0.5037593841552734,0.983418881893158,0.9636164307594299
0.4840225577354431,0.983388364315033,0.9635142087936401
0.4755639135837555,0.9833576083183289,0.9633903503417969
0.4953007400035858,0.9833288788795471,0.9632947444915771
0.46334585547447205,0.9832902550697327,0.9631968140602112
0.4624060094356537,0.9832561612129211,0.9631018042564392
0.4379699230194092,0.9832277894020081,0.9630017876625061
0.5563910007476807,0.9832020998001099,0.9629080295562744
0.48120301961898804,0.9831662774085999,0.9628052711486816
0.5206766724586487,0.9831446409225464,0.9627091884613037
0.46052631735801697,0.983123242855072,0.9626269340515137
0.4840225577354431,0.9831124544143677,0.9625540375709534
0.5075187683105469,0.9830993413925171,0.9624682068824768
0.47462406754493713,0.9830760955810547,0.9624078273773193
0.5366541147232056,0.9830520749092102,0.9623322486877441
0.5291353464126587,0.9830353856086731,0.9622521996498108
0.4868420958518982,0.983020544052124,0.9621939659118652
0.451127827167511,0.9829949736595154,0.962121844291687
