accuracy,precision,recall
0.9031955003738403,0.962110161781311,0.9308399558067322
0.9078947305679321,0.9621503353118896,0.9309214949607849
0.9125939607620239,0.9621930718421936,0.9310058355331421
0.9069548845291138,0.9622324705123901,0.9310857057571411
0.9116541147232056,0.9622710943222046,0.9311658143997192
0.8984962701797485,0.9623070955276489,0.9312424659729004
0.9163534045219421,0.9623456001281738,0.9313220381736755
0.8947368264198303,0.9623833894729614,0.9314001798629761
0.8900375962257385,0.9624197483062744,0.9314767122268677
0.9013158082962036,0.9624524116516113,0.9315508604049683
0.9172932505607605,0.9624918699264526,0.9316296577453613
0.923872172832489,0.9625297784805298,0.9317083954811096
0.905075192451477,0.9625681638717651,0.9317863583564758
0.9172932505607605,0.9626098871231079,0.9318676590919495
0.9144737124443054,0.9626425504684448,0.9319408535957336
0.9069548845291138,0.9626809358596802,0.9320188164710999
0.8890977501869202,0.9627175331115723,0.9320946931838989
0.896616518497467,0.9627532958984375,0.9321703910827637
0.9135338068008423,0.9627896547317505,0.9322455525398254
0.9163534045219421,0.9628254175186157,0.9323210716247559
0.9182330965995789,0.9628663063049316,0.9324015974998474
0.8928571343421936,0.962905764579773,0.9324792623519897
0.8994361162185669,0.9629387855529785,0.9325504302978516
0.9219924807548523,0.9629769325256348,0.9326267838478088
0.8956766724586487,0.9630131721496582,0.932701587677002
0.8872180581092834,0.963049054145813,0.9327759742736816
0.9116541147232056,0.9630856513977051,0.9328503608703613
0.9031955003738403,0.9631195068359375,0.9329224228858948
0.8956766724586487,0.9631541967391968,0.9329953193664551
0.9060150384902954,0.9631935358047485,0.9330729246139526
