accuracy,precision,recall
0.8609022498130798,0.9909517765045166,0.987856924533844
0.8768796920776367,0.9908443689346313,0.9877325892448425
0.8637217879295349,0.9906634092330933,0.9875357151031494
0.8684210777282715,0.9905180931091309,0.987378716468811
0.8674812316894531,0.9903615117073059,0.9872042536735535
0.8646616339683533,0.9901865720748901,0.9870163202285767
0.8721804618835449,0.9900249242782593,0.9868386387825012
0.8674812316894531,0.9898459315299988,0.9866451025009155
0.8740601539611816,0.989751935005188,0.9865389466285706
0.8543233275413513,0.9896060824394226,0.9863826632499695
0.8862782120704651,0.989496111869812,0.9862684607505798
0.8740601539611816,0.9893535375595093,0.986113965511322
0.8618420958518982,0.9892533421516418,0.986004650592804
0.8731203079223633,0.9891048669815063,0.9858342409133911
0.8731203079223633,0.9889741539955139,0.9856848120689392
0.8439849615097046,0.9888030886650085,0.9854938387870789
0.8646616339683533,0.9886932373046875,0.9853699803352356
0.8693609237670898,0.9886098504066467,0.9852778315544128
0.8674812316894531,0.9884932041168213,0.9851483702659607
0.8768796920776367,0.98841792345047,0.985065221786499
0.875,0.9883351922035217,0.9849725365638733
0.8618420958518982,0.9882242679595947,0.984847903251648
0.8806390762329102,0.9881248474121094,0.9847367405891418
0.8768796920776367,0.9880250096321106,0.9846234917640686
0.8571428656578064,0.9879755973815918,0.9845631718635559
0.856203019618988,0.9879099726676941,0.9844861626625061
0.847744345664978,0.9878210425376892,0.9843800663948059
0.8120300769805908,0.9877591729164124,0.9843101501464844
0.8374060392379761,0.9876343011856079,0.9841690063476562
0.8637217879295349,0.9875282049179077,0.9840428829193115
