accuracy,precision,recall
0.5892857313156128,0.9703934788703918,0.9627530574798584
0.5883458852767944,0.9702455997467041,0.9625228643417358
0.5234962701797485,0.9700807929039001,0.9622594118118286
0.6043233275413513,0.9699386358261108,0.9620306491851807
0.5347744226455688,0.9697878360748291,0.9617863893508911
0.5291353464126587,0.9696393013000488,0.961545467376709
0.5883458852767944,0.9694870114326477,0.9613235592842102
0.5845864415168762,0.9693504571914673,0.9610971808433533
0.5986841917037964,0.9692205786705017,0.9608988165855408
0.6343985199928284,0.9691116213798523,0.9607300758361816
0.6080827116966248,0.9689784049987793,0.9605222344398499
0.5902255773544312,0.968807578086853,0.9602864384651184
0.5864661931991577,0.9687243103981018,0.9601311683654785
0.597744345664978,0.9685829281806946,0.9599255919456482
0.6052631735801697,0.9684668183326721,0.9597558379173279
0.603383481502533,0.9683189392089844,0.9595388770103455
0.5902255773544312,0.9681951999664307,0.959344208240509
0.5808270573616028,0.9680560827255249,0.9591308832168579
0.50845867395401,0.9679375886917114,0.9589144587516785
0.5554511547088623,0.9677852392196655,0.9586743712425232
0.6099624037742615,0.967682421207428,0.9584927558898926
0.5648496150970459,0.9675577878952026,0.9583085179328918
0.5789473652839661,0.9674336910247803,0.9581185579299927
0.5845864415168762,0.967352569103241,0.9579781889915466
0.6080827116966248,0.9672498106956482,0.957821786403656
0.576127827167511,0.9671188592910767,0.9576133489608765
0.5902255773544312,0.9669928550720215,0.9574340581893921
0.4981203079223633,0.9668439030647278,0.9572208523750305
0.6090225577354431,0.9667442440986633,0.9570663571357727
0.6052631735801697,0.9666553735733032,0.9569091796875
