accuracy,precision,recall
0.47462406754493713,0.9634366035461426,0.9508726596832275
0.4370300769805908,0.9633405208587646,0.950668215751648
0.42763158679008484,0.9632667303085327,0.9504918456077576
0.3815789520740509,0.9631701111793518,0.9502798914909363
0.433270663022995,0.9631016850471497,0.9501234889030457
0.41165414452552795,0.9630357027053833,0.9499413967132568
0.42951127886772156,0.9629529118537903,0.9497551918029785
0.40977442264556885,0.962878942489624,0.9495904445648193
0.4266917407512665,0.9628196954727173,0.9494337439537048
0.3994360864162445,0.9627554416656494,0.9492548704147339
0.4088345766067505,0.9626867771148682,0.9490969181060791
0.41447368264198303,0.9626086950302124,0.9489148259162903
0.4125939905643463,0.9625218510627747,0.948733925819397
0.41635337471961975,0.9624394774436951,0.9485461115837097
0.3900375962257385,0.9623733758926392,0.9483898282051086
0.3947368562221527,0.9622952938079834,0.9482186436653137
0.4445488750934601,0.9622188806533813,0.9480398893356323
0.43421053886413574,0.9621596336364746,0.9478810429573059
0.3975563943386078,0.9620814323425293,0.9477069973945618
0.44078946113586426,0.9620094299316406,0.9475382566452026
0.43421053886413574,0.9619187712669373,0.9473607540130615
0.4201127886772156,0.9618606567382812,0.9472108483314514
0.44736841320991516,0.9617916345596313,0.9470651149749756
0.4398496150970459,0.9617181420326233,0.946902871131897
0.4398496150970459,0.9616537690162659,0.9467415809631348
0.43421053886413574,0.9615899324417114,0.9465982913970947
0.441729336977005,0.9615188837051392,0.9464386105537415
0.39567670226097107,0.9614377021789551,0.9462594389915466
0.4304511249065399,0.961374044418335,0.9461113214492798
0.3862781822681427,0.9613005518913269,0.9459575414657593
