accuracy,precision,recall
0.3458646535873413,0.9612345695495605,0.9457968473434448
0.32236841320991516,0.9611653685569763,0.9456249475479126
0.32236841320991516,0.9611040949821472,0.9454762935638428
0.34962406754493713,0.9610388278961182,0.9453253746032715
0.3233082592487335,0.9609849452972412,0.9451822638511658
0.34210526943206787,0.9609222412109375,0.945019006729126
0.34492480754852295,0.9608678221702576,0.9448596835136414
0.3524436056613922,0.9608011841773987,0.9447048306465149
0.3035714328289032,0.9607535004615784,0.9445710182189941
0.31578946113586426,0.9606942534446716,0.9444196224212646
0.3909774422645569,0.9606243371963501,0.9442532658576965
0.375,0.9605569243431091,0.9440922737121582
0.3552631437778473,0.9605185389518738,0.9439715147018433
0.33552631735801697,0.9604577422142029,0.9438166618347168
0.32236841320991516,0.96040278673172,0.943682074546814
0.308270663022995,0.9603371620178223,0.9435243010520935
0.32706767320632935,0.9602875709533691,0.9433833956718445
0.3035714328289032,0.9602408409118652,0.9432454109191895
0.3298872113227844,0.9601788520812988,0.9430878758430481
0.298872172832489,0.9601194858551025,0.9429373741149902
0.3392857015132904,0.9600620269775391,0.9428029656410217
0.30075186491012573,0.9600176215171814,0.9426712989807129
0.34962406754493713,0.9599572420120239,0.9425225853919983
0.35432329773902893,0.9599048495292664,0.9423940181732178
0.3148496150970459,0.9598569273948669,0.9422645568847656
0.3120300769805908,0.9598101377487183,0.9421452879905701
0.35338345170021057,0.9597522616386414,0.9420046806335449
0.34962406754493713,0.9597057104110718,0.9418825507164001
0.3571428656578064,0.9596392512321472,0.9417374730110168
0.33364662528038025,0.9596169590950012,0.9416339993476868
