uneducated absolute,kins absolute,kill absolute,kbann absolute,uneducated relative,kins relative,kill relative,kbann relative
0.008680884189020216,0.008673902341343681,0.008708408868400078,0.008717886891795803,1.0,0.9991957215964976,1.0031707230255043,1.0042625499856788
