kbann,kill,kins,uneducated
1.0042625499856788,1.0031707230255043,0.9991957215964976,0.008680884189020216
