accuracy,precision,recall
0.9060150384902954,0.8937392234802246,0.8948608040809631
0.902255654335022,0.891615629196167,0.8929970264434814
0.8862782120704651,0.8896946907043457,0.891339898109436
0.905075192451477,0.8879029750823975,0.8896632790565491
0.9248120188713074,0.8863500356674194,0.8883554935455322
0.9041353464126587,0.8847309350967407,0.8868953585624695
0.9088345766067505,0.8832498788833618,0.8855680823326111
0.902255654335022,0.8816438317298889,0.8841294646263123
0.9125939607620239,0.8802480101585388,0.8829419612884521
0.9031955003738403,0.8791268467903137,0.8820050954818726
0.9163534045219421,0.8781609535217285,0.88116854429245
0.905075192451477,0.8771949410438538,0.8802309036254883
0.9210526347160339,0.8761445879936218,0.8793849349021912
0.9031955003738403,0.875320553779602,0.8787389397621155
0.9003759622573853,0.8743263483047485,0.8779272437095642
0.8956766724586487,0.8732031583786011,0.876926839351654
0.9060150384902954,0.8719388246536255,0.875891387462616
0.902255654335022,0.8710843324661255,0.8751615285873413
0.9060150384902954,0.8703625202178955,0.8745265603065491
0.9125939607620239,0.869460940361023,0.8736729621887207
0.9060150384902954,0.8687627911567688,0.8731018900871277
0.9013158082962036,0.8679866790771484,0.8723900318145752
0.8956766724586487,0.8671391010284424,0.8717396855354309
0.902255654335022,0.8666258454322815,0.8712952733039856
0.8975563645362854,0.8659752011299133,0.8706961274147034
0.9097744226455688,0.8654137849807739,0.8702349662780762
0.9135338068008423,0.8648354411125183,0.869647741317749
0.896616518497467,0.8641249537467957,0.8690193295478821
0.8994361162185669,0.8635005950927734,0.8684674501419067
0.8984962701797485,0.8627732992172241,0.8677950501441956
