accuracy,precision,recall
0.8186089992523193,0.7780715823173523,0.8078466653823853
0.8364661931991577,0.7755703926086426,0.8066757321357727
0.8045112490653992,0.7742829918861389,0.8055553436279297
0.8186089992523193,0.7717633247375488,0.8043701648712158
0.8186089992523193,0.7691071033477783,0.8032469153404236
0.7904135584831238,0.7677655220031738,0.8022324442863464
0.7913534045219421,0.7665183544158936,0.8011161088943481
0.817669153213501,0.7655606269836426,0.8002530336380005
0.8223684430122375,0.7638439536094666,0.7992511987686157
0.8186089992523193,0.7614057064056396,0.7981920838356018
0.8186089992523193,0.7591225504875183,0.7971682548522949
0.826127827167511,0.7576199769973755,0.796187698841095
0.8082706928253174,0.7565499544143677,0.7952844500541687
0.8223684430122375,0.7544109225273132,0.7943730354309082
0.7922932505607605,0.7533265352249146,0.7934418320655823
0.8195488452911377,0.7522295117378235,0.7925505042076111
0.8101503849029541,0.7513678669929504,0.7917357683181763
0.807330846786499,0.7499284148216248,0.790789008140564
0.8251879811286926,0.7490240335464478,0.7900227308273315
0.8186089992523193,0.7470123171806335,0.7891704440116882
0.8195488452911377,0.7461628317832947,0.7883284091949463
0.8204887509346008,0.7453664541244507,0.7875711917877197
0.817669153213501,0.7440225481987,0.7867623567581177
0.8045112490653992,0.7432612776756287,0.7860240936279297
0.8016917109489441,0.7426068782806396,0.7853312492370605
0.8045112490653992,0.741663932800293,0.7846116423606873
0.8045112490653992,0.7407436370849609,0.7838529348373413
0.8186089992523193,0.7389167547225952,0.7830725908279419
0.817669153213501,0.7380692958831787,0.782276451587677
0.8223684430122375,0.7373226881027222,0.7815423011779785
