accuracy,precision,recall
0.8119280338287354,0.7666227221488953,0.7666227221488953
0.8108838796615601,0.7660825848579407,0.7660825848579407
0.7974326014518738,0.7655354738235474,0.7655354738235474
0.7995209097862244,0.7650123238563538,0.7650123238563538
0.7923346161842346,0.7644443511962891,0.7644443511962891
0.7982925176620483,0.7638949751853943,0.7638949751853943
0.798353910446167,0.7633342742919922,0.7633342742919922
0.7931945323944092,0.7627588510513306,0.7627588510513306
0.808058500289917,0.7622095346450806,0.7622095346450806
0.8040046691894531,0.7616583704948425,0.7616583704948425
0.808734118938446,0.7611063718795776,0.7611063718795776
0.79780113697052,0.7605367302894592,0.7605367302894592
0.7899391651153564,0.7599818110466003,0.7599818110466003
0.7936244606971741,0.7594509720802307,0.7594509720802307
0.7883422374725342,0.7588902711868286,0.7588902711868286
0.8069528937339783,0.758331298828125,0.758331298828125
0.8056015968322754,0.7577819228172302,0.7577819228172302
0.8076899647712708,0.757210373878479,0.757210373878479
0.8008107542991638,0.7566738724708557,0.7566738724708557
0.8042503595352173,0.7561259269714355,0.7561259269714355
0.7998894453048706,0.755584716796875,0.755584716796875
0.7872980833053589,0.7550435662269592,0.7550435662269592
0.8022848963737488,0.7544880509376526,0.7544880509376526
0.7947300672531128,0.753939151763916,0.753939151763916
0.7939316034317017,0.7533952593803406,0.7533952593803406
0.7966341376304626,0.7528607845306396,0.7528607845306396
0.7968183755874634,0.7523096799850464,0.7523096799850464
0.7965112924575806,0.7517781853675842,0.7517781853675842
0.7917818427085876,0.7512232661247253,0.7512232661247253
0.7939929962158203,0.7506815195083618,0.7506815195083618
