accuracy,precision,recall
0.8097782731056213,0.8322826623916626,0.8322826623916626
0.8049259781837463,0.8322069644927979,0.8322069644927979
0.8170874118804932,0.8321315050125122,0.8321315050125122
0.8083041310310364,0.8320404291152954,0.8320404291152954
0.8103310465812683,0.8319772481918335,0.8319772481918335
0.8179473280906677,0.8319114446640015,0.8319114446640015
0.8082427382469177,0.8318502902984619,0.8318502902984619
0.8185614943504333,0.8317800760269165,0.8317800760269165
0.816288948059082,0.8317030072212219,0.8317030072212219
0.8119280338287354,0.8316414952278137,0.8316414952278137
0.8027148246765137,0.8315520882606506,0.8315520882606506
0.8073214292526245,0.8314818739891052,0.8314818739891052
0.8181315660476685,0.8314209580421448,0.8314209580421448
0.8019777536392212,0.8313524127006531,0.8313524127006531
0.8156747221946716,0.8312705755233765,0.8312705755233765
0.7884036898612976,0.8312091827392578,0.8312091827392578
0.8207727074623108,0.8311463594436646,0.8311463594436646
0.7924574613571167,0.8310853242874146,0.8310853242874146
0.8104538917541504,0.8310219645500183,0.8310219645500183
0.808058500289917,0.8309626579284668,0.8309626579284668
0.8181929588317871,0.8308950066566467,0.8308950066566467
0.8067686557769775,0.8308180570602417,0.8308180570602417
0.7960199117660522,0.8307586908340454,0.8307586908340454
0.8137092590332031,0.8306955099105835,0.8306955099105835
0.8116208910942078,0.8306349515914917,0.8306349515914917
0.8139548897743225,0.8305734395980835,0.8305734395980835
0.7891407012939453,0.8296600580215454,0.8296600580215454
0.7967569828033447,0.8287631869316101,0.8287631869316101
0.8164731860160828,0.8278433680534363,0.8278433680534363
0.8120508790016174,0.8269349336624146,0.8269349336624146
