accuracy,precision,recall
0.811989426612854,0.8259981870651245,0.8259981870651245
0.8068300485610962,0.825082540512085,0.825082540512085
0.7946072220802307,0.8241578340530396,0.8241578340530396
0.8164731860160828,0.8232417106628418,0.8232417106628418
0.8060929775238037,0.82232666015625,0.82232666015625
0.8052945137023926,0.8214200139045715,0.8214200139045715
0.7964498400688171,0.8205190896987915,0.8205190896987915
0.801609218120575,0.819610595703125,0.819610595703125
0.8174559473991394,0.8187040090560913,0.8187040090560913
0.8091640472412109,0.8177880644798279,0.8177880644798279
0.8162274956703186,0.8168768286705017,0.8168768286705017
0.8028376698493958,0.8159788250923157,0.8159788250923157
0.7869295477867126,0.81507807970047,0.81507807970047
0.8177016377449036,0.8141790628433228,0.8141790628433228
0.7920889258384705,0.8132916688919067,0.8132916688919067
0.8009950518608093,0.8123855590820312,0.8123855590820312
0.81954425573349,0.8114948272705078,0.8114948272705078
0.8027148246765137,0.8106077909469604,0.8106077909469604
0.7976782917976379,0.8097234964370728,0.8097234964370728
0.8136478066444397,0.8088374137878418,0.8088374137878418
0.8019777536392212,0.8079527616500854,0.8079527616500854
0.8157361149787903,0.8070701956748962,0.8070701956748962
0.7967569828033447,0.8061859011650085,0.8061859011650085
0.8004422187805176,0.8053073883056641,0.8053073883056641
0.8069528937339783,0.8044227957725525,0.8044227957725525
0.8068300485610962,0.8035564422607422,0.8035564422607422
0.8057858943939209,0.8026788234710693,0.8026788234710693
0.8129721879959106,0.8017980456352234,0.8017980456352234
0.8039432764053345,0.800936222076416,0.800936222076416
0.7880351543426514,0.8000754714012146,0.8000754714012146
