uneducated absolute,kins absolute,kill absolute,kbann absolute,uneducated relative,kins relative,kill relative,kbann relative
2.6999248298678538,2.6865158659646546,2.6957699554911194,2.7391791996016357,1.0,0.9950335788038012,0.9984611147944672,1.0145390602358746
