accuracy,precision,recall
0.8487808108329773,0.8493144512176514,0.8493144512176514
0.8505619764328003,0.8491202592849731,0.8491202592849731
0.8487193584442139,0.8489415049552917,0.8489415049552917
0.8493335843086243,0.8489068746566772,0.8489068746566772
0.8481665849685669,0.8490683436393738,0.8490683436393738
0.8498863577842712,0.8491050601005554,0.8491050601005554
0.8493335843086243,0.8492127060890198,0.8492127060890198
0.8485351204872131,0.8492520451545715,0.8492520451545715
0.8468767404556274,0.8492431044578552,0.8492431044578552
0.8493335843086243,0.8492358326911926,0.8492358326911926
0.8486579656600952,0.8492444753646851,0.8492444753646851
0.8486579656600952,0.8492521643638611,0.8492521643638611
0.8471224308013916,0.849243700504303,0.849243700504303
0.8479208946228027,0.8492361903190613,0.8492361903190613
0.8490265011787415,0.849236249923706,0.8492361903190613
0.8460782766342163,0.8492519855499268,0.8492519855499268
0.8471224308013916,0.8492663502693176,0.8492663502693176
0.840734601020813,0.8492827415466309,0.8492827415466309
0.8516061902046204,0.8493368625640869,0.8493368625640869
0.8456482887268066,0.8493106365203857,0.849310576915741
0.8467538952827454,0.8492714762687683,0.8492714762687683
0.8479208946228027,0.8492956757545471,0.8492956757545471
0.8479208946228027,0.8493019342422485,0.8493019342422485
0.8493335843086243,0.8493040800094604,0.8493040800094604
0.8493949770927429,0.8493024110794067,0.849302351474762
0.8475523591041565,0.8493020534515381,0.8493020534515381
0.8466310501098633,0.8492825031280518,0.8492825031280518
0.8478594422340393,0.8492663502693176,0.8492663502693176
0.8491492867469788,0.8492504358291626,0.8492504358291626
0.8431914448738098,0.8492360711097717,0.849236011505127
