accuracy,precision,recall
0.8454025983810425,0.8183562755584717,0.8183562755584717
0.8468767404556274,0.8174712061882019,0.8174712061882019
0.8433757424354553,0.8165894150733948,0.8165894150733948
0.8463853597640991,0.815736711025238,0.815736711025238
0.8474295139312744,0.8149484992027283,0.8149484992027283
0.8438670635223389,0.8141690492630005,0.8141690492630005
0.8475523591041565,0.8134230375289917,0.8134230375289917
0.838584840297699,0.8127956986427307,0.8127956986427307
0.8466310501098633,0.8120708465576172,0.8120708465576172
0.8439285159111023,0.811433732509613,0.811433732509613
0.8479208946228027,0.810942530632019,0.810942530632019
0.8460782766342163,0.810392439365387,0.810392439365387
0.8476138114929199,0.8099132776260376,0.8099132776260376
0.843989908695221,0.8094397187232971,0.8094397187232971
0.8454025983810425,0.8089898228645325,0.8089898228645325
0.8449726700782776,0.8085399866104126,0.8085399866104126
0.8444198966026306,0.8080654740333557,0.8080654740333557
0.8477980494499207,0.8076537251472473,0.8076537251472473
0.848412275314331,0.8071978092193604,0.8071978092193604
0.8449112176895142,0.8067936897277832,0.8067936897277832
0.843437135219574,0.8064497709274292,0.8064497709274292
0.8455254435539246,0.8063254952430725,0.8063254952430725
0.8449112176895142,0.8062947988510132,0.8062947988510132
0.8443584442138672,0.8062742948532104,0.8062742948532104
0.8481051325798035,0.8061727285385132,0.8061727285385132
0.8412259817123413,0.8062204718589783,0.8062204718589783
0.8465082049369812,0.8062037229537964,0.8062037229537964
0.8369879126548767,0.80617356300354,0.80617356300354
0.843989908695221,0.8061751127243042,0.8061751127243042
0.8420244455337524,0.8060625791549683,0.8060625791549683
