accuracy,precision,recall
0.18420244753360748,0.6570579409599304,0.6570579409599304
0.16761869192123413,0.6569932103157043,0.6569931507110596
0.18432529270648956,0.6569234728813171,0.6569234132766724
0.16835574805736542,0.6568412184715271,0.6568411588668823
0.16811007261276245,0.6567689776420593,0.6567689776420593
0.169829860329628,0.6566941738128662,0.6566940546035767
0.1628892570734024,0.6566206216812134,0.6566205620765686
0.1798415333032608,0.6565545797348022,0.6565545201301575
0.18217554688453674,0.656478226184845,0.656478226184845
0.17916589975357056,0.6564145088195801,0.6564144492149353
0.18776488304138184,0.6563417315483093,0.6563417315483093
0.17836742103099823,0.6562625765800476,0.6562625765800476
0.17259381711483002,0.6561921238899231,0.6561921238899231
0.17314660549163818,0.6561242341995239,0.6561241149902344
0.18051716685295105,0.6560474038124084,0.6560472846031189
0.16614457964897156,0.6559790968894958,0.6559790372848511
0.16811007261276245,0.6559144854545593,0.6559144854545593
0.17935016751289368,0.6558323502540588,0.6558322310447693
0.174989253282547,0.6557624340057373,0.6557624340057373
0.1680486500263214,0.6556870937347412,0.6556869745254517
0.1834653913974762,0.6556142568588257,0.6556141376495361
0.18131564557552338,0.6555460095405579,0.6555459499359131
0.17111970484256744,0.655468761920929,0.655468761920929
0.17455929517745972,0.6553961038589478,0.6553961038589478
0.17928874492645264,0.6553317904472351,0.6553316712379456
0.16792580485343933,0.6552559733390808,0.6552559733390808
0.17142681777477264,0.6551843285560608,0.655184268951416
0.17885878682136536,0.6551170349121094,0.6551169157028198
0.17935016751289368,0.6550440192222595,0.6550440192222595
0.1867821365594864,0.6549714803695679,0.6549714803695679
