accuracy,precision,recall
0.8087955117225647,0.6681403517723083,0.6681403517723083
0.7927031517028809,0.6678049564361572,0.6678048968315125
0.7957127690315247,0.6675102710723877,0.6675102710723877
0.7857010960578918,0.6672115325927734,0.6672114133834839
0.7840427756309509,0.666918933391571,0.666918933391571
0.7850254774093628,0.6666272878646851,0.6666272282600403
0.7672133445739746,0.6664007902145386,0.6664007902145386
0.7834899425506592,0.666167676448822,0.6661676168441772
0.7889564633369446,0.6658716797828674,0.6658716797828674
0.7856397032737732,0.6656160354614258,0.6656160354614258
0.7815244793891907,0.665371835231781,0.665371835231781
0.7906148433685303,0.6651251316070557,0.6651250123977661
0.7858239412307739,0.6648834347724915,0.6648834347724915
0.7684417366981506,0.6646395325660706,0.6646394729614258
0.7898777723312378,0.66436767578125,0.66436767578125
0.7971869111061096,0.6641112565994263,0.6641112565994263
0.7996437549591064,0.6638977527618408,0.663897693157196
0.7807260155677795,0.663662850856781,0.663662850856781
0.7979853749275208,0.6634519696235657,0.6634519696235657
0.810761034488678,0.6632166504859924,0.6632166504859924
0.7843498587608337,0.6629940867424011,0.6629940271377563
0.7829371690750122,0.6627805829048157,0.6627805829048157
0.7856397032737732,0.6625862717628479,0.6625862121582031
0.7801117897033691,0.6623622179031372,0.6623622179031372
0.7607026696205139,0.6621695756912231,0.6621694564819336
0.7937473058700562,0.6619653701782227,0.6619653701782227
0.7868067026138306,0.6617924571037292,0.6617924571037292
0.8085498213768005,0.6616162061691284,0.6616159677505493
0.779313325881958,0.6614077687263489,0.6614077091217041
0.8041889071464539,0.661224365234375,0.661224365234375
