accuracy,precision,recall
0.7375468611717224,0.656278133392334,0.656278133392334
0.7551747560501099,0.6556423902511597,0.6556423902511597
0.7658620476722717,0.6549965143203735,0.6549965143203735
0.7668448090553284,0.654346764087677,0.654346764087677
0.7662919759750366,0.6537260413169861,0.6537260413169861
0.7759351134300232,0.6531487703323364,0.6531487703323364
0.7606412172317505,0.6525691151618958,0.6525691151618958
0.7648792862892151,0.651888370513916,0.651888370513916
0.7879123091697693,0.6512749195098877,0.6512749195098877
0.7702229619026184,0.6506840586662292,0.6506840586662292
0.7651864290237427,0.6500361561775208,0.6500361561775208
0.7363184094429016,0.6494134664535522,0.6494134664535522
0.6853387355804443,0.6487941145896912,0.6487941145896912
0.7538849115371704,0.6481934189796448,0.6481934189796448
0.7498310804367065,0.6475314497947693,0.6475314497947693
0.7549290657043457,0.646930992603302,0.646930992603302
0.7684417366981506,0.6462796926498413,0.6462796926498413
0.7497082352638245,0.6457118988037109,0.6457118988037109
0.7747681140899658,0.6450709104537964,0.6450709104537964
0.7131011486053467,0.6444426774978638,0.6444426774978638
0.7454701662063599,0.6438265442848206,0.6438265442848206
0.7722498774528503,0.6432524919509888,0.6432524919509888
0.7533320784568787,0.6426606774330139,0.6426606774330139
0.7314661145210266,0.6420900225639343,0.6420900225639343
0.7866224646568298,0.6414796710014343,0.6414796710014343
0.7772864103317261,0.6409087181091309,0.6409087181091309
0.7394508719444275,0.6403196454048157,0.6403196454048157
0.7581843733787537,0.6397096514701843,0.6397096514701843
0.7672133445739746,0.6391178369522095,0.6391178369522095
0.7701001167297363,0.6385400891304016,0.6385400295257568
