accuracy,precision,recall
0.1742521971464157,0.5455265045166016,0.5455263257026672
0.17296235263347626,0.5454721450805664,0.5454721450805664
0.17572630941867828,0.5454137325286865,0.5454136729240417
0.17511209845542908,0.5453528761863708,0.5453528165817261
0.17185676097869873,0.5452966690063477,0.5452964901924133
0.16958418488502502,0.5452420115470886,0.5452420115470886
0.17290093004703522,0.5451816320419312,0.5451815724372864
0.17191818356513977,0.54513019323349,0.5451300144195557
0.17234814167022705,0.5450746417045593,0.5450746417045593
0.17357656359672546,0.5450137853622437,0.5450137853622437
0.18616792559623718,0.5449533462524414,0.5449533462524414
0.16989128291606903,0.5448951125144958,0.5448951125144958
0.17793747782707214,0.5448355674743652,0.5448354482650757
0.16301210224628448,0.5447791218757629,0.5447789430618286
0.17492783069610596,0.544722318649292,0.5447222590446472
0.17265523970127106,0.5446615219116211,0.5446615219116211
0.18106995522975922,0.5446024537086487,0.5446023941040039
0.17584915459156036,0.5445515513420105,0.5445513725280762
0.18045574426651,0.5444937944412231,0.5444936156272888
0.18070143461227417,0.5444343090057373,0.5444342494010925
0.17326945066452026,0.544378936290741,0.5443788170814514
0.16835574805736542,0.5443152785301208,0.5443152785301208
0.17554204165935516,0.5442566871643066,0.5442565679550171
0.19175726175308228,0.5442022085189819,0.5442019701004028
0.169829860329628,0.5441482067108154,0.5441479682922363
0.1645476371049881,0.5440974235534668,0.5440972447395325
0.18137706816196442,0.5440384745597839,0.5440384149551392
0.18008722364902496,0.5439795255661011,0.5439794659614563
0.1860450804233551,0.5439289212226868,0.543928861618042
0.1932927966117859,0.5438742637634277,0.5438742637634277
