accuracy,precision,recall
0.8428229093551636,0.8482734560966492,0.8482734560966492
0.8398132920265198,0.8464672565460205,0.8464672565460205
0.846139669418335,0.8448877930641174,0.8448877930641174
0.8463239073753357,0.8433228731155396,0.8433228731155396
0.8470609784126282,0.8418342471122742,0.8418342471122742
0.8444198966026306,0.8404253125190735,0.8404253125190735
0.8385234475135803,0.8390716910362244,0.8390716910362244
0.8463853597640991,0.8377754092216492,0.8377754092216492
0.845586895942688,0.8365997076034546,0.8365997076034546
0.843989908695221,0.8353903889656067,0.8353903889656067
0.8419016003608704,0.8343173265457153,0.8343173265457153
0.8401203751564026,0.833374559879303,0.833374559879303
0.8476752042770386,0.8324045538902283,0.8324045538902283
0.8441742062568665,0.8315037488937378,0.8315037488937378
0.844112753868103,0.8306251168251038,0.8306251168251038
0.8428229093551636,0.8297751545906067,0.8297751545906067
0.8460782766342163,0.8289772272109985,0.8289772272109985
0.840181827545166,0.8281572461128235,0.8281572461128235
0.844112753868103,0.8274232745170593,0.8274232745170593
0.8431300520896912,0.8266687393188477,0.8266687393188477
0.842884361743927,0.8262814879417419,0.8262814879417419
0.8451569080352783,0.8259652256965637,0.8259652256965637
0.8460168242454529,0.8256130814552307,0.8256130814552307
0.8314599990844727,0.825249195098877,0.825249195098877
0.8442970514297485,0.8249564170837402,0.8249564170837402
0.8519746661186218,0.8245850801467896,0.8245850801467896
0.8475523591041565,0.8243707418441772,0.8243707418441772
0.8474295139312744,0.8240950703620911,0.8240950703620911
0.8453412055969238,0.8238202333450317,0.8238202333450317
0.8450340628623962,0.82356858253479,0.82356858253479
