accuracy,precision,recall
0.15981818735599518,0.5430303812026978,0.543030321598053
0.16209077835083008,0.5430138111114502,0.5430137515068054
0.1657760590314865,0.5429995656013489,0.5429995656013489
0.16209077835083008,0.5429837703704834,0.5429837107658386
0.17161108553409576,0.5429693460464478,0.542969286441803
0.16067808866500854,0.5429532527923584,0.5429531931877136
0.16657453775405884,0.5429386496543884,0.5429385900497437
0.16239789128303528,0.5429220795631409,0.5429220795631409
0.16245931386947632,0.5429078340530396,0.5429077744483948
0.16270498931407928,0.5428913831710815,0.5428913831710815
0.1612308770418167,0.5428772568702698,0.5428772568702698
0.16080093383789062,0.5428609848022461,0.5428609848022461
0.16460905969142914,0.5428467988967896,0.5428467392921448
0.1680486500263214,0.542830228805542,0.5428301095962524
0.1680486500263214,0.5428162217140198,0.5428162217140198
0.16387200355529785,0.5427998900413513,0.5427998304367065
0.1600024551153183,0.5427857041358948,0.5427857041358948
0.15779128670692444,0.5427694320678711,0.5427693724632263
0.1609237790107727,0.5427553057670593,0.5427553057670593
0.15601007640361786,0.5427387952804565,0.5427387356758118
0.16596032679080963,0.5427246689796448,0.542724609375
0.17087402939796448,0.5427082777023315,0.5427082777023315
0.15914255380630493,0.5426942706108093,0.5426942706108093
0.16528469324111938,0.5426779389381409,0.5426778793334961
0.15914255380630493,0.5426637530326843,0.5426637530326843
0.15889687836170197,0.5426474213600159,0.5426474213600159
0.16024814546108246,0.5426334142684937,0.5426333546638489
0.16927707195281982,0.5426175594329834,0.5426175594329834
0.15717707574367523,0.5426034927368164,0.5426034927368164
0.16301210224628448,0.5425875186920166,0.5425874590873718
