accuracy,precision,recall
0.8433757424354553,0.8259351849555969,0.8259351849555969
0.8433757424354553,0.825315535068512,0.825315535068512
0.8415330648422241,0.8247068524360657,0.8247068524360657
0.8440513610839844,0.82411789894104,0.82411789894104
0.8386462926864624,0.8235166668891907,0.8235166668891907
0.8434985280036926,0.8229371309280396,0.8229371309280396
0.8409802913665771,0.8226604461669922,0.8226604461669922
0.8428229093551636,0.8224411606788635,0.8224411606788635
0.8275904655456543,0.8222561478614807,0.8222561478614807
0.8418402075767517,0.8220829963684082,0.8220829963684082
0.8415330648422241,0.8219223022460938,0.8219223022460938
0.8427615165710449,0.8217379450798035,0.8217379450798035
0.8321356177330017,0.8215920329093933,0.8215920329093933
0.8409188389778137,0.8214322328567505,0.8214322328567505
0.8442970514297485,0.821259081363678,0.821259081363678
0.8403046727180481,0.8210983872413635,0.8210983872413635
0.8466310501098633,0.8209317326545715,0.8209317326545715
0.8423315286636353,0.8207680583000183,0.8207680583000183
0.8411031365394592,0.8205795884132385,0.8205795884132385
0.8387691378593445,0.8204024434089661,0.8204024434089661
0.8359437584877014,0.820218563079834,0.820218563079834
0.8440513610839844,0.8200303316116333,0.8200303316116333
0.8388305306434631,0.8198565244674683,0.8198565244674683
0.8390762209892273,0.819673478603363,0.819673478603363
0.8430072069168091,0.8195209503173828,0.8195209503173828
0.8380934596061707,0.8193641304969788,0.8193641304969788
0.8384006023406982,0.819192111492157,0.819192111492157
0.8406731486320496,0.8190396428108215,0.8190396428108215
0.8442970514297485,0.8188782930374146,0.8188782930374146
0.8369879126548767,0.8187331557273865,0.8187331557273865
