accuracy,precision,recall
0.838032066822052,0.8184531331062317,0.8184531331062317
0.8396289944648743,0.8181762099266052,0.8181762099266052
0.8344696164131165,0.8179227709770203,0.8179227709770203
0.8404275178909302,0.8176291584968567,0.8176291584968567
0.8358209133148193,0.8173739910125732,0.8173739910125732
0.834776759147644,0.8171173930168152,0.8171173930168152
0.8363122940063477,0.8168407082557678,0.8168407082557678
0.8334254622459412,0.8165981769561768,0.8165981769561768
0.8384006023406982,0.8163681626319885,0.8163681626319885
0.8366193771362305,0.8161293864250183,0.8161293864250183
0.8390148282051086,0.8158854246139526,0.8158854246139526
0.8363122940063477,0.8156732320785522,0.8156732320785522
0.8329955339431763,0.815451443195343,0.815451443195343
0.8417173624038696,0.8152165412902832,0.8152165412902832
0.8390148282051086,0.8150001168251038,0.8150001168251038
0.8379706144332886,0.8147864937782288,0.8147864937782288
0.843989908695221,0.8145679235458374,0.8145679235458374
0.833179771900177,0.8143613934516907,0.8143613934516907
0.8368036150932312,0.8141568899154663,0.8141568899154663
0.8375406861305237,0.8139554262161255,0.8139554262161255
0.8368036150932312,0.813748836517334,0.813748836517334
0.8418402075767517,0.813544750213623,0.813544750213623
0.8411031365394592,0.813346803188324,0.813346803188324
0.8460782766342163,0.8131710290908813,0.8131710290908813
0.8402432203292847,0.8129859566688538,0.8129859566688538
0.836435079574585,0.812802791595459,0.812802791595459
0.8375406861305237,0.8126222491264343,0.8126222491264343
0.839260458946228,0.8124408721923828,0.8124408721923828
0.8469381332397461,0.8122634291648865,0.8122634291648865
0.837479293346405,0.812095582485199,0.812095582485199
