accuracy,precision,recall
0.8364965319633484,0.8117982149124146,0.8117982149124146
0.82924884557724,0.8115253448486328,0.8115253448486328
0.8317670822143555,0.8112200498580933,0.8112200498580933
0.8379706144332886,0.8109437227249146,0.8109437227249146
0.8360051512718201,0.8106690049171448,0.8106690049171448
0.8439285159111023,0.8103660345077515,0.8103660345077515
0.8308457732200623,0.810096263885498,0.810096263885498
0.8229838609695435,0.8098427057266235,0.8098427057266235
0.8335483074188232,0.8095918297767639,0.8095918297767639
0.8355752229690552,0.8093255758285522,0.8093255758285522
0.8368036150932312,0.809089720249176,0.809089720249176
0.8324427008628845,0.8088472485542297,0.8088472485542297
0.8315213918685913,0.8085942268371582,0.8085942268371582
0.8243350982666016,0.8083490133285522,0.8083490133285522
0.8372949957847595,0.8081049919128418,0.8081049919128418
0.837479293346405,0.807861328125,0.807861328125
0.8395676016807556,0.8076388239860535,0.8076388239860535
0.8336097002029419,0.8074050545692444,0.8074050545692444
0.8368036150932312,0.8071684837341309,0.8071684837341309
0.8243350982666016,0.8069387078285217,0.8069387078285217
0.8337939977645874,0.8067244291305542,0.8067244291305542
0.8300473093986511,0.8064972758293152,0.8064972758293152
0.8345924615859985,0.806299090385437,0.806299090385437
0.8404275178909302,0.8060907125473022,0.8060907125473022
0.8329340815544128,0.8058796525001526,0.8058796525001526
0.8350838422775269,0.8056944012641907,0.8056944012641907
0.8275904655456543,0.80548095703125,0.80548095703125
0.8232295513153076,0.805274486541748,0.805274486541748
0.8366193771362305,0.8047885894775391,0.8047885894775391
0.831951379776001,0.8036494255065918,0.8036494255065918
