accuracy,precision,recall
0.25532829761505127,0.7022204399108887,0.7022204399108887
0.2690252363681793,0.7016934156417847,0.7016934156417847
0.2536699175834656,0.700822114944458,0.7008218765258789
0.27860695123672485,0.699351966381073,0.699351966381073
0.2244948148727417,0.6978802680969238,0.6978801488876343
0.24562373757362366,0.6964162588119507,0.6964161396026611
0.254284143447876,0.694959819316864,0.6949597001075745
0.2738161087036133,0.6935127377510071,0.6935126781463623
0.24580799043178558,0.6920700073242188,0.692069947719574
0.2632516324520111,0.6906250715255737,0.690625011920929
0.24255266785621643,0.6891924738883972,0.6891923546791077
0.2175542116165161,0.6877710223197937,0.6877709031105042
0.25317853689193726,0.6863431334495544,0.6863431334495544
0.23899023234844208,0.6849296689033508,0.684929609298706
0.21429887413978577,0.6835141777992249,0.6835141777992249
0.23125115036964417,0.6821098327636719,0.6821098327636719
0.24242982268333435,0.6807107329368591,0.6807104349136353
0.22295928001403809,0.6793221831321716,0.6793221235275269
0.23696333169937134,0.6779295206069946,0.6779295206069946
0.225538969039917,0.6765477061271667,0.6765477061271667
0.24906332790851593,0.6751720309257507,0.675171971321106
0.24758921563625336,0.6738004684448242,0.6738004684448242
0.25409987568855286,0.6724357008934021,0.6724357008934021
0.20870953798294067,0.6710742712020874,0.6710741519927979
0.2349364310503006,0.6697129607200623,0.6697128415107727
0.244026780128479,0.6683667302131653,0.6683666706085205
0.23125115036964417,0.6670234203338623,0.6670234203338623
0.23512069880962372,0.6662062406539917,0.6662061214447021
0.24672931432724,0.6655397415161133,0.6655397415161133
0.22037959098815918,0.6648447513580322,0.6648446321487427
