accuracy,precision,recall
0.18837909400463104,0.664594292640686,0.6645942330360413
0.2046557366847992,0.6643343567848206,0.664334237575531
0.1958724856376648,0.6640939116477966,0.6640939116477966
0.19955776631832123,0.663830578327179,0.6638305187225342
0.19691665470600128,0.6635555028915405,0.6635555028915405
0.19145016372203827,0.6632932424545288,0.663293182849884
0.20305877923965454,0.6630374193191528,0.6630374193191528
0.20576131343841553,0.6627636551856995,0.6627635955810547
0.21036791801452637,0.6624784469604492,0.6624783873558044
0.18991462886333466,0.6622321009635925,0.6622321009635925
0.19820649921894073,0.6619880795478821,0.6619880795478821
0.19366131722927094,0.6617175340652466,0.6617174744606018
0.20932374894618988,0.6614637970924377,0.6614636778831482
0.19501258432865143,0.6612069010734558,0.661206841468811
0.1912044733762741,0.6609581112861633,0.6609579920768738
0.2049628347158432,0.6607062816619873,0.6607062816619873
0.1827283352613449,0.6604645848274231,0.6604645252227783
0.1951354295015335,0.6602013111114502,0.6602013111114502
0.17677046358585358,0.6599572896957397,0.6599572896957397
0.18721209466457367,0.659699022769928,0.6596989631652832
0.20975370705127716,0.6594546437263489,0.6594546437263489
0.19796080887317657,0.6591829061508179,0.6591829061508179
0.1913273185491562,0.6589184999465942,0.6589184403419495
0.17412935197353363,0.6586429476737976,0.6586429476737976
0.19188010692596436,0.6583833694458008,0.6583832502365112
0.1727166622877121,0.6581241488456726,0.6581241488456726
0.18100853264331818,0.6578982472419739,0.6578982472419739
0.19507400691509247,0.6576336622238159,0.6576336026191711
0.1889318823814392,0.6573822498321533,0.6573822498321533
0.20637552440166473,0.6571354269981384,0.6571354269981384
