accuracy,precision,recall
0.7972483038902283,0.7139304280281067,0.7139304280281067
0.8190528750419617,0.712483823299408,0.712483823299408
0.8094097375869751,0.7110283970832825,0.7110283970832825
0.7981082201004028,0.7095845937728882,0.7095845937728882
0.8111909627914429,0.7081407308578491,0.7081407308578491
0.8237208724021912,0.7067064642906189,0.7067064642906189
0.769055962562561,0.7052915692329407,0.7052915692329407
0.8015478253364563,0.7038857340812683,0.7038857340812683
0.8055402040481567,0.7024843096733093,0.7024843096733093
0.7989681363105774,0.701072633266449,0.701072633266449
0.8000122904777527,0.6996743083000183,0.6996743083000183
0.8150604963302612,0.6982752680778503,0.6982752680778503
0.8136478066444397,0.6968905925750732,0.6968905925750732
0.7958356142044067,0.6955052614212036,0.6955052614212036
0.7880351543426514,0.6941250562667847,0.6941250562667847
0.8151219487190247,0.6927492022514343,0.6927492022514343
0.8060315847396851,0.6913783550262451,0.6913783550262451
0.8033290505409241,0.6900306940078735,0.6900306940078735
0.8118665814399719,0.6886681914329529,0.6886681914329529
0.8052331209182739,0.6873196959495544,0.6873196959495544
0.8116208910942078,0.6859741806983948,0.6859741806983948
0.8143234252929688,0.6846307516098022,0.6846307516098022
0.7989681363105774,0.6832971572875977,0.6832971572875977
0.804434597492218,0.6819677352905273,0.6819677352905273
0.7988452911376953,0.6806362271308899,0.6806362271308899
0.7971254587173462,0.6793212890625,0.6793212890625
0.8095325827598572,0.6780088543891907,0.6780088543891907
0.8175173401832581,0.6767061352729797,0.6767061352729797
0.8084269762039185,0.6754143238067627,0.6754143238067627
0.7965726852416992,0.6741085648536682,0.6741085648536682
