accuracy,precision,recall
0.46992480754852295,0.9744580388069153,0.9614905118942261
0.40319550037384033,0.9744359254837036,0.9614573121070862
0.5065789222717285,0.9744164943695068,0.9614315032958984
0.4436090290546417,0.9744001030921936,0.9614068269729614
0.38063910603523254,0.9743845462799072,0.9613900184631348
0.40977442264556885,0.9743669033050537,0.9613595008850098
0.43890976905822754,0.9743452668190002,0.9613261222839355
0.3994360864162445,0.9743257164955139,0.9612972140312195
0.44736841320991516,0.9743044376373291,0.9612669944763184
0.4624060094356537,0.9742867946624756,0.9612424373626709
0.375,0.9742676019668579,0.961214542388916
0.46992480754852295,0.9742514491081238,0.9611952304840088
0.451127827167511,0.9742350578308105,0.9611731171607971
0.43609023094177246,0.9742173552513123,0.9611467719078064
0.36466166377067566,0.9741985201835632,0.9611184597015381
0.3862781822681427,0.974185585975647,0.9610914587974548
0.4154135286808014,0.9741635322570801,0.9610651731491089
0.4708646535873413,0.9741466641426086,0.9610419273376465
0.4379699230194092,0.9741252660751343,0.961007297039032
0.40789473056793213,0.9741067290306091,0.9609848260879517
0.48590224981307983,0.9740877747535706,0.9609571099281311
0.3505639135837555,0.9740699529647827,0.960928738117218
0.451127827167511,0.9740511775016785,0.9609019160270691
0.4501879811286926,0.9740298986434937,0.9608750343322754
0.38251879811286926,0.9740087985992432,0.9608464241027832
0.4370300769805908,0.9739904999732971,0.9608187675476074
0.4088345766067505,0.9739711880683899,0.9607892036437988
0.42763158679008484,0.9739516973495483,0.960760235786438
0.4351503849029541,0.9739260673522949,0.9607330560684204
0.4821428656578064,0.9739112854003906,0.9607115387916565
