accuracy,precision,recall
0.5432330965995789,0.9819666743278503,0.9733963012695312
0.548872172832489,0.9818798303604126,0.9732500910758972
0.5112782120704651,0.9817732572555542,0.9730775356292725
0.5046992301940918,0.9816794395446777,0.9729397892951965
0.4953007400035858,0.9815972447395325,0.9727979302406311
0.5554511547088623,0.9815155267715454,0.9726703763008118
0.48778194189071655,0.981436014175415,0.9725239872932434
0.5225563645362854,0.9813615083694458,0.9723873138427734
0.557330846786499,0.9812788367271423,0.9722583889961243
0.5169172883033752,0.9812155365943909,0.9721515774726868
0.5864661931991577,0.9811335206031799,0.9720048308372498
0.5225563645362854,0.9810652136802673,0.9718817472457886
0.5018796920776367,0.9810070991516113,0.971789538860321
0.5451127886772156,0.9809579253196716,0.9716850519180298
0.5169172883033752,0.9808841943740845,0.9715456962585449
0.5347744226455688,0.9808312654495239,0.9714431762695312
0.5479323267936707,0.9807899594306946,0.9713602662086487
0.5263158082962036,0.9807381629943848,0.971268355846405
0.5056390762329102,0.9806790351867676,0.9711595177650452
0.5225563645362854,0.9806045293807983,0.9710412621498108
0.557330846786499,0.9805623292922974,0.970965564250946
0.5432330965995789,0.9805275201797485,0.9708878993988037
0.48308271169662476,0.9804836511611938,0.9707877039909363
0.5479323267936707,0.9804422855377197,0.970712423324585
0.5281955003738403,0.9804058074951172,0.9706248044967651
0.5629699230194092,0.9803704619407654,0.9705434441566467
0.5507518649101257,0.9803281426429749,0.9704740047454834
0.5639097690582275,0.9802899956703186,0.9703975915908813
0.5648496150970459,0.9802439212799072,0.9703242182731628
0.5516917109489441,0.9801905155181885,0.9702423214912415
