accuracy,precision,recall
0.9154135584831238,0.9948428869247437,0.9920156002044678
0.9219924807548523,0.99482661485672,0.991995632648468
0.9172932505607605,0.9948135614395142,0.9919799566268921
0.9163534045219421,0.9948002099990845,0.9919642210006714
0.9229323267936707,0.9947855472564697,0.9919453859329224
0.9107142686843872,0.994771420955658,0.9919270873069763
0.9210526347160339,0.9947493076324463,0.9918970465660095
0.9191729426383972,0.994735062122345,0.9918771386146545
0.9144737124443054,0.9947224855422974,0.9918571710586548
0.9295112490653992,0.9947086572647095,0.991840124130249
0.923872172832489,0.9946937561035156,0.9918219447135925
0.9191729426383972,0.9946779608726501,0.991803765296936
0.9163534045219421,0.9946612119674683,0.9917845129966736
0.9266917109489441,0.9946489930152893,0.9917686581611633
0.9097744226455688,0.9946367740631104,0.9917518496513367
0.9182330965995789,0.9946268796920776,0.9917342066764832
0.9144737124443054,0.9946125149726868,0.9917119145393372
0.9248120188713074,0.9946057796478271,0.9917027950286865
0.9229323267936707,0.9945933222770691,0.99168461561203
0.9266917109489441,0.994577944278717,0.991666316986084
0.9219924807548523,0.9945738315582275,0.991655707359314
0.9154135584831238,0.9945564270019531,0.9916329383850098
0.9266917109489441,0.9945494532585144,0.9916200041770935
0.9313910007476807,0.9945470094680786,0.9916119575500488
0.9219924807548523,0.9945340752601624,0.9915937781333923
0.9191729426383972,0.9945191740989685,0.9915757775306702
0.9107142686843872,0.9945057034492493,0.9915598630905151
0.9172932505607605,0.9944921135902405,0.9915434718132019
0.9313910007476807,0.99448561668396,0.9915323853492737
0.9219924807548523,0.9944787621498108,0.9915243983268738
