accuracy,precision,recall
0.4445488750934601,0.9766354560852051,0.9646039605140686
0.46522557735443115,0.9766051173210144,0.9645657539367676
0.45394736528396606,0.9765685796737671,0.964510977268219
0.44924813508987427,0.9765372276306152,0.9644685387611389
0.43890976905822754,0.9765089750289917,0.9644283056259155
0.5206766724586487,0.9764776825904846,0.9643753170967102
0.50845867395401,0.9764569401741028,0.9643387794494629
0.43609023094177246,0.9764348268508911,0.9643067717552185
0.4154135286808014,0.9764080047607422,0.9642510414123535
0.4483082592487335,0.9763777256011963,0.9642072319984436
0.43890976905822754,0.9763521552085876,0.9641623497009277
0.4661654233932495,0.976315438747406,0.9641126990318298
0.4501879811286926,0.9762940406799316,0.9640852808952332
0.4548872113227844,0.9762616157531738,0.9640392065048218
0.4548872113227844,0.9762325286865234,0.9639986753463745
0.3834586441516876,0.9762067198753357,0.9639530181884766
0.45206767320632935,0.9761767387390137,0.9639105796813965
0.39567670226097107,0.9761463403701782,0.9638712406158447
0.39661654829978943,0.976120114326477,0.963827908039093
0.42293232679367065,0.9760873317718506,0.9637858271598816
0.4445488750934601,0.976061999797821,0.9637385010719299
0.4802631437778473,0.9760415554046631,0.96369868516922
0.4041353464126587,0.9760153293609619,0.9636602997779846
0.5018796920776367,0.9759906530380249,0.9636169672012329
0.4285714328289032,0.975968062877655,0.9635874629020691
0.5150375962257385,0.9759390354156494,0.9635534882545471
0.4201127886772156,0.9759058952331543,0.9635190367698669
0.4351503849029541,0.9758820533752441,0.9634793400764465
0.45676690340042114,0.975860059261322,0.9634482264518738
0.4191729426383972,0.9758314490318298,0.9634110927581787
