accuracy,precision,recall
0.7811158895492554,0.7165579795837402,0.7661340832710266
0.8111587762832642,0.7165402173995972,0.7660762071609497
0.8497853875160217,0.7165197134017944,0.766019344329834
0.8798283338546753,0.7164910435676575,0.7659592628479004
0.6824034452438354,0.7164484858512878,0.7658795118331909
0.8583691120147705,0.7164233326911926,0.7658042311668396
0.7939913868904114,0.7163965702056885,0.7657269835472107
0.8025751113891602,0.7163611650466919,0.7656424641609192
0.8927038908004761,0.716343879699707,0.7655849456787109
0.7510729432106018,0.7162964940071106,0.7655395269393921
0.8197425007820129,0.7162704467773438,0.7654523849487305
0.8497853875160217,0.7162511944770813,0.7654013633728027
0.8583691120147705,0.7162308096885681,0.7653515934944153
0.8927038908004761,0.7162094116210938,0.7652950286865234
0.7725321650505066,0.7161683440208435,0.7652387022972107
0.8369098901748657,0.7161402702331543,0.7651745676994324
0.8755365014076233,0.7161126136779785,0.7651194930076599
0.8626609444618225,0.7160763740539551,0.7650354504585266
0.8454935550689697,0.7160558700561523,0.7649878263473511
0.7939913868904114,0.7160242199897766,0.764907717704773
0.7982832789421082,0.716001033782959,0.7648148536682129
0.8283261656761169,0.7159476280212402,0.7647472023963928
0.8111587762832642,0.7159036993980408,0.7646898627281189
0.8283261656761169,0.7158740162849426,0.7646373510360718
0.8669527769088745,0.7158650159835815,0.7646080255508423
0.8884119987487793,0.7158479690551758,0.7645436525344849
0.8712446093559265,0.7158256769180298,0.7644770741462708
0.7768240571022034,0.7157882452011108,0.7643811702728271
0.8454935550689697,0.7157676219940186,0.7643227577209473
0.8583691120147705,0.7157530784606934,0.7642800807952881
