accuracy,precision,recall
0.7854077219963074,0.7959783673286438,0.8223384022712708
0.8111587762832642,0.7955580949783325,0.8216681480407715
0.8497853875160217,0.7951174378395081,0.8210098147392273
0.8798283338546753,0.7946082353591919,0.8203377723693848
0.6952789425849915,0.7940031290054321,0.8195117712020874
0.8540772795677185,0.7935518622398376,0.8187281489372253
0.7939913868904114,0.7930886745452881,0.81793612241745
0.8025751113891602,0.7925556898117065,0.8170865774154663
0.8969957232475281,0.7921617031097412,0.8164560794830322
0.7510729432106018,0.7914864420890808,0.8159178495407104
0.8197425007820129,0.7910544872283936,0.8150713443756104
0.8497853875160217,0.7906450033187866,0.8145001530647278
0.8540772795677185,0.7902308702468872,0.8139437437057495
0.8927038908004761,0.7898125052452087,0.8133367896080017
0.7725321650505066,0.7892270088195801,0.8127378225326538
0.8369098901748657,0.7887610197067261,0.812079906463623
0.8755365014076233,0.7882979512214661,0.8115026950836182
0.8669527769088745,0.78779137134552,0.8107094168663025
0.8497853875160217,0.7873849868774414,0.8101850748062134
0.7939913868904114,0.786921501159668,0.8094329237937927
0.7982832789421082,0.786544919013977,0.8085901141166687
0.832617998123169,0.7858861684799194,0.807934582233429
0.8068669438362122,0.7853000164031982,0.8073586225509644
0.8283261656761169,0.7848333716392517,0.8068208694458008
0.8669527769088745,0.7845284938812256,0.8064520955085754
0.8884119987487793,0.784186065196991,0.8058366775512695
0.8712446093559265,0.7838103175163269,0.805212140083313
0.7553648352622986,0.7833319902420044,0.8043727278709412
0.8454935550689697,0.7829592823982239,0.8038063645362854
0.8583691120147705,0.7826297283172607,0.8033563494682312
