accuracy,precision,recall
0.05150214582681656,0.7241798639297485,0.7060680389404297
0.05150214582681656,0.7243520617485046,0.7061129212379456
0.06437768042087555,0.724460780620575,0.7061470746994019
0.09442060440778732,0.7245967984199524,0.7061595916748047
0.07725322246551514,0.7247766256332397,0.706169068813324
0.055793993175029755,0.724931538105011,0.7062563300132751
0.03862661123275757,0.7251327633857727,0.7063201069831848
0.07725322246551514,0.7253002524375916,0.7064222693443298
0.08154506236314774,0.725519061088562,0.7065451741218567
0.042918454855680466,0.7256919145584106,0.7066144347190857
0.06437768042087555,0.7257876992225647,0.7065423130989075
0.08154506236314774,0.7259359955787659,0.7065463066101074
0.06437768042087555,0.7261074781417847,0.7065871953964233
0.06866952776908875,0.7262881994247437,0.7066910266876221
0.09012875705957413,0.7263894081115723,0.7067297697067261
0.06008583679795265,0.7265723943710327,0.7067286968231201
0.07725322246551514,0.7266629338264465,0.7067041993141174
0.07725322246551514,0.7267168164253235,0.7066164016723633
0.06437768042087555,0.7267688512802124,0.7065439820289612
0.06008583679795265,0.7270261645317078,0.7067456841468811
0.1201716735959053,0.7271061539649963,0.7067707180976868
0.06866952776908875,0.7273014783859253,0.706890344619751
0.06008583679795265,0.7274634838104248,0.706937849521637
0.09442060440778732,0.7274969816207886,0.7066822052001953
0.06437768042087555,0.7275740504264832,0.7065922021865845
0.055793993175029755,0.7276932001113892,0.7065808176994324
0.06008583679795265,0.7279172539710999,0.7067307233810425
0.06008583679795265,0.7280871272087097,0.7068811655044556
0.07725322246551514,0.7282582521438599,0.7070340514183044
0.07725322246551514,0.728359043598175,0.7071693539619446
