accuracy,precision,recall
0.5150214433670044,0.7146018147468567,0.7616869211196899
0.6738197207450867,0.7145395278930664,0.761590838432312
0.44635194540023804,0.7144973278045654,0.7614575624465942
0.5278970003128052,0.714464545249939,0.7613655924797058
0.6351931095123291,0.7144178748130798,0.761261522769928
0.6266094446182251,0.7143798470497131,0.7611314654350281
0.7081544995307922,0.7143415212631226,0.7610307335853577
0.6781116127967834,0.7142829895019531,0.7609472870826721
0.6652360558509827,0.7142471671104431,0.7608308792114258
0.7854077219963074,0.7141950130462646,0.7607437968254089
0.8412017226219177,0.714157223701477,0.7606539130210876
0.5021459460258484,0.7141197919845581,0.760549783706665
0.6351931095123291,0.7140741348266602,0.7604661583900452
0.545064389705658,0.7140103578567505,0.7603843212127686
0.6738197207450867,0.7139502167701721,0.7603012323379517
0.6952789425849915,0.7139081954956055,0.7601895928382874
0.7939913868904114,0.7138756513595581,0.7600763440132141
0.733905553817749,0.7138358950614929,0.7599745392799377
0.6738197207450867,0.7137994170188904,0.7598655819892883
0.5751072764396667,0.7137365341186523,0.7597564458847046
0.3690987229347229,0.7136823534965515,0.7596681714057922
0.733905553817749,0.713655412197113,0.7595550417900085
0.7811158895492554,0.7136285305023193,0.759473443031311
0.6824034452438354,0.7135897874832153,0.759364128112793
0.733905553817749,0.7135570645332336,0.7592613697052002
0.5321888327598572,0.7135030627250671,0.7591779232025146
0.45493561029434204,0.7134370803833008,0.7590669393539429
0.729613721370697,0.7133989334106445,0.7589804530143738
0.6523604989051819,0.7133408784866333,0.7589164972305298
0.4034334719181061,0.7132704854011536,0.7588448524475098
