accuracy,precision,recall
0.21888412535190582,0.7115635871887207,0.7561481595039368
0.2403433471918106,0.7115311622619629,0.756047785282135
0.20600858330726624,0.7114754319190979,0.7559655904769897
0.3690987229347229,0.7114220857620239,0.7558859586715698
0.2660944163799286,0.7113762497901917,0.7557873725891113
0.21459227800369263,0.7112984657287598,0.7557283639907837
0.21459227800369263,0.7112511992454529,0.7556616067886353
0.4163089990615845,0.7111731767654419,0.7555798888206482
0.3605150282382965,0.7111146450042725,0.7555214166641235
0.16738197207450867,0.7110598087310791,0.7554670572280884
0.20600858330726624,0.7110257148742676,0.7553889751434326
0.19742488861083984,0.7109600305557251,0.7553388476371765
0.248927041888237,0.7109231948852539,0.755237877368927
0.274678111076355,0.7108732461929321,0.7551578283309937
0.22746780514717102,0.7108209133148193,0.7550742626190186
0.4935622215270996,0.710769772529602,0.754973292350769
0.21030043065547943,0.7107237577438354,0.7549026608467102
0.32618024945259094,0.7106655836105347,0.754799485206604
0.10729613900184631,0.7106367349624634,0.7547215819358826
0.33476394414901733,0.7105742692947388,0.7546645998954773
0.45493561029434204,0.7105457186698914,0.7545192837715149
0.2575107216835022,0.7104877233505249,0.7544374465942383
0.274678111076355,0.7104352712631226,0.7543677091598511
0.2403433471918106,0.7104005813598633,0.7542687058448792
0.19313304126262665,0.7103233933448792,0.75420743227005
0.30472102761268616,0.7102845907211304,0.75411057472229
0.4034334719181061,0.7102231383323669,0.7540139555931091
0.2660944163799286,0.7101715207099915,0.7539305090904236
0.21459227800369263,0.7100991010665894,0.7538666725158691
0.2360514998435974,0.7100574970245361,0.7537862658500671
