accuracy,precision,recall
0.11587982624769211,0.7088432908058167,0.7512574791908264
0.1330472081899643,0.7088127732276917,0.751187264919281
0.15450644493103027,0.7087864279747009,0.751106858253479
0.15450644493103027,0.7087443470954895,0.7510548233985901
0.11587982624769211,0.7087239623069763,0.7509833574295044
0.17596566677093506,0.708686351776123,0.7508792281150818
0.19742488861083984,0.7086273431777954,0.7508304715156555
0.1201716735959053,0.7086066007614136,0.7507484555244446
0.1201716735959053,0.7086004614830017,0.7506881952285767
0.14592275023460388,0.7085837721824646,0.7505962252616882
0.10729613900184631,0.7085676789283752,0.750519335269928
0.17596566677093506,0.7085464596748352,0.7504333853721619
0.17596566677093506,0.7085182666778564,0.7503270506858826
0.16738197207450867,0.7084688544273376,0.7502527236938477
0.10729613900184631,0.7084486484527588,0.7502002120018005
0.18884120881557465,0.7084006667137146,0.7501372694969177
0.09871244430541992,0.7083916664123535,0.7500767707824707
0.08583690971136093,0.7083724737167358,0.7500090003013611
0.21459227800369263,0.7083428502082825,0.7499284744262695
0.21888412535190582,0.7083204984664917,0.7498338222503662
0.17596566677093506,0.7082800269126892,0.7497870922088623
0.17596566677093506,0.708269476890564,0.7497074007987976
0.09871244430541992,0.7082157135009766,0.7496552467346191
0.14163090288639069,0.7081958055496216,0.7495706081390381
0.1244635209441185,0.708166241645813,0.7495014071464539
0.1201716735959053,0.7081615924835205,0.7494462728500366
0.15021459758281708,0.7081251740455627,0.7493746280670166
0.2403433471918106,0.7080956101417542,0.7493231296539307
0.18884120881557465,0.7080582976341248,0.7492454051971436
0.11158798635005951,0.7080088257789612,0.7491921782493591
