accuracy,precision,recall
0.09012875705957413,0.7075890898704529,0.7473016977310181
0.09442060440778732,0.7075906991958618,0.7472562193870544
0.06866952776908875,0.7075910568237305,0.7472178936004639
0.10729613900184631,0.7075795531272888,0.7471308708190918
0.14163090288639069,0.7075636386871338,0.7470517754554749
0.09871244430541992,0.7075652480125427,0.7470069527626038
0.07725322246551514,0.707572877407074,0.746962308883667
0.10729613900184631,0.7075758576393127,0.7469203472137451
0.07725322246551514,0.7075773477554321,0.746868371963501
0.14163090288639069,0.7075560092926025,0.7468361854553223
0.09442060440778732,0.7075550556182861,0.7467829585075378
0.08583690971136093,0.7075375318527222,0.7467104196548462
0.09012875705957413,0.7075481414794922,0.7466744780540466
0.1201716735959053,0.7075501084327698,0.7466320395469666
0.07725322246551514,0.7075563073158264,0.7465991377830505
0.08154506236314774,0.7075541615486145,0.7465582489967346
0.14163090288639069,0.7075451016426086,0.7465042471885681
0.1373390555381775,0.7075415253639221,0.7464360594749451
0.1287553608417511,0.7075410485267639,0.7463840842247009
0.08154506236314774,0.7075456380844116,0.7463456392288208
0.07725322246551514,0.7075418829917908,0.7463074326515198
0.09442060440778732,0.70754474401474,0.7462798953056335
0.06866952776908875,0.7075448632240295,0.7462475299835205
0.09012875705957413,0.7075595259666443,0.7462244629859924
0.06866952776908875,0.7075650691986084,0.7461892366409302
0.1201716735959053,0.7075689435005188,0.7461604475975037
0.08583690971136093,0.7075614333152771,0.746118426322937
0.11158798635005951,0.7075610160827637,0.746063768863678
0.1287553608417511,0.7075543999671936,0.7460160851478577
0.08583690971136093,0.7075609564781189,0.7459787726402283
