accuracy,precision,recall
0.09442060440778732,0.7075728178024292,0.7459506392478943
0.055793993175029755,0.7075843214988708,0.7459225058555603
0.06866952776908875,0.7075843214988708,0.7458519339561462
0.09012875705957413,0.7075837850570679,0.7457980513572693
0.06008583679795265,0.7075966596603394,0.7457531094551086
0.07725322246551514,0.7076138854026794,0.7457414865493774
0.08583690971136093,0.7076225280761719,0.7457212805747986
0.055793993175029755,0.7076411843299866,0.7456914782524109
0.10729613900184631,0.7076461315155029,0.7456665635108948
0.042918454855680466,0.7076430916786194,0.7456455826759338
0.07725322246551514,0.7076420187950134,0.7455963492393494
0.06437768042087555,0.7076645493507385,0.7455812692642212
0.1201716735959053,0.7076724767684937,0.7455481290817261
0.09012875705957413,0.7076891660690308,0.7455339431762695
0.08154506236314774,0.7076974511146545,0.7454995512962341
0.10300429165363312,0.707699179649353,0.7454509735107422
0.08154506236314774,0.7077058553695679,0.7453930974006653
0.06866952776908875,0.7077181339263916,0.7453671097755432
0.07725322246551514,0.7077322006225586,0.7453376054763794
0.06866952776908875,0.7077470421791077,0.7453240752220154
0.09012875705957413,0.7077602744102478,0.745314359664917
0.09012875705957413,0.7077662944793701,0.7452992796897888
0.09012875705957413,0.7077845931053162,0.7452856302261353
0.055793993175029755,0.7077988982200623,0.7452701926231384
0.08583690971136093,0.7078115940093994,0.7452463507652283
0.09012875705957413,0.7078111171722412,0.7452129125595093
0.10729613900184631,0.7078174948692322,0.74517822265625
0.09442060440778732,0.7078319787979126,0.745150089263916
0.055793993175029755,0.7078496217727661,0.7451295256614685
0.09442060440778732,0.7078508734703064,0.7450870275497437
