accuracy,precision,recall
0.9098712205886841,0.8593589067459106,0.9025939702987671
0.9399141669273376,0.8585770130157471,0.9012515544891357
0.9184549450874329,0.8576096296310425,0.8997046947479248
0.9270386099815369,0.8568195104598999,0.8982211351394653
0.9484978318214417,0.8558885455131531,0.8967424631118774
0.9570815563201904,0.8551504611968994,0.8956059217453003
0.9313304424285889,0.8542762994766235,0.8941318988800049
0.9055793881416321,0.8534396290779114,0.8926266431808472
0.9141631126403809,0.852799117565155,0.8915221691131592
0.9356223344802856,0.8519651293754578,0.8901139497756958
0.8755365014076233,0.850296676158905,0.8884753584861755
0.9399141669273376,0.8494682908058167,0.887259304523468
0.9356223344802856,0.848487138748169,0.8858009576797485
0.9270386099815369,0.8475514054298401,0.8842930793762207
0.9227467775344849,0.8469122052192688,0.8830103874206543
0.9442059993743896,0.8461986780166626,0.8819607496261597
0.9399141669273376,0.8449546098709106,0.8804347515106201
0.8755365014076233,0.8427931666374207,0.8804360628128052
0.9055793881416321,0.842248260974884,0.8794174790382385
0.8884119987487793,0.8414308428764343,0.8781305551528931
0.9141631126403809,0.8403610587120056,0.8767953515052795
0.9227467775344849,0.8395675420761108,0.8756489157676697
0.9227467775344849,0.8389527797698975,0.8745216727256775
0.9442059993743896,0.8382949829101562,0.8734254837036133
0.8884119987487793,0.8375136256217957,0.8722947835922241
0.9399141669273376,0.8367303609848022,0.8711066246032715
0.9055793881416321,0.8360601663589478,0.8700917959213257
0.9270386099815369,0.8355061411857605,0.8690381646156311
0.9484978318214417,0.8347980976104736,0.8679913282394409
0.9399141669273376,0.8344382047653198,0.8670865297317505
