accuracy,precision,recall
0.8969957232475281,0.8226783871650696,0.854667067527771
0.8626609444618225,0.8214588165283203,0.8529031872749329
0.8841201663017273,0.8203019499778748,0.8512386679649353
0.9012875556945801,0.8192136287689209,0.849535346031189
0.8154506683349609,0.8176144957542419,0.8483412265777588
0.7982832789421082,0.8161311149597168,0.8472707271575928
0.8240343332290649,0.8151510953903198,0.8457131385803223
0.8583691120147705,0.8142488598823547,0.8443931937217712
0.8755365014076233,0.8132439851760864,0.8430824279785156
0.6952789425849915,0.8119158744812012,0.8412611484527588
0.8712446093559265,0.8106554746627808,0.8398913145065308
0.8197425007820129,0.8096908330917358,0.8382570147514343
0.8240343332290649,0.8083178997039795,0.8367589116096497
0.9012875556945801,0.8074954152107239,0.8353953957557678
0.8497853875160217,0.8064491152763367,0.8342100381851196
0.8669527769088745,0.8055078387260437,0.8325112462043762
0.7854077219963074,0.8043313026428223,0.8315880298614502
0.8583691120147705,0.8035308718681335,0.8305060863494873
0.8841201663017273,0.8026797771453857,0.8293622732162476
0.7811158895492554,0.801466166973114,0.8282632231712341
0.8927038908004761,0.8005597591400146,0.8271790742874146
0.9055793881416321,0.7998374104499817,0.825977087020874
0.8626609444618225,0.7989640235900879,0.8244097232818604
0.8669527769088745,0.7981449365615845,0.823291540145874
0.8712446093559265,0.797249436378479,0.8219629526138306
0.8369098901748657,0.7963663339614868,0.8207457065582275
0.8927038908004761,0.7952641248703003,0.8195476531982422
0.8454935550689697,0.7941507697105408,0.8183525204658508
0.8969957232475281,0.7933802604675293,0.8173490762710571
0.8927038908004761,0.7928363680839539,0.8166964650154114
