accuracy,precision,recall
0.9227467775344849,0.8601652383804321,0.9209086894989014
0.9270386099815369,0.8599928617477417,0.9201867580413818
0.9356223344802856,0.859613835811615,0.9192695021629333
0.9570815563201904,0.8593383431434631,0.9184885621070862
0.9527897238731384,0.8591828346252441,0.9178519248962402
0.9356223344802856,0.8589470982551575,0.9170976877212524
0.9442059993743896,0.8586398959159851,0.9161137342453003
0.9184549450874329,0.8584662675857544,0.9154802560806274
0.9442059993743896,0.8581602573394775,0.9146909117698669
0.9442059993743896,0.8576772212982178,0.9136736392974854
0.9484978318214417,0.8574954867362976,0.9130581617355347
0.9270386099815369,0.8570590615272522,0.9121180176734924
0.9442059993743896,0.8567150235176086,0.9111314415931702
0.9227467775344849,0.856502115726471,0.9105571508407593
0.9442059993743896,0.8563072681427002,0.9099785089492798
0.9356223344802856,0.8559281826019287,0.9091411828994751
0.9399141669273376,0.8557594418525696,0.9085741639137268
0.9484978318214417,0.8555632829666138,0.9079369902610779
0.9356223344802856,0.855204164981842,0.9072630405426025
0.9012875556945801,0.8548160791397095,0.9064798355102539
0.9313304424285889,0.8544340133666992,0.9057693481445312
0.9399141669273376,0.8541463017463684,0.9050670862197876
0.9442059993743896,0.8538962602615356,0.9044504165649414
0.9356223344802856,0.85362309217453,0.9038102030754089
0.9484978318214417,0.8533355593681335,0.9031366109848022
0.9270386099815369,0.8530056476593018,0.9024572968482971
0.9313304424285889,0.8527782559394836,0.9017332196235657
0.9570815563201904,0.8525496125221252,0.9010664224624634
0.9484978318214417,0.852403998374939,0.9005679488182068
0.9313304424285889,0.8509603142738342,0.9006452560424805
