accuracy,precision,recall
0.9184549450874329,0.8505799770355225,0.8998317718505859
0.9012875556945801,0.8502568006515503,0.899116575717926
0.9570815563201904,0.8499245643615723,0.8984476327896118
0.9399141669273376,0.8496464490890503,0.8978685736656189
0.9227467775344849,0.8493261933326721,0.8971467018127441
0.9184549450874329,0.8489471077919006,0.8963207602500916
0.9227467775344849,0.848746120929718,0.8957832455635071
0.9270386099815369,0.8483795523643494,0.8950445055961609
0.9484978318214417,0.8477690815925598,0.8940819501876831
0.9313304424285889,0.8474056720733643,0.8933985233306885
0.9227467775344849,0.8469900488853455,0.8925363421440125
0.9227467775344849,0.8465879559516907,0.8916786313056946
0.9012875556945801,0.8462444543838501,0.8910554051399231
0.9442059993743896,0.8459406495094299,0.8904616236686707
0.9270386099815369,0.8454060554504395,0.8896584510803223
0.9270386099815369,0.8451860547065735,0.8891472816467285
0.9484978318214417,0.8449544906616211,0.8886145353317261
0.9270386099815369,0.8444722294807434,0.8878525495529175
0.9055793881416321,0.8440320491790771,0.8871018290519714
0.9313304424285889,0.8436319828033447,0.8864579796791077
0.9356223344802856,0.8433337807655334,0.8858212828636169
0.9356223344802856,0.8430214524269104,0.885151743888855
0.9227467775344849,0.8426371812820435,0.8844959735870361
0.9527897238731384,0.842218816280365,0.8837854862213135
0.9141631126403809,0.8418863415718079,0.8832011222839355
0.9270386099815369,0.8416020274162292,0.8825036287307739
0.9484978318214417,0.8413227200508118,0.8819207549095154
0.9356223344802856,0.8411047458648682,0.88139808177948
0.9227467775344849,0.8399150371551514,0.8815087080001831
0.9227467775344849,0.8390874862670898,0.8808124661445618
