accuracy,precision,recall
0.9141631126403809,0.7161673307418823,0.7685412168502808
0.9012875556945801,0.7162032127380371,0.768551230430603
0.9570815563201904,0.7162377834320068,0.7685635685920715
0.9399141669273376,0.7162773013114929,0.768581748008728
0.9227467775344849,0.7163124680519104,0.7685896158218384
0.9184549450874329,0.7163427472114563,0.7685887813568115
0.9184549450874329,0.7163865566253662,0.7686089277267456
0.9313304424285889,0.716417133808136,0.7686134576797485
0.9527897238731384,0.7164303660392761,0.7686002850532532
0.9313304424285889,0.7164604067802429,0.7686069011688232
0.9227467775344849,0.716485857963562,0.7685995101928711
0.9184549450874329,0.7165115475654602,0.7685922384262085
0.9012875556945801,0.716542661190033,0.7686014771461487
0.9442059993743896,0.716576874256134,0.7686126828193665
0.9270386099815369,0.7165931463241577,0.7686071395874023
0.9313304424285889,0.7166326642036438,0.7686238884925842
0.9527897238731384,0.7166708707809448,0.7686383724212646
0.9270386099815369,0.7166900634765625,0.7686346769332886
0.9055793881416321,0.7167117595672607,0.7686304450035095
0.9313304424285889,0.7167364358901978,0.7686342000961304
0.9313304424285889,0.7167673110961914,0.768637478351593
0.9356223344802856,0.7167966961860657,0.768637478351593
0.9227467775344849,0.7168211340904236,0.7686384320259094
0.9527897238731384,0.7168428897857666,0.7686341404914856
0.9184549450874329,0.7168706655502319,0.7686395645141602
0.9270386099815369,0.7169009447097778,0.768635630607605
0.9442059993743896,0.7169328927993774,0.768640398979187
0.9356223344802856,0.7169687151908875,0.7686489820480347
0.9184549450874329,0.7169472575187683,0.7687162160873413
0.9270386099815369,0.7169367074966431,0.7687095999717712
