accuracy,precision,recall
0.9227467775344849,0.7172592878341675,0.7683607339859009
0.9399141669273376,0.7172657251358032,0.7683491110801697
0.8283261656761169,0.7172432541847229,0.7683368921279907
0.9141631126403809,0.7172458171844482,0.768302857875824
0.8927038908004761,0.717259407043457,0.7682904601097107
0.9184549450874329,0.7172611355781555,0.7682627439498901
0.8025751113891602,0.7172356247901917,0.7682129144668579
0.9442059993743896,0.7172247171401978,0.76817786693573
0.8927038908004761,0.7172139883041382,0.7681382298469543
0.8540772795677185,0.7171897888183594,0.7681139707565308
0.9141631126403809,0.7171968221664429,0.7680855989456177
0.8240343332290649,0.7171750068664551,0.7680754661560059
0.9141631126403809,0.717167317867279,0.7680277228355408
0.832617998123169,0.7171573638916016,0.768024206161499
0.8798283338546753,0.7171652913093567,0.7680032253265381
0.8884119987487793,0.7171692848205566,0.7679779529571533
0.8841201663017273,0.7171487808227539,0.7679371237754822
0.9098712205886841,0.7171424031257629,0.7679078578948975
0.9055793881416321,0.7171476483345032,0.7678811550140381
0.8841201663017273,0.7171391248703003,0.7678351402282715
0.8841201663017273,0.7171376943588257,0.7678125500679016
0.9356223344802856,0.7171301245689392,0.76777583360672
0.8669527769088745,0.7171236276626587,0.7677288055419922
0.9184549450874329,0.7171206474304199,0.7676928639411926
0.9227467775344849,0.7171152234077454,0.7676557302474976
0.8969957232475281,0.7171176671981812,0.7676305770874023
0.9270386099815369,0.7171337008476257,0.7676229476928711
0.9012875556945801,0.7171392440795898,0.7675865888595581
0.832617998123169,0.7171124219894409,0.7675666213035583
0.8969957232475281,0.7171042561531067,0.7675217390060425
