accuracy,precision,recall
0.11158798635005951,0.7346324324607849,0.7296679019927979
0.15879827737808228,0.7342525720596313,0.7290862798690796
0.1287553608417511,0.7339690923690796,0.7284899353981018
0.1287553608417511,0.7336673140525818,0.7278279662132263
0.16738197207450867,0.7332804203033447,0.7272852063179016
0.17167381942272186,0.7329663038253784,0.7267269492149353
0.1373390555381775,0.7327423691749573,0.7261959910392761
0.09871244430541992,0.7323995232582092,0.7255582809448242
0.14592275023460388,0.7321364879608154,0.7248855829238892
0.19742488861083984,0.7318683862686157,0.7242946028709412
0.23175965249538422,0.7314476370811462,0.7236114144325256
0.10729613900184631,0.7311416268348694,0.7229806780815125
0.20600858330726624,0.7308212518692017,0.7220851182937622
0.20600858330726624,0.7301425337791443,0.7217220067977905
0.10300429165363312,0.7299039959907532,0.7211369872093201
0.10300429165363312,0.7297844886779785,0.7207448482513428
0.14592275023460388,0.7295771837234497,0.7202365398406982
0.11587982624769211,0.7293257117271423,0.7194597721099854
0.1287553608417511,0.7290422320365906,0.7189401388168335
0.09442060440778732,0.7285767197608948,0.718483567237854
0.1287553608417511,0.7280189394950867,0.7179561853408813
0.11158798635005951,0.7278886437416077,0.71760493516922
0.18025751411914825,0.7273914813995361,0.7171485424041748
0.11158798635005951,0.7272448539733887,0.7167348265647888
0.08154506236314774,0.7270010113716125,0.7163255214691162
0.20171673595905304,0.7267113924026489,0.7157642245292664
0.18884120881557465,0.7264657616615295,0.7150323987007141
0.20171673595905304,0.7262218594551086,0.7144880890846252
0.16309012472629547,0.7260773777961731,0.7139725685119629
0.09012875705957413,0.7255772948265076,0.7136935591697693
