uneducated absolute,kins absolute,kill absolute,kbann absolute,uneducated relative,kins relative,kill relative,kbann relative
0.18194840099892404,0.18007896503126264,0.21295233916901757,0.17858345143376148,1.0,0.9897254608592441,1.1703996187923458,0.981506022879627
