accuracy,precision,recall
0.9098712205886841,0.9907909035682678,0.9896893501281738
0.9227467775344849,0.9907753467559814,0.9896860122680664
0.9184549450874329,0.9907589554786682,0.989680290222168
0.9570815563201904,0.9907427430152893,0.9896765947341919
0.9484978318214417,0.9907275438308716,0.9896727204322815
0.9399141669273376,0.990712583065033,0.9896678328514099
0.9184549450874329,0.9906955361366272,0.9896617531776428
0.9356223344802856,0.9906787872314453,0.9896580576896667
0.9227467775344849,0.9906640648841858,0.9896538257598877
0.9399141669273376,0.9906450510025024,0.9896492958068848
0.9356223344802856,0.9906286001205444,0.9896464347839355
0.9270386099815369,0.9906116127967834,0.9896398186683655
0.9270386099815369,0.9905954599380493,0.9896350502967834
0.9313304424285889,0.9905804395675659,0.9896288514137268
0.9442059993743896,0.9905649423599243,0.9896228313446045
0.9313304424285889,0.9905505776405334,0.9896190166473389
0.9270386099815369,0.9905312061309814,0.9896121621131897
0.9527897238731384,0.99051433801651,0.9896087646484375
0.9442059993743896,0.9904971718788147,0.9896016120910645
0.9356223344802856,0.9904813766479492,0.989596426486969
0.9356223344802856,0.9904658794403076,0.9895921349525452
0.9356223344802856,0.9904482364654541,0.9895877838134766
0.9184549450874329,0.9904327988624573,0.9895831346511841
0.9570815563201904,0.990416944026947,0.9895791411399841
0.9356223344802856,0.9904015064239502,0.9895740747451782
0.9313304424285889,0.9903835654258728,0.9895706176757812
0.9484978318214417,0.9903668165206909,0.989564836025238
0.9270386099815369,0.9903502464294434,0.9895592331886292
0.9270386099815369,0.9903325438499451,0.9895549416542053
0.9442059993743896,0.9903139472007751,0.9895514249801636
