accuracy,precision,recall
0.9227467775344849,0.9902988076210022,0.9895486831665039
0.9313304424285889,0.9902834296226501,0.9895443916320801
0.9313304424285889,0.990267276763916,0.9895387887954712
0.9527897238731384,0.9902511239051819,0.9895355701446533
0.9399141669273376,0.9902362823486328,0.9895306825637817
0.9399141669273376,0.9902209639549255,0.9895257353782654
0.9141631126403809,0.9902045726776123,0.9895200729370117
0.9356223344802856,0.9901894330978394,0.9895167350769043
0.9184549450874329,0.990175724029541,0.9895125031471252
0.9356223344802856,0.990159273147583,0.9895086884498596
0.9484978318214417,0.9901429414749146,0.9895063042640686
0.9356223344802856,0.9901297092437744,0.989500880241394
0.9399141669273376,0.990114152431488,0.9894969463348389
0.9227467775344849,0.9900985360145569,0.9894917011260986
0.9313304424285889,0.990085780620575,0.9894880652427673
0.9399141669273376,0.9900717735290527,0.9894834160804749
0.9356223344802856,0.9900556206703186,0.989479660987854
0.9313304424285889,0.9900387525558472,0.9894760847091675
0.9313304424285889,0.9900219440460205,0.9894709587097168
0.9270386099815369,0.9900070428848267,0.9894648194313049
0.9356223344802856,0.9899912476539612,0.9894610047340393
0.9356223344802856,0.9899753928184509,0.9894564151763916
0.9098712205886841,0.9899607300758362,0.9894518256187439
0.9313304424285889,0.9899435639381409,0.989446222782135
0.9442059993743896,0.9899283051490784,0.989441454410553
0.9227467775344849,0.9899111390113831,0.9894381761550903
0.9442059993743896,0.9898934960365295,0.9894323348999023
0.9141631126403809,0.9898773431777954,0.9894266724586487
0.9399141669273376,0.989862322807312,0.9894217252731323
0.9442059993743896,0.9898466467857361,0.9894184470176697
