accuracy,precision,recall
0.9141631126403809,0.9442421793937683,0.9442421793937683
0.9270386099815369,0.9442245960235596,0.9442245960235596
0.9098712205886841,0.9441803097724915,0.9441803097724915
0.9313304424285889,0.94413822889328,0.94413822889328
0.9270386099815369,0.944095253944397,0.944095253944397
0.9356223344802856,0.9440340399742126,0.9440340399742126
0.9098712205886841,0.9440015554428101,0.9440015554428101
0.9227467775344849,0.9439611434936523,0.9439611434936523
0.9227467775344849,0.9439298510551453,0.9439298510551453
0.9270386099815369,0.9439005851745605,0.9439005851745605
0.9313304424285889,0.9438663125038147,0.9438663125038147
0.9227467775344849,0.9438329339027405,0.9438329339027405
0.9356223344802856,0.9437843561172485,0.9437843561172485
0.9399141669273376,0.9437268376350403,0.9437268376350403
0.9141631126403809,0.9436705112457275,0.9436705112457275
0.9356223344802856,0.9436419010162354,0.9436419010162354
0.9313304424285889,0.9435999393463135,0.9435999393463135
0.9227467775344849,0.9435688257217407,0.9435688257217407
0.9184549450874329,0.943528413772583,0.943528413772583
0.8969957232475281,0.9434854984283447,0.9434854984283447
0.9313304424285889,0.9434548616409302,0.9434548616409302
0.9141631126403809,0.9434226751327515,0.9434226751327515
0.9098712205886841,0.9433910250663757,0.9433910250663757
0.9270386099815369,0.943364679813385,0.943364679813385
0.9356223344802856,0.9433174133300781,0.9433174133300781
0.9227467775344849,0.9432799220085144,0.9432799220085144
0.9184549450874329,0.9432401657104492,0.9432401657104492
0.9270386099815369,0.9432013034820557,0.9432013034820557
0.9270386099815369,0.9431668519973755,0.9431668519973755
0.9313304424285889,0.9431338906288147,0.9431338906288147
