accuracy,precision,recall
0.9184549450874329,0.941839337348938,0.941839337348938
0.9055793881416321,0.9418021440505981,0.9418021440505981
0.9055793881416321,0.9417494535446167,0.9417494535446167
0.9141631126403809,0.9417073130607605,0.9417073130607605
0.9227467775344849,0.9416552782058716,0.9416552782058716
0.9270386099815369,0.9415767192840576,0.9415767192840576
0.9227467775344849,0.941538393497467,0.941538393497467
0.9270386099815369,0.9414814710617065,0.9414814710617065
0.9227467775344849,0.9414435625076294,0.9414435625076294
0.9313304424285889,0.9413904547691345,0.9413904547691345
0.9227467775344849,0.9413476586341858,0.9413476586341858
0.9184549450874329,0.9413005113601685,0.9413005113601685
0.9270386099815369,0.9412476420402527,0.9412476420402527
0.9399141669273376,0.9411716461181641,0.9411716461181641
0.9184549450874329,0.9411308765411377,0.9411308765411377
0.9270386099815369,0.9410892724990845,0.9410892724990845
0.9184549450874329,0.9410330057144165,0.9410330057144165
0.9227467775344849,0.9409911632537842,0.9409911632537842
0.9227467775344849,0.940929651260376,0.940929651260376
0.9098712205886841,0.9408771395683289,0.9408771395683289
0.9227467775344849,0.9408245086669922,0.9408245086669922
0.9227467775344849,0.9408002495765686,0.9408002495765686
0.9270386099815369,0.9407683610916138,0.9407683610916138
0.9313304424285889,0.9407263994216919,0.9407263994216919
0.9012875556945801,0.9406846761703491,0.9406846761703491
0.9227467775344849,0.9406315088272095,0.9406315088272095
0.9227467775344849,0.9405745267868042,0.9405745267868042
0.9313304424285889,0.9405338168144226,0.9405338168144226
0.9227467775344849,0.9404855370521545,0.9404855370521545
0.9356223344802856,0.9404177665710449,0.9404177665710449
