accuracy,precision,recall
0.8927038908004761,0.9391482472419739,0.9391482472419739
0.9098712205886841,0.9391196966171265,0.9391196966171265
0.9055793881416321,0.9390618205070496,0.9390618205070496
0.9012875556945801,0.939003586769104,0.939003586769104
0.8884119987487793,0.9389676451683044,0.9389676451683044
0.9055793881416321,0.9389218688011169,0.9389218688011169
0.8969957232475281,0.938880443572998,0.938880443572998
0.9227467775344849,0.9388307929039001,0.9388307929039001
0.8927038908004761,0.9388065338134766,0.9388065338134766
0.8969957232475281,0.938750684261322,0.938750684261322
0.9227467775344849,0.9387045502662659,0.9387045502662659
0.8969957232475281,0.9386542439460754,0.9386542439460754
0.9184549450874329,0.9385949373245239,0.9385949373245239
0.9527897238731384,0.9385308027267456,0.9385308027267456
0.9098712205886841,0.9384918808937073,0.9384918808937073
0.9055793881416321,0.9384409189224243,0.9384409189224243
0.9313304424285889,0.938385009765625,0.938385009765625
0.9055793881416321,0.9383348226547241,0.9383348226547241
0.9227467775344849,0.9382942914962769,0.9382942914962769
0.9141631126403809,0.938247799873352,0.938247799873352
0.9227467775344849,0.9381975531578064,0.9381975531578064
0.9184549450874329,0.9381642937660217,0.9381642937660217
0.9141631126403809,0.9381214380264282,0.9381214380264282
0.8841201663017273,0.9380748271942139,0.9380748271942139
0.9098712205886841,0.9380255937576294,0.9380255937576294
0.9098712205886841,0.9379814863204956,0.9379814863204956
0.9227467775344849,0.9379225373268127,0.9379225373268127
0.9270386099815369,0.937871515750885,0.937871515750885
0.9270386099815369,0.9378271698951721,0.9378271698951721
0.9227467775344849,0.9377933740615845,0.9377933740615845
