accuracy,precision,recall
0.8884119987487793,0.9377663731575012,0.9377663731575012
0.9012875556945801,0.9377316832542419,0.9377316832542419
0.9055793881416321,0.9376753568649292,0.9376753568649292
0.9141631126403809,0.9376145601272583,0.9376145601272583
0.9141631126403809,0.9375706911087036,0.9375706911087036
0.8798283338546753,0.9375154376029968,0.9375154376029968
0.9012875556945801,0.9374685883522034,0.9374685883522034
0.9141631126403809,0.9374123811721802,0.9374123811721802
0.8927038908004761,0.9373724460601807,0.9373724460601807
0.9055793881416321,0.9373092651367188,0.9373092651367188
0.9184549450874329,0.9372596740722656,0.9372596740722656
0.9012875556945801,0.9372028708457947,0.9372028708457947
0.9141631126403809,0.9371411800384521,0.9371411800384521
0.9527897238731384,0.9370660185813904,0.9370660185813904
0.9270386099815369,0.9370071887969971,0.9370071887969971
0.9012875556945801,0.9369480013847351,0.9369480013847351
0.9184549450874329,0.9368791580200195,0.9368791580200195
0.9141631126403809,0.9368280172348022,0.9368280172348022
0.9055793881416321,0.9367749691009521,0.9367749691009521
0.9141631126403809,0.9367196559906006,0.9367196559906006
0.9055793881416321,0.9366586208343506,0.9366586208343506
0.9055793881416321,0.9366136789321899,0.9366136789321899
0.8969957232475281,0.9365566968917847,0.9365566968917847
0.8927038908004761,0.9364979863166809,0.9364979863166809
0.8969957232475281,0.9364456534385681,0.9364456534385681
0.9055793881416321,0.9363943338394165,0.9363943338394165
0.9055793881416321,0.9363227486610413,0.9363227486610413
0.9141631126403809,0.9362694025039673,0.9362694025039673
0.9270386099815369,0.9362137913703918,0.9362137913703918
0.9227467775344849,0.9361679553985596,0.9361679553985596
