accuracy,precision,recall
0.8540772795677185,0.9714395999908447,0.9701635241508484
0.8755365014076233,0.9713516235351562,0.9701662063598633
0.8841201663017273,0.9712793827056885,0.9701577425003052
0.8626609444618225,0.9711782336235046,0.970160186290741
0.8969957232475281,0.971096396446228,0.9701628684997559
0.8240343332290649,0.9710203409194946,0.9701629877090454
0.9012875556945801,0.9709490537643433,0.970163881778717
0.8669527769088745,0.9708648920059204,0.9701659083366394
0.8798283338546753,0.9707878232002258,0.9701680541038513
0.8497853875160217,0.970698356628418,0.9701650738716125
0.8283261656761169,0.9705992937088013,0.9701654314994812
0.8454935550689697,0.9705106019973755,0.9701651930809021
0.8755365014076233,0.9704306721687317,0.9701655507087708
0.7854077219963074,0.9703564047813416,0.97016441822052
0.8798283338546753,0.9702720642089844,0.9701632261276245
0.8841201663017273,0.9702000617980957,0.9701647162437439
0.9098712205886841,0.9701017737388611,0.9701666235923767
0.8240343332290649,0.9700453877449036,0.9701668620109558
0.8025751113891602,0.9699628353118896,0.970166027545929
0.8454935550689697,0.9698761105537415,0.9701666831970215
0.8669527769088745,0.9697755575180054,0.970167875289917
0.8755365014076233,0.9696974158287048,0.9701696038246155
0.8712446093559265,0.9696164727210999,0.9701704978942871
0.8969957232475281,0.9695317149162292,0.9701732397079468
0.8412017226219177,0.9694682359695435,0.9701745510101318
0.8841201663017273,0.969370424747467,0.9701757431030273
0.8884119987487793,0.9692832231521606,0.9701772928237915
0.9055793881416321,0.9692070484161377,0.9701701998710632
0.8755365014076233,0.969128429889679,0.9701723456382751
0.8755365014076233,0.9690590500831604,0.9701743125915527
