accuracy,precision,recall
0.9399141669273376,0.952755868434906,0.952755868434906
0.9356223344802856,0.9527384042739868,0.9527384042739868
0.9399141669273376,0.9526330232620239,0.9526330232620239
0.9356223344802856,0.9526042342185974,0.9526042342185974
0.9356223344802856,0.9525439143180847,0.9525439143180847
0.9399141669273376,0.9524677991867065,0.9524677991867065
0.9399141669273376,0.9524542093276978,0.9524542093276978
0.9442059993743896,0.9524216651916504,0.9524216651916504
0.9356223344802856,0.9523758888244629,0.9523758888244629
0.9356223344802856,0.9523151516914368,0.9523151516914368
0.9356223344802856,0.9522654414176941,0.9522654414176941
0.9313304424285889,0.9522586464881897,0.9522586464881897
0.9442059993743896,0.9522360563278198,0.9522360563278198
0.9442059993743896,0.9521790146827698,0.9521790146827698
0.9356223344802856,0.9521418213844299,0.9521418213844299
0.9399141669273376,0.9520910978317261,0.9520910978317261
0.9442059993743896,0.9520405530929565,0.9520405530929565
0.9442059993743896,0.9520350098609924,0.9520350098609924
0.9313304424285889,0.951985239982605,0.951985239982605
0.9356223344802856,0.9519043564796448,0.9519043564796448
0.9356223344802856,0.9518413543701172,0.9518413543701172
0.9399141669273376,0.9518131017684937,0.9518131017684937
0.9356223344802856,0.951779305934906,0.951779305934906
0.9356223344802856,0.9517928957939148,0.9517928957939148
0.9484978318214417,0.9517260789871216,0.9517260789871216
0.9442059993743896,0.9516738057136536,0.9516738057136536
0.9356223344802856,0.9516393542289734,0.9516393542289734
0.9356223344802856,0.951601505279541,0.951601505279541
0.9356223344802856,0.9515410661697388,0.9515410661697388
0.9313304424285889,0.9514886140823364,0.9514886140823364
