accuracy,precision,recall
0.9527897238731384,0.9923591017723083,0.9901785254478455
0.9227467775344849,0.9923414587974548,0.9901729226112366
0.9313304424285889,0.9923229813575745,0.9901666045188904
0.9399141669273376,0.9923062324523926,0.9901614189147949
0.9527897238731384,0.9922888278961182,0.9901566505432129
0.9484978318214417,0.9922685027122498,0.9901504516601562
0.9313304424285889,0.992250919342041,0.9901438355445862
0.9356223344802856,0.9922329187393188,0.9901385307312012
0.9270386099815369,0.9922142624855042,0.9901332855224609
0.9484978318214417,0.9921932220458984,0.9901242852210999
0.9313304424285889,0.992176353931427,0.9901211261749268
0.9527897238731384,0.992158055305481,0.9901140928268433
0.9484978318214417,0.992140531539917,0.990106999874115
0.9270386099815369,0.9921218156814575,0.9901004433631897
0.9442059993743896,0.9921041131019592,0.9900940656661987
0.9399141669273376,0.9920879006385803,0.9900892972946167
0.9313304424285889,0.9920680522918701,0.9900828003883362
0.9527897238731384,0.9920487999916077,0.9900770783424377
0.9313304424285889,0.9920297265052795,0.9900693893432617
0.9356223344802856,0.9920110106468201,0.9900619983673096
0.9356223344802856,0.9919930696487427,0.9900579452514648
0.9356223344802856,0.9919735193252563,0.99005126953125
0.9098712205886841,0.9919561147689819,0.9900435209274292
0.9527897238731384,0.9919403791427612,0.9900379776954651
0.9442059993743896,0.9919224381446838,0.9900330305099487
0.9356223344802856,0.9919013977050781,0.990025520324707
0.9399141669273376,0.991882860660553,0.9900193810462952
0.9270386099815369,0.9918619394302368,0.990013062953949
0.9442059993743896,0.9918433427810669,0.9900074005126953
0.9484978318214417,0.9918250441551208,0.9900027513504028
