accuracy,precision,recall
0.9227467775344849,0.947371244430542,0.947371244430542
0.9184549450874329,0.947346568107605,0.947346568107605
0.9313304424285889,0.9473103284835815,0.9473103284835815
0.9227467775344849,0.9472858309745789,0.9472858309745789
0.9313304424285889,0.9472609758377075,0.9472609758377075
0.9184549450874329,0.9472036361694336,0.9472036361694336
0.9399141669273376,0.9471794366836548,0.9471794366836548
0.9356223344802856,0.9471551179885864,0.9471551179885864
0.9184549450874329,0.9471243023872375,0.9471243023872375
0.9227467775344849,0.947106122970581,0.947106122970581
0.9356223344802856,0.9470881223678589,0.9470881223678589
0.9227467775344849,0.947054386138916,0.947054386138916
0.9313304424285889,0.9470259547233582,0.9470259547233582
0.9356223344802856,0.9469942450523376,0.9469942450523376
0.9356223344802856,0.9469460844993591,0.9469460844993591
0.9356223344802856,0.9469373226165771,0.9469373226165771
0.9313304424285889,0.9468953013420105,0.9468953013420105
0.9484978318214417,0.9468605518341064,0.9468605518341064
0.9313304424285889,0.9468207359313965,0.9468207359313965
0.9270386099815369,0.9467734098434448,0.9467734098434448
0.9270386099815369,0.946753203868866,0.946753203868866
0.9313304424285889,0.9467101097106934,0.9467101097106934
0.9184549450874329,0.9466913938522339,0.9466913938522339
0.9399141669273376,0.9466779232025146,0.9466779232025146
0.9442059993743896,0.9466332793235779,0.9466332793235779
0.9442059993743896,0.9465844631195068,0.9465844631195068
0.9399141669273376,0.9465519189834595,0.9465519189834595
0.9227467775344849,0.9465150833129883,0.9465150833129883
0.9270386099815369,0.9464781284332275,0.9464781284332275
0.9356223344802856,0.946449875831604,0.946449875831604
