accuracy,precision,recall
0.5902255773544312,0.9717268347740173,0.9584686160087585
0.5526315569877625,0.9716609716415405,0.9583192467689514
0.625,0.9715991020202637,0.9582022428512573
0.6071428656578064,0.9715409278869629,0.9580712914466858
0.5357142686843872,0.9714710116386414,0.9579331874847412
0.5930451154708862,0.9713931083679199,0.9577999114990234
0.5723684430122375,0.9713168144226074,0.9576493501663208
0.6043233275413513,0.9712397456169128,0.9574908018112183
0.5911654233932495,0.971175491809845,0.957360565662384
0.603383481502533,0.9711109399795532,0.9572270512580872
0.5845864415168762,0.9710494875907898,0.9571085572242737
0.5930451154708862,0.9709856510162354,0.9569769501686096
0.6287593841552734,0.9709232449531555,0.9568629264831543
0.6118420958518982,0.9708575010299683,0.9567396640777588
0.5996240377426147,0.9707933068275452,0.9566081762313843
0.5845864415168762,0.9707397222518921,0.9564919471740723
0.6043233275413513,0.9706661105155945,0.9563498497009277
0.6118420958518982,0.970598578453064,0.9562236666679382
0.5667293071746826,0.9705210328102112,0.9560866355895996
0.5958646535873413,0.9704575538635254,0.9559676051139832
0.6343985199928284,0.9703951478004456,0.9558460116386414
0.6184210777282715,0.9703484773635864,0.955725371837616
0.6315789222717285,0.9702973365783691,0.9556183815002441
0.5986841917037964,0.9702543616294861,0.955517590045929
0.5864661931991577,0.9701961278915405,0.9554029107093811
0.63345867395401,0.9701237678527832,0.9552762508392334
0.6362782120704651,0.9700913429260254,0.9551887512207031
0.5836465954780579,0.9700144529342651,0.9550428986549377
0.5789473652839661,0.9699427485466003,0.9549120664596558
0.6184210777282715,0.9698824882507324,0.9547967314720154
