accuracy,precision,recall
0.19548872113227844,0.9626263976097107,0.9318976402282715
0.17951127886772156,0.9625773429870605,0.9318069815635681
0.20864661037921906,0.9625335931777954,0.9317075610160828
0.18233083188533783,0.9624786376953125,0.931599497795105
0.2030075192451477,0.9624438285827637,0.9315228462219238
0.18233083188533783,0.9623850584030151,0.9314038753509521
0.19454887509346008,0.9623379707336426,0.9313141107559204
0.18703007698059082,0.9623017907142639,0.931227445602417
0.19454887509346008,0.962267279624939,0.9311357736587524
0.1964285671710968,0.9622319340705872,0.9310503005981445
0.20582707226276398,0.9621906280517578,0.9309420585632324
0.18703007698059082,0.9621606469154358,0.9308711886405945
0.2030075192451477,0.9621214866638184,0.9307823777198792
0.17293232679367065,0.9620966911315918,0.9307020902633667
0.21146616339683533,0.9620517492294312,0.9306102991104126
0.1917293220758438,0.9620253443717957,0.9305439591407776
0.18609023094177246,0.961978018283844,0.9304430484771729
0.1672932356595993,0.9619432091712952,0.930371105670929
0.1851503700017929,0.9619100093841553,0.9302998185157776
0.1738721877336502,0.9618639349937439,0.9302204251289368
0.19924812018871307,0.9618192315101624,0.9301259517669678
0.18421052396297455,0.9618001580238342,0.9300678372383118
0.21804511547088623,0.9617584347724915,0.9299784302711487
0.18609023094177246,0.9617225527763367,0.9298869371414185
0.19078947603702545,0.9616868495941162,0.9298044443130493
0.16823308169841766,0.9616419672966003,0.9297182559967041
0.19360902905464172,0.9616097807884216,0.9296501278877258
0.2030075192451477,0.9615926146507263,0.9295946955680847
0.19736842811107635,0.961557924747467,0.92950838804245
0.17669172585010529,0.9615272283554077,0.9294333457946777
