accuracy,precision,recall
0.26221805810928345,0.962744414806366,0.9337770938873291
0.27161654829978943,0.9627233147621155,0.9336967468261719
0.28665414452552795,0.9627026915550232,0.9336259961128235
0.28665414452552795,0.9626763463020325,0.9335470795631409
0.2969924807548523,0.9626507759094238,0.933475136756897
0.28947368264198303,0.9626206755638123,0.9333889484405518
0.30733081698417664,0.9626060724258423,0.9333367347717285
0.27067670226097107,0.9625845551490784,0.9332626461982727
0.24060150980949402,0.9625579714775085,0.9331900477409363
0.2857142984867096,0.9625414609909058,0.9331312775611877
0.2697368562221527,0.9625154137611389,0.9330623149871826
0.2744360864162445,0.9624893069267273,0.9329843521118164
0.3054511249065399,0.9624659419059753,0.9329146146774292
0.27349624037742615,0.9624418616294861,0.9328504800796509
0.24436090886592865,0.9624163508415222,0.9327702522277832
0.23496240377426147,0.962398886680603,0.9327036738395691
0.25,0.9623808860778809,0.9326419830322266
0.26033833622932434,0.9623684883117676,0.9325893521308899
0.2763157784938812,0.9623439908027649,0.932525098323822
0.2875939905643463,0.9623190760612488,0.9324594140052795
0.2678571343421936,0.96230149269104,0.9323940873146057
0.2791353464126587,0.9622884392738342,0.9323405027389526
0.2546992599964142,0.9622728824615479,0.9322800636291504
0.3016917407512665,0.9622657895088196,0.9322288632392883
0.26409775018692017,0.9622529149055481,0.932168185710907
0.2584586441516876,0.9622310400009155,0.9320988655090332
0.2763157784938812,0.9622076749801636,0.9320310950279236
0.27819550037384033,0.9621903896331787,0.9319727420806885
0.2678571343421936,0.9621672034263611,0.9319140315055847
0.3233082592487335,0.9621550440788269,0.9318598508834839
