accuracy,precision,recall
0.9219924807548523,0.9955430030822754,0.9915069341659546
0.8956766724586487,0.9953271150588989,0.9912629723548889
0.9078947305679321,0.9952104091644287,0.9911174774169922
0.896616518497467,0.9950106143951416,0.9908975958824158
0.9154135584831238,0.99483323097229,0.9906905889511108
0.902255654335022,0.9946014285087585,0.990430474281311
0.9116541147232056,0.9944464564323425,0.990240216255188
0.8984962701797485,0.9942600131034851,0.9900286197662354
0.9182330965995789,0.9940788149833679,0.9898221492767334
0.9144737124443054,0.9938372373580933,0.9895551204681396
0.9097744226455688,0.9937095642089844,0.9894084930419922
0.9219924807548523,0.9935784935951233,0.9892468452453613
0.9163534045219421,0.9934857487678528,0.9891306757926941
0.9210526347160339,0.9934360384941101,0.9890611171722412
0.8994361162185669,0.9932523369789124,0.988871157169342
0.9182330965995789,0.9931558966636658,0.9887494444847107
0.8994361162185669,0.9930463433265686,0.9886188507080078
0.9154135584831238,0.9929227232933044,0.9884810447692871
0.9088345766067505,0.9928082823753357,0.9883484840393066
0.9229323267936707,0.9926947355270386,0.9882264733314514
0.9229323267936707,0.9926717281341553,0.9881985783576965
0.8862782120704651,0.9925979375839233,0.9881123900413513
0.905075192451477,0.9924806952476501,0.9879679679870605
0.8984962701797485,0.9924171566963196,0.9878877997398376
0.8919172883033752,0.9923473596572876,0.9877924919128418
0.8984962701797485,0.9922669529914856,0.9877024292945862
0.9107142686843872,0.9921942353248596,0.9876129031181335
0.9041353464126587,0.9921057224273682,0.9875038266181946
0.9125939607620239,0.9920345544815063,0.987411379814148
0.9069548845291138,0.9920012354850769,0.9873718023300171
