accuracy,precision,recall
0.9116541147232056,0.9955608248710632,0.9915223121643066
0.905075192451477,0.9953435063362122,0.9912774562835693
0.9125939607620239,0.9952371120452881,0.9911428093910217
0.9088345766067505,0.9950413703918457,0.9909271001815796
0.923872172832489,0.9948620796203613,0.9907187223434448
0.9107142686843872,0.9946398735046387,0.9904686212539673
0.9191729426383972,0.9944847226142883,0.9902782440185547
0.8984962701797485,0.9942953586578369,0.9900650978088379
0.9107142686843872,0.9941110014915466,0.9898572564125061
0.9144737124443054,0.9938759803771973,0.9895973205566406
0.9182330965995789,0.9937482476234436,0.9894521236419678
0.9125939607620239,0.9936176538467407,0.9892913699150085
0.9060150384902954,0.9935230016708374,0.9891727566719055
0.9182330965995789,0.9934709072113037,0.9891005158424377
0.9154135584831238,0.9932824373245239,0.9889054298400879
0.9078947305679321,0.9931849241256714,0.9887832403182983
0.8881579041481018,0.9930688142776489,0.9886441230773926
0.9144737124443054,0.992940366268158,0.9885009527206421
0.9135338068008423,0.9928263425827026,0.9883680939674377
0.9172932505607605,0.9927186369895935,0.988254189491272
0.923872172832489,0.992694616317749,0.9882243871688843
0.9088345766067505,0.9926241636276245,0.9881421327590942
0.9125939607620239,0.9925063848495483,0.9879969358444214
0.9060150384902954,0.9924457669258118,0.9879201054573059
0.896616518497467,0.9923697113990784,0.9878169894218445
0.8947368264198303,0.992289125919342,0.9877262115478516
0.9078947305679321,0.9922163486480713,0.9876360297203064
0.9041353464126587,0.9921330809593201,0.9875321984291077
0.9031955003738403,0.9920721650123596,0.9874504208564758
0.9003759622573853,0.9920297265052795,0.9874011874198914
