accuracy,precision,recall
0.17951127886772156,0.961000919342041,0.9287896752357483
0.1672932356595993,0.960985541343689,0.9287577271461487
0.19078947603702545,0.9609639644622803,0.9287221431732178
0.1541353315114975,0.9609443545341492,0.9286866784095764
0.15789473056793213,0.9609290957450867,0.9286545515060425
0.14849624037742615,0.9609091281890869,0.9286167621612549
0.19548872113227844,0.9608917236328125,0.9285820126533508
0.15977443754673004,0.9608716368675232,0.9285517930984497
0.15037593245506287,0.9608604311943054,0.9285274147987366
0.15131579339504242,0.9608432650566101,0.9284948706626892
0.14661654829978943,0.9608244895935059,0.9284548163414001
0.1428571492433548,0.9608048796653748,0.9284199476242065
0.1428571492433548,0.9607828855514526,0.9283872842788696
0.18045112490653992,0.9607750177383423,0.9283674955368042
0.1541353315114975,0.9607579708099365,0.9283357262611389
0.17293232679367065,0.960742712020874,0.9283125400543213
0.1719924807548523,0.960726261138916,0.9282788634300232
0.18139097094535828,0.9607110619544983,0.9282506704330444
0.15695488452911377,0.9606994390487671,0.9282256960868835
0.1625939905643463,0.9606838226318359,0.9281929731369019
0.1832706779241562,0.9606698155403137,0.9281625151634216
0.16353383660316467,0.9606565833091736,0.928141176700592
0.15225563943386078,0.960632860660553,0.9281122088432312
0.1494360864162445,0.9606127142906189,0.9280787110328674
0.18609023094177246,0.9605923891067505,0.9280362725257874
0.14849624037742615,0.9605775475502014,0.9280142784118652
0.14567668735980988,0.9605578184127808,0.9279862642288208
0.20488721132278442,0.9605395197868347,0.9279518723487854
0.1654135286808014,0.9605251550674438,0.9279235601425171
0.19830827414989471,0.9605037569999695,0.9278876185417175
