accuracy,precision,recall
0.8552631735801697,0.9918240904808044,0.9871689081192017
0.8637217879295349,0.9917097687721252,0.9870273470878601
0.8674812316894531,0.9915260076522827,0.9868091344833374
0.8740601539611816,0.9913899898529053,0.9866494536399841
0.8740601539611816,0.9912301301956177,0.9864574670791626
0.8703007698059082,0.9910550713539124,0.9862660765647888
0.8609022498130798,0.990896463394165,0.9860770106315613
0.8693609237670898,0.990709662437439,0.9858642816543579
0.8740601539611816,0.9906129240989685,0.9857425689697266
0.8693609237670898,0.9904734492301941,0.9855775237083435
0.856203019618988,0.9903594851493835,0.985442578792572
0.8862782120704651,0.9902253746986389,0.9852738380432129
0.8693609237670898,0.9901251196861267,0.9851577877998352
0.8815789222717285,0.9899849891662598,0.9849780797958374
0.8919172883033752,0.9898669123649597,0.9848228693008423
0.847744345664978,0.9897093176841736,0.9846243858337402
0.8674812316894531,0.989603579044342,0.9844950437545776
0.875,0.9895184636116028,0.9843873381614685
0.8609022498130798,0.9893993139266968,0.9842410087585449
0.8825187683105469,0.9893184900283813,0.9841399192810059
0.88345867395401,0.989245593547821,0.9840521216392517
0.8646616339683533,0.9891390204429626,0.9839203953742981
0.8609022498130798,0.9890305995941162,0.9837946891784668
0.8928571343421936,0.9889292120933533,0.9836739897727966
0.8796992301940918,0.9888787269592285,0.9836049675941467
0.8712406158447266,0.9888116121292114,0.9835237860679626
0.8693609237670898,0.9887157678604126,0.9834026098251343
0.8646616339683533,0.9886547327041626,0.983322262763977
0.826127827167511,0.9885444641113281,0.9831843376159668
0.8759398460388184,0.9884494543075562,0.9830632209777832
