accuracy,precision,recall
0.817669153213501,0.9889940619468689,0.9835787415504456
0.8280075192451477,0.9887163639068604,0.983221173286438
0.8092105388641357,0.9884181022644043,0.9828490018844604
0.8110902309417725,0.9881522059440613,0.9824850559234619
0.7960526347160339,0.987896740436554,0.982140064239502
0.8157894611358643,0.9876890778541565,0.9818549156188965
0.7753759622573853,0.9873895049095154,0.9814679622650146
0.8157894611358643,0.987115204334259,0.9811325073242188
0.7932330965995789,0.9868685603141785,0.9808030128479004
0.8289473652839661,0.9866958856582642,0.9805715084075928
0.8101503849029541,0.9864032864570618,0.980209469795227
0.74154132604599,0.9862041473388672,0.9799342155456543
0.8233082890510559,0.9859681129455566,0.9796385169029236
0.8270676732063293,0.985781192779541,0.9793887138366699
0.7979323267936707,0.9855378270149231,0.9790663719177246
0.8082706928253174,0.985296905040741,0.9787507057189941
0.8016917109489441,0.9850618839263916,0.9784605503082275
0.8148496150970459,0.9849342107772827,0.9782828092575073
0.7913534045219421,0.9847263097763062,0.9780292510986328
0.8157894611358643,0.9845378994941711,0.977795422077179
0.8054511547088623,0.98436039686203,0.9775702357292175
0.8016917109489441,0.9842066168785095,0.977362334728241
0.8289473652839661,0.9840864539146423,0.9771920442581177
0.7847744226455688,0.9839374423027039,0.977010190486908
0.798872172832489,0.9838144779205322,0.9768385291099548
0.8139097690582275,0.9836673736572266,0.9766361117362976
0.7706766724586487,0.983472466468811,0.9763938784599304
0.8092105388641357,0.9833082556724548,0.9761820435523987
0.807330846786499,0.9831700921058655,0.9759824275970459
0.817669153213501,0.9830435514450073,0.9758219718933105
