accuracy,precision,recall
0.6381579041481018,0.9772812128067017,0.9674345850944519
0.6663534045219421,0.9770933985710144,0.9670664668083191
0.6560150384902954,0.9768758416175842,0.966725766658783
0.673872172832489,0.9766955375671387,0.9664300084114075
0.6616541147232056,0.9764997959136963,0.9660869836807251
0.6390977501869202,0.9763469696044922,0.9658068418502808
0.6024436354637146,0.9761529564857483,0.965438723564148
0.6682330965995789,0.9759988188743591,0.9651923179626465
0.6597744226455688,0.9758286476135254,0.9649274349212646
0.6513158082962036,0.975676953792572,0.9646532535552979
0.6625939607620239,0.9755317568778992,0.9644215703010559
0.6804511547088623,0.9754127264022827,0.9642035365104675
0.6503759622573853,0.9752373695373535,0.9639105796813965
0.6607142686843872,0.9750683903694153,0.9636492729187012
0.6287593841552734,0.9749230742454529,0.9633975028991699
0.6842105388641357,0.9747537970542908,0.963140606880188
0.6240601539611816,0.9746221899986267,0.962926983833313
0.6221804618835449,0.9744821190834045,0.962682843208313
0.6325187683105469,0.9743359684944153,0.9624418616294861
0.6625939607620239,0.9741849303245544,0.9622079133987427
0.673872172832489,0.974087655544281,0.9620382785797119
0.6560150384902954,0.9739583134651184,0.9618185758590698
0.6785714030265808,0.9737972021102905,0.9615478515625
0.6419172883033752,0.9736544489860535,0.961315393447876
0.6729323267936707,0.9735381007194519,0.9611272215843201
0.6682330965995789,0.9734240174293518,0.9609442353248596
0.6409774422645569,0.973321259021759,0.9607587456703186
0.6569548845291138,0.9732031226158142,0.9605547785758972
0.6654135584831238,0.9730838537216187,0.9603617191314697
0.6024436354637146,0.9729700684547424,0.9601651430130005
