accuracy,precision,recall
0.780075192451477,0.9817032814025879,0.9743072390556335
0.7753759622573853,0.9816009402275085,0.974163830280304
0.7857142686843872,0.9815033078193665,0.9740160703659058
0.7340225577354431,0.9814004302024841,0.9738634824752808
0.7509398460388184,0.9812800288200378,0.9736872315406799
0.7669172883033752,0.9811697602272034,0.9735337495803833
0.7781955003738403,0.9811120629310608,0.9734492301940918
0.7763158082962036,0.9810357093811035,0.9733282923698425
0.7124060392379761,0.9809188842773438,0.9731669425964355
0.7321428656578064,0.9808570742607117,0.9730669856071472
0.74154132604599,0.9807432889938354,0.9729113578796387
0.7622180581092834,0.9806311130523682,0.9727531671524048
0.7434210777282715,0.9805178642272949,0.9726005792617798
0.7697368264198303,0.9804134368896484,0.9724492430686951
0.780075192451477,0.9803223609924316,0.9723339080810547
0.777255654335022,0.9802500605583191,0.9722250699996948
0.7697368264198303,0.9801560640335083,0.9721021056175232
0.7734962701797485,0.980064868927002,0.9719749689102173
0.7744361162185669,0.9799654483795166,0.9718431830406189
0.75845867395401,0.9798781275749207,0.9717183113098145
0.7969924807548523,0.9797950983047485,0.9716117978096008
0.7781955003738403,0.9797026515007019,0.9714791774749756
0.7546992301940918,0.9796192049980164,0.9713584780693054
0.7556390762329102,0.9795225858688354,0.9712173342704773
0.7406014800071716,0.9794427156448364,0.9710931181907654
0.7622180581092834,0.9793546199798584,0.9709659814834595
0.7453007698059082,0.9792579412460327,0.9708288908004761
0.7349624037742615,0.979154109954834,0.9706807136535645
0.75845867395401,0.979083776473999,0.9705756902694702
0.7546992301940918,0.9789840579032898,0.9704289436340332
