accuracy,precision,recall
0.7321428656578064,0.978861391544342,0.970260500907898
0.7330827116966248,0.9787896275520325,0.9701428413391113
0.7189849615097046,0.9787145256996155,0.9700027704238892
0.6879699230194092,0.9785933494567871,0.9698408842086792
0.7434210777282715,0.9784877896308899,0.96968013048172
0.7274436354637146,0.9783977270126343,0.9695435762405396
0.7208646535873413,0.9782881140708923,0.9693888425827026
0.6710526347160339,0.9781930446624756,0.9692407250404358
0.7086465954780579,0.978105902671814,0.9691072106361389
0.728383481502533,0.9780118465423584,0.9689503908157349
0.7067669034004211,0.9779284000396729,0.9688177704811096
0.7171052694320679,0.9778433442115784,0.9686935544013977
0.7368420958518982,0.9777487516403198,0.9685370326042175
0.7368420958518982,0.9776715636253357,0.9684271812438965
0.7424812316894531,0.9775863885879517,0.9683057069778442
0.6654135584831238,0.9774916172027588,0.9681463837623596
0.7208646535873413,0.9774064421653748,0.9680179357528687
0.7349624037742615,0.9773011207580566,0.9678478240966797
0.728383481502533,0.9772579073905945,0.9677671790122986
0.7265037298202515,0.9771901369094849,0.9676547050476074
0.7142857313156128,0.9770960211753845,0.9675227999687195
0.7321428656578064,0.9770351648330688,0.9674190282821655
0.728383481502533,0.9769759178161621,0.9673264622688293
0.7424812316894531,0.9768979549407959,0.9671996831893921
0.7265037298202515,0.9767929315567017,0.9670426845550537
0.7189849615097046,0.9766831398010254,0.9668839573860168
0.7048872113227844,0.9766044616699219,0.966756284236908
0.7142857313156128,0.976524829864502,0.9666360020637512
0.7255638837814331,0.9764357209205627,0.9665040373802185
0.7575187683105469,0.9763666987419128,0.9663982391357422
