accuracy,precision,recall
0.6099624037742615,0.9738336205482483,0.9622631072998047
0.6090225577354431,0.9737566709518433,0.9621202945709229
0.6080827116966248,0.9736704230308533,0.961965799331665
0.6315789222717285,0.9735800623893738,0.9618223905563354
0.6381579041481018,0.9734880924224854,0.9616549015045166
0.6400375962257385,0.973410427570343,0.9615187048912048
0.6353383660316467,0.9733548164367676,0.9614063501358032
0.6484962701797485,0.973278284072876,0.9612776637077332
0.6691729426383972,0.9731980562210083,0.961145281791687
0.6654135584831238,0.9731158018112183,0.9610084295272827
0.6635338068008423,0.973044216632843,0.9608674049377441
0.652255654335022,0.972983181476593,0.9607477784156799
0.6287593841552734,0.9728884100914001,0.9605897068977356
0.6259398460388184,0.9728322625160217,0.9604685306549072
0.6447368264198303,0.9727513790130615,0.9603189826011658
0.6268796920776367,0.9726871252059937,0.9602054357528687
0.6390977501869202,0.9726021885871887,0.9600660800933838
0.682330846786499,0.9725357294082642,0.9599453210830688
0.6447368264198303,0.9724656343460083,0.9598116278648376
0.6259398460388184,0.9724052548408508,0.9597012996673584
0.6757518649101257,0.9723553657531738,0.9596107602119446
0.6625939607620239,0.9722838401794434,0.9594917297363281
0.6118420958518982,0.97221440076828,0.9593748450279236
0.6663534045219421,0.9721474647521973,0.9592708349227905
0.6278195381164551,0.9720864295959473,0.9591478705406189
0.606203019618988,0.9720273017883301,0.9590359926223755
0.6456766724586487,0.9719616174697876,0.9589176177978516
0.646616518497467,0.9719071388244629,0.958820104598999
0.6654135584831238,0.9718371033668518,0.9586972594261169
0.6832706928253174,0.9717760682106018,0.9585798978805542
