accuracy,precision,recall
0.8454935550689697,0.7122313380241394,0.7122309803962708
0.6738197207450867,0.7121014595031738,0.7121010422706604
0.729613721370697,0.7119583487510681,0.7119579315185547
0.5665236115455627,0.7119369506835938,0.7119364738464355
0.7854077219963074,0.7116860151290894,0.7116855978965759
0.8540772795677185,0.711479663848877,0.711479127407074
0.6952789425849915,0.7114042043685913,0.7114037275314331
0.8454935550689697,0.7112607955932617,0.7112603187561035
0.7768240571022034,0.7110629081726074,0.7110624313354492
0.7896995544433594,0.7109307050704956,0.7109302282333374
0.6738197207450867,0.7107946872711182,0.71079421043396
0.7467811107635498,0.7107318043708801,0.7107312679290771
0.7124463319778442,0.7105156779289246,0.7105151414871216
0.6695278882980347,0.7104228734970093,0.7104223966598511
0.8454935550689697,0.710417628288269,0.7104171514511108
0.6866952776908875,0.7103114128112793,0.7103109359741211
0.6909871101379395,0.7101742029190063,0.7101737260818481
0.7467811107635498,0.7100400924682617,0.7100395560264587
0.7467811107635498,0.709852397441864,0.709851861000061
0.6995708346366882,0.709688127040863,0.7096875905990601
0.5150214433670044,0.7094945311546326,0.7094939947128296
0.7854077219963074,0.7093515396118164,0.7093510627746582
0.6394850015640259,0.7092833518981934,0.7092828154563904
0.7081544995307922,0.7090983390808105,0.7090978622436523
0.7811158895492554,0.7090028524398804,0.7090023756027222
0.729613721370697,0.7088798880577087,0.7088793516159058
0.6824034452438354,0.7087453603744507,0.7087448835372925
0.6952789425849915,0.7085930109024048,0.7085924744606018
0.8454935550689697,0.7085398435592651,0.7085394263267517
0.6695278882980347,0.7085322737693787,0.7085317969322205
