accuracy,precision,recall
0.7896995544433594,0.697993278503418,0.697992742061615
0.5150214433670044,0.6979665160179138,0.6979659795761108
0.5321888327598572,0.6979228258132935,0.6979221701622009
0.545064389705658,0.6978645324707031,0.6978639364242554
0.497854083776474,0.6977910399436951,0.6977905035018921
0.6266094446182251,0.6977794766426086,0.6977788805961609
0.716738224029541,0.6977474689483643,0.6977468729019165
0.540772557258606,0.6977155208587646,0.6977149248123169
0.6266094446182251,0.6976983547210693,0.6976977586746216
0.6094420552253723,0.6976728439331055,0.6976723670959473
0.7639485001564026,0.6976550817489624,0.6976545453071594
0.7854077219963074,0.6976197361946106,0.6976191997528076
0.8197425007820129,0.6976016163825989,0.6976010799407959
0.6609442234039307,0.6975650191307068,0.6975645422935486
0.497854083776474,0.6975212097167969,0.6975206732749939
0.6738197207450867,0.6974401473999023,0.6974394917488098
0.729613721370697,0.6974499821662903,0.6974494457244873
0.716738224029541,0.6974377036094666,0.6974371075630188
0.6394850015640259,0.6974151134490967,0.6974145174026489
0.7725321650505066,0.6973685026168823,0.6973678469657898
0.6223176121711731,0.6973137259483337,0.6973130702972412
0.30901288986206055,0.697274923324585,0.6972743272781372
0.5064377784729004,0.6972439289093018,0.6972432732582092
0.5922746658325195,0.6971769332885742,0.6971763372421265
0.3905579447746277,0.6971644163131714,0.6971638202667236
0.6609442234039307,0.6971664428710938,0.697165846824646
0.42918455600738525,0.6971884965896606,0.6971879005432129
0.5622317790985107,0.6971297860145569,0.6971291303634644
0.6824034452438354,0.6971169114112854,0.6971163153648376
0.6824034452438354,0.6970540285110474,0.6970534920692444
