accuracy,precision,recall
0.716738224029541,0.7337372899055481,0.7337371706962585
0.716738224029541,0.7332537770271301,0.7332537174224854
0.7424892783164978,0.7329068183898926,0.7329067587852478
0.6309012770652771,0.7324589490890503,0.7324588894844055
0.7982832789421082,0.7321295142173767,0.7321293950080872
0.8497853875160217,0.7318580150604248,0.7318578958511353
0.8540772795677185,0.7317495942115784,0.7317495942115784
0.7424892783164978,0.7314869165420532,0.7314867973327637
0.8540772795677185,0.7312074899673462,0.7312074899673462
0.6824034452438354,0.7309280633926392,0.7309279441833496
0.7896995544433594,0.7305195331573486,0.7305194139480591
0.8240343332290649,0.7302920818328857,0.7302919030189514
0.8626609444618225,0.7300883531570435,0.7300882935523987
0.5622317790985107,0.7298026084899902,0.7298025488853455
0.8197425007820129,0.7295352220535278,0.7295351028442383
0.8669527769088745,0.7292055487632751,0.7292055487632751
0.7982832789421082,0.7289413213729858,0.7289412617683411
0.6266094446182251,0.7286456823348999,0.7286456227302551
0.716738224029541,0.7283743023872375,0.7283742427825928
0.7939913868904114,0.7280571460723877,0.7280570864677429
0.545064389705658,0.7275984883308411,0.7275984883308411
0.6309012770652771,0.7272293567657471,0.7272292971611023
0.5236051678657532,0.726902961730957,0.7269029021263123
0.6995708346366882,0.7266215085983276,0.7266214489936829
0.7381974458694458,0.7265288829803467,0.7265288233757019
0.6824034452438354,0.7263083457946777,0.7263082265853882
0.5665236115455627,0.7261852622032166,0.7261852025985718
0.497854083776474,0.725944459438324,0.7259443998336792
0.4721029996871948,0.7257081866264343,0.7257081866264343
0.6094420552253723,0.7254040241241455,0.7254039645195007
